{"$type":"System.Collections.Generic.List`1[[Sitecore.Commerce.Plugin.Catalog.RelationshipArgument, Sitecore.Commerce.Plugin.Catalog]], mscorlib","$values":[{"$type":"Sitecore.Commerce.Plugin.Catalog.RelationshipArgument, Sitecore.Commerce.Plugin.Catalog","SourceName":"Entity-Category-HabitatHome_Master-Cameras","TargetName":"Entity-SellableItem-7042144","RelationshipType":"CategoryToSellableItem"},{"$type":"Sitecore.Commerce.Plugin.Catalog.RelationshipArgument, Sitecore.Commerce.Plugin.Catalog","SourceName":"Entity-Category-HabitatHome_Master-Camera Accessories","TargetName":"Entity-SellableItem-7042144","RelationshipType":"CategoryToSellableItem"},{"$type":"Sitecore.Commerce.Plugin.Catalog.RelationshipArgument, Sitecore.Commerce.Plugin.Catalog","SourceName":"Entity-SellableItem-7042144","TargetName":"Entity-SellableItem-6042064","RelationshipType":"RelatedProduct"},{"$type":"Sitecore.Commerce.Plugin.Catalog.RelationshipArgument, Sitecore.Commerce.Plugin.Catalog","SourceName":"Entity-SellableItem-7042144","TargetName":"Entity-SellableItem-7042082","RelationshipType":"RelatedProduct"},{"$type":"Sitecore.Commerce.Plugin.Catalog.RelationshipArgument, Sitecore.Commerce.Plugin.Catalog","SourceName":"Entity-SellableItem-7042144","TargetName":"Entity-SellableItem-6042183","RelationshipType":"RelatedProduct"},{"$type":"Sitecore.Commerce.Plugin.Catalog.RelationshipArgument, Sitecore.Commerce.Plugin.Catalog","SourceName":"Entity-SellableItem-7042144","TargetName":"Entity-SellableItem-6042962","RelationshipType":"RelatedProduct"},{"$type":"Sitecore.Commerce.Plugin.Catalog.RelationshipArgument, Sitecore.Commerce.Plugin.Catalog","SourceName":"Entity-SellableItem-7042144","TargetName":"Entity-SellableItem-6042963","RelationshipType":"RelatedProduct"},{"$type":"Sitecore.Commerce.Plugin.Catalog.RelationshipArgument, Sitecore.Commerce.Plugin.Catalog","SourceName":"Entity-SellableItem-7042144","TargetName":"Entity-SellableItem-6042430","RelationshipType":"RelatedProduct"},{"$type":"Sitecore.Commerce.Plugin.Catalog.RelationshipArgument, Sitecore.Commerce.Plugin.Catalog","SourceName":"Entity-SellableItem-7042144","TargetName":"Entity-SellableItem-6042986","RelationshipType":"RelatedProduct"},{"$type":"Sitecore.Commerce.Plugin.Catalog.RelationshipArgument, Sitecore.Commerce.Plugin.Catalog","SourceName":"Entity-SellableItem-7042144","TargetName":"Entity-SellableItem-6042886","RelationshipType":"RelatedProduct"},{"$type":"Sitecore.Commerce.Plugin.Catalog.RelationshipArgument, Sitecore.Commerce.Plugin.Catalog","SourceName":"Entity-SellableItem-7042144","TargetName":"Entity-SellableItem-6042402","RelationshipType":"RelatedProduct"},{"$type":"Sitecore.Commerce.Plugin.Catalog.RelationshipArgument, Sitecore.Commerce.Plugin.Catalog","SourceName":"Entity-SellableItem-7042144","TargetName":"Entity-SellableItem-6042325","RelationshipType":"RelatedProduct"},{"$type":"Sitecore.Commerce.Plugin.Catalog.RelationshipArgument, Sitecore.Commerce.Plugin.Catalog","SourceName":"Entity-SellableItem-7042144","TargetName":"Entity-SellableItem-6042283","RelationshipType":"RelatedProduct"},{"$type":"Sitecore.Commerce.Plugin.Catalog.RelationshipArgument, Sitecore.Commerce.Plugin.Catalog","SourceName":"Entity-Category-HabitatHome_Master-Camera Accessories","TargetName":"Entity-SellableItem-7042145","RelationshipType":"CategoryToSellableItem"},{"$type":"Sitecore.Commerce.Plugin.Catalog.RelationshipArgument, Sitecore.Commerce.Plugin.Catalog","SourceName":"Entity-Category-HabitatHome_Master-Cameras","TargetName":"Entity-SellableItem-7042145","RelationshipType":"CategoryToSellableItem"},{"$type":"Sitecore.Commerce.Plugin.Catalog.RelationshipArgument, Sitecore.Commerce.Plugin.Catalog","SourceName":"Entity-SellableItem-7042145","TargetName":"Entity-SellableItem-6042064","RelationshipType":"RelatedProduct"},{"$type":"Sitecore.Commerce.Plugin.Catalog.RelationshipArgument, Sitecore.Commerce.Plugin.Catalog","SourceName":"Entity-SellableItem-7042145","TargetName":"Entity-SellableItem-7042082","RelationshipType":"RelatedProduct"},{"$type":"Sitecore.Commerce.Plugin.Catalog.RelationshipArgument, Sitecore.Commerce.Plugin.Catalog","SourceName":"Entity-SellableItem-7042145","TargetName":"Entity-SellableItem-6042183","RelationshipType":"RelatedProduct"},{"$type":"Sitecore.Commerce.Plugin.Catalog.RelationshipArgument, Sitecore.Commerce.Plugin.Catalog","SourceName":"Entity-SellableItem-7042145","TargetName":"Entity-SellableItem-6042962","RelationshipType":"RelatedProduct"},{"$type":"Sitecore.Commerce.Plugin.Catalog.RelationshipArgument, Sitecore.Commerce.Plugin.Catalog","SourceName":"Entity-SellableItem-7042145","TargetName":"Entity-SellableItem-6042963","RelationshipType":"RelatedProduct"},{"$type":"Sitecore.Commerce.Plugin.Catalog.RelationshipArgument, Sitecore.Commerce.Plugin.Catalog","SourceName":"Entity-SellableItem-7042145","TargetName":"Entity-SellableItem-6042430","RelationshipType":"RelatedProduct"},{"$type":"Sitecore.Commerce.Plugin.Catalog.RelationshipArgument, Sitecore.Commerce.Plugin.Catalog","SourceName":"Entity-SellableItem-7042145","TargetName":"Entity-SellableItem-6042986","RelationshipType":"RelatedProduct"},{"$type":"Sitecore.Commerce.Plugin.Catalog.RelationshipArgument, Sitecore.Commerce.Plugin.Catalog","SourceName":"Entity-SellableItem-7042145","TargetName":"Entity-SellableItem-6042886","RelationshipType":"RelatedProduct"},{"$type":"Sitecore.Commerce.Plugin.Catalog.RelationshipArgument, Sitecore.Commerce.Plugin.Catalog","SourceName":"Entity-SellableItem-7042145","TargetName":"Entity-SellableItem-6042402","RelationshipType":"RelatedProduct"},{"$type":"Sitecore.Commerce.Plugin.Catalog.RelationshipArgument, Sitecore.Commerce.Plugin.Catalog","SourceName":"Entity-SellableItem-7042145","TargetName":"Entity-SellableItem-6042325","RelationshipType":"RelatedProduct"},{"$type":"Sitecore.Commerce.Plugin.Catalog.RelationshipArgument, Sitecore.Commerce.Plugin.Catalog","SourceName":"Entity-SellableItem-7042145","TargetName":"Entity-SellableItem-6042283","RelationshipType":"RelatedProduct"},{"$type":"Sitecore.Commerce.Plugin.Catalog.RelationshipArgument, Sitecore.Commerce.Plugin.Catalog","SourceName":"Entity-Category-HabitatHome_Master-Cameras","TargetName":"Entity-SellableItem-7042146","RelationshipType":"CategoryToSellableItem"},{"$type":"Sitecore.Commerce.Plugin.Catalog.RelationshipArgument, Sitecore.Commerce.Plugin.Catalog","SourceName":"Entity-Category-HabitatHome_Master-Camera Accessories","TargetName":"Entity-SellableItem-7042146","RelationshipType":"CategoryToSellableItem"},{"$type":"Sitecore.Commerce.Plugin.Catalog.RelationshipArgument, Sitecore.Commerce.Plugin.Catalog","SourceName":"Entity-SellableItem-7042146","TargetName":"Entity-SellableItem-6042064","RelationshipType":"RelatedProduct"},{"$type":"Sitecore.Commerce.Plugin.Catalog.RelationshipArgument, Sitecore.Commerce.Plugin.Catalog","SourceName":"Entity-SellableItem-7042146","TargetName":"Entity-SellableItem-7042082","RelationshipType":"RelatedProduct"},{"$type":"Sitecore.Commerce.Plugin.Catalog.RelationshipArgument, Sitecore.Commerce.Plugin.Catalog","SourceName":"Entity-SellableItem-7042146","TargetName":"Entity-SellableItem-6042183","RelationshipType":"RelatedProduct"},{"$type":"Sitecore.Commerce.Plugin.Catalog.RelationshipArgument, Sitecore.Commerce.Plugin.Catalog","SourceName":"Entity-SellableItem-7042146","TargetName":"Entity-SellableItem-6042962","RelationshipType":"RelatedProduct"},{"$type":"Sitecore.Commerce.Plugin.Catalog.RelationshipArgument, Sitecore.Commerce.Plugin.Catalog","SourceName":"Entity-SellableItem-7042146","TargetName":"Entity-SellableItem-6042963","RelationshipType":"RelatedProduct"},{"$type":"Sitecore.Commerce.Plugin.Catalog.RelationshipArgument, Sitecore.Commerce.Plugin.Catalog","SourceName":"Entity-SellableItem-7042146","TargetName":"Entity-SellableItem-6042430","RelationshipType":"RelatedProduct"},{"$type":"Sitecore.Commerce.Plugin.Catalog.RelationshipArgument, Sitecore.Commerce.Plugin.Catalog","SourceName":"Entity-SellableItem-7042146","TargetName":"Entity-SellableItem-6042986","RelationshipType":"RelatedProduct"},{"$type":"Sitecore.Commerce.Plugin.Catalog.RelationshipArgument, Sitecore.Commerce.Plugin.Catalog","SourceName":"Entity-SellableItem-7042146","TargetName":"Entity-SellableItem-6042886","RelationshipType":"RelatedProduct"},{"$type":"Sitecore.Commerce.Plugin.Catalog.RelationshipArgument, Sitecore.Commerce.Plugin.Catalog","SourceName":"Entity-SellableItem-7042146","TargetName":"Entity-SellableItem-6042402","RelationshipType":"RelatedProduct"},{"$type":"Sitecore.Commerce.Plugin.Catalog.RelationshipArgument, Sitecore.Commerce.Plugin.Catalog","SourceName":"Entity-SellableItem-7042146","TargetName":"Entity-SellableItem-6042325","RelationshipType":"RelatedProduct"},{"$type":"Sitecore.Commerce.Plugin.Catalog.RelationshipArgument, Sitecore.Commerce.Plugin.Catalog","SourceName":"Entity-SellableItem-7042146","TargetName":"Entity-SellableItem-6042283","RelationshipType":"RelatedProduct"},{"$type":"Sitecore.Commerce.Plugin.Catalog.RelationshipArgument, Sitecore.Commerce.Plugin.Catalog","SourceName":"Entity-Category-HabitatHome_Master-Camera Accessories","TargetName":"Entity-SellableItem-7042147","RelationshipType":"CategoryToSellableItem"},{"$type":"Sitecore.Commerce.Plugin.Catalog.RelationshipArgument, Sitecore.Commerce.Plugin.Catalog","SourceName":"Entity-Category-HabitatHome_Master-Cameras","TargetName":"Entity-SellableItem-7042147","RelationshipType":"CategoryToSellableItem"},{"$type":"Sitecore.Commerce.Plugin.Catalog.RelationshipArgument, Sitecore.Commerce.Plugin.Catalog","SourceName":"Entity-SellableItem-7042147","TargetName":"Entity-SellableItem-6042064","RelationshipType":"RelatedProduct"},{"$type":"Sitecore.Commerce.Plugin.Catalog.RelationshipArgument, Sitecore.Commerce.Plugin.Catalog","SourceName":"Entity-SellableItem-7042147","TargetName":"Entity-SellableItem-7042082","RelationshipType":"RelatedProduct"},{"$type":"Sitecore.Commerce.Plugin.Catalog.RelationshipArgument, Sitecore.Commerce.Plugin.Catalog","SourceName":"Entity-SellableItem-7042147","TargetName":"Entity-SellableItem-6042183","RelationshipType":"RelatedProduct"},{"$type":"Sitecore.Commerce.Plugin.Catalog.RelationshipArgument, Sitecore.Commerce.Plugin.Catalog","SourceName":"Entity-SellableItem-7042147","TargetName":"Entity-SellableItem-6042962","RelationshipType":"RelatedProduct"},{"$type":"Sitecore.Commerce.Plugin.Catalog.RelationshipArgument, Sitecore.Commerce.Plugin.Catalog","SourceName":"Entity-SellableItem-7042147","TargetName":"Entity-SellableItem-6042963","RelationshipType":"RelatedProduct"},{"$type":"Sitecore.Commerce.Plugin.Catalog.RelationshipArgument, Sitecore.Commerce.Plugin.Catalog","SourceName":"Entity-SellableItem-7042147","TargetName":"Entity-SellableItem-6042430","RelationshipType":"RelatedProduct"},{"$type":"Sitecore.Commerce.Plugin.Catalog.RelationshipArgument, Sitecore.Commerce.Plugin.Catalog","SourceName":"Entity-SellableItem-7042147","TargetName":"Entity-SellableItem-6042986","RelationshipType":"RelatedProduct"},{"$type":"Sitecore.Commerce.Plugin.Catalog.RelationshipArgument, Sitecore.Commerce.Plugin.Catalog","SourceName":"Entity-SellableItem-7042147","TargetName":"Entity-SellableItem-6042886","RelationshipType":"RelatedProduct"},{"$type":"Sitecore.Commerce.Plugin.Catalog.RelationshipArgument, Sitecore.Commerce.Plugin.Catalog","SourceName":"Entity-SellableItem-7042147","TargetName":"Entity-SellableItem-6042402","RelationshipType":"RelatedProduct"},{"$type":"Sitecore.Commerce.Plugin.Catalog.RelationshipArgument, Sitecore.Commerce.Plugin.Catalog","SourceName":"Entity-SellableItem-7042147","TargetName":"Entity-SellableItem-6042325","RelationshipType":"RelatedProduct"},{"$type":"Sitecore.Commerce.Plugin.Catalog.RelationshipArgument, Sitecore.Commerce.Plugin.Catalog","SourceName":"Entity-SellableItem-7042147","TargetName":"Entity-SellableItem-6042283","RelationshipType":"RelatedProduct"},{"$type":"Sitecore.Commerce.Plugin.Catalog.RelationshipArgument, Sitecore.Commerce.Plugin.Catalog","SourceName":"Entity-Category-HabitatHome_Master-Cameras","TargetName":"Entity-SellableItem-7042148","RelationshipType":"CategoryToSellableItem"},{"$type":"Sitecore.Commerce.Plugin.Catalog.RelationshipArgument, Sitecore.Commerce.Plugin.Catalog","SourceName":"Entity-Category-HabitatHome_Master-Camera Accessories","TargetName":"Entity-SellableItem-7042148","RelationshipType":"CategoryToSellableItem"},{"$type":"Sitecore.Commerce.Plugin.Catalog.RelationshipArgument, Sitecore.Commerce.Plugin.Catalog","SourceName":"Entity-SellableItem-7042148","TargetName":"Entity-SellableItem-6042064","RelationshipType":"RelatedProduct"},{"$type":"Sitecore.Commerce.Plugin.Catalog.RelationshipArgument, Sitecore.Commerce.Plugin.Catalog","SourceName":"Entity-SellableItem-7042148","TargetName":"Entity-SellableItem-7042082","RelationshipType":"RelatedProduct"},{"$type":"Sitecore.Commerce.Plugin.Catalog.RelationshipArgument, Sitecore.Commerce.Plugin.Catalog","SourceName":"Entity-SellableItem-7042148","TargetName":"Entity-SellableItem-6042183","RelationshipType":"RelatedProduct"},{"$type":"Sitecore.Commerce.Plugin.Catalog.RelationshipArgument, Sitecore.Commerce.Plugin.Catalog","SourceName":"Entity-SellableItem-7042148","TargetName":"Entity-SellableItem-6042962","RelationshipType":"RelatedProduct"},{"$type":"Sitecore.Commerce.Plugin.Catalog.RelationshipArgument, Sitecore.Commerce.Plugin.Catalog","SourceName":"Entity-SellableItem-7042148","TargetName":"Entity-SellableItem-6042963","RelationshipType":"RelatedProduct"},{"$type":"Sitecore.Commerce.Plugin.Catalog.RelationshipArgument, Sitecore.Commerce.Plugin.Catalog","SourceName":"Entity-SellableItem-7042148","TargetName":"Entity-SellableItem-6042430","RelationshipType":"RelatedProduct"},{"$type":"Sitecore.Commerce.Plugin.Catalog.RelationshipArgument, Sitecore.Commerce.Plugin.Catalog","SourceName":"Entity-SellableItem-7042148","TargetName":"Entity-SellableItem-6042986","RelationshipType":"RelatedProduct"},{"$type":"Sitecore.Commerce.Plugin.Catalog.RelationshipArgument, Sitecore.Commerce.Plugin.Catalog","SourceName":"Entity-SellableItem-7042148","TargetName":"Entity-SellableItem-6042886","RelationshipType":"RelatedProduct"},{"$type":"Sitecore.Commerce.Plugin.Catalog.RelationshipArgument, Sitecore.Commerce.Plugin.Catalog","SourceName":"Entity-SellableItem-7042148","TargetName":"Entity-SellableItem-6042402","RelationshipType":"RelatedProduct"},{"$type":"Sitecore.Commerce.Plugin.Catalog.RelationshipArgument, Sitecore.Commerce.Plugin.Catalog","SourceName":"Entity-SellableItem-7042148","TargetName":"Entity-SellableItem-6042325","RelationshipType":"RelatedProduct"},{"$type":"Sitecore.Commerce.Plugin.Catalog.RelationshipArgument, Sitecore.Commerce.Plugin.Catalog","SourceName":"Entity-SellableItem-7042148","TargetName":"Entity-SellableItem-6042283","RelationshipType":"RelatedProduct"},{"$type":"Sitecore.Commerce.Plugin.Catalog.RelationshipArgument, Sitecore.Commerce.Plugin.Catalog","SourceName":"Entity-Category-HabitatHome_Master-Camera Accessories","TargetName":"Entity-SellableItem-7042149","RelationshipType":"CategoryToSellableItem"},{"$type":"Sitecore.Commerce.Plugin.Catalog.RelationshipArgument, Sitecore.Commerce.Plugin.Catalog","SourceName":"Entity-Category-HabitatHome_Master-Cameras","TargetName":"Entity-SellableItem-7042149","RelationshipType":"CategoryToSellableItem"},{"$type":"Sitecore.Commerce.Plugin.Catalog.RelationshipArgument, Sitecore.Commerce.Plugin.Catalog","SourceName":"Entity-SellableItem-7042149","TargetName":"Entity-SellableItem-6042064","RelationshipType":"RelatedProduct"},{"$type":"Sitecore.Commerce.Plugin.Catalog.RelationshipArgument, Sitecore.Commerce.Plugin.Catalog","SourceName":"Entity-SellableItem-7042149","TargetName":"Entity-SellableItem-7042082","RelationshipType":"RelatedProduct"},{"$type":"Sitecore.Commerce.Plugin.Catalog.RelationshipArgument, Sitecore.Commerce.Plugin.Catalog","SourceName":"Entity-SellableItem-7042149","TargetName":"Entity-SellableItem-6042183","RelationshipType":"RelatedProduct"},{"$type":"Sitecore.Commerce.Plugin.Catalog.RelationshipArgument, Sitecore.Commerce.Plugin.Catalog","SourceName":"Entity-SellableItem-7042149","TargetName":"Entity-SellableItem-6042962","RelationshipType":"RelatedProduct"},{"$type":"Sitecore.Commerce.Plugin.Catalog.RelationshipArgument, Sitecore.Commerce.Plugin.Catalog","SourceName":"Entity-SellableItem-7042149","TargetName":"Entity-SellableItem-6042963","RelationshipType":"RelatedProduct"},{"$type":"Sitecore.Commerce.Plugin.Catalog.RelationshipArgument, Sitecore.Commerce.Plugin.Catalog","SourceName":"Entity-SellableItem-7042149","TargetName":"Entity-SellableItem-6042430","RelationshipType":"RelatedProduct"},{"$type":"Sitecore.Commerce.Plugin.Catalog.RelationshipArgument, Sitecore.Commerce.Plugin.Catalog","SourceName":"Entity-SellableItem-7042149","TargetName":"Entity-SellableItem-6042986","RelationshipType":"RelatedProduct"},{"$type":"Sitecore.Commerce.Plugin.Catalog.RelationshipArgument, Sitecore.Commerce.Plugin.Catalog","SourceName":"Entity-SellableItem-7042149","TargetName":"Entity-SellableItem-6042886","RelationshipType":"RelatedProduct"},{"$type":"Sitecore.Commerce.Plugin.Catalog.RelationshipArgument, Sitecore.Commerce.Plugin.Catalog","SourceName":"Entity-SellableItem-7042149","TargetName":"Entity-SellableItem-6042402","RelationshipType":"RelatedProduct"},{"$type":"Sitecore.Commerce.Plugin.Catalog.RelationshipArgument, Sitecore.Commerce.Plugin.Catalog","SourceName":"Entity-SellableItem-7042149","TargetName":"Entity-SellableItem-6042325","RelationshipType":"RelatedProduct"},{"$type":"Sitecore.Commerce.Plugin.Catalog.RelationshipArgument, Sitecore.Commerce.Plugin.Catalog","SourceName":"Entity-SellableItem-7042149","TargetName":"Entity-SellableItem-6042283","RelationshipType":"RelatedProduct"},{"$type":"Sitecore.Commerce.Plugin.Catalog.RelationshipArgument, Sitecore.Commerce.Plugin.Catalog","SourceName":"Entity-Category-HabitatHome_Master-Cameras","TargetName":"Entity-SellableItem-7042150","RelationshipType":"CategoryToSellableItem"},{"$type":"Sitecore.Commerce.Plugin.Catalog.RelationshipArgument, Sitecore.Commerce.Plugin.Catalog","SourceName":"Entity-Category-HabitatHome_Master-Camera Accessories","TargetName":"Entity-SellableItem-7042150","RelationshipType":"CategoryToSellableItem"},{"$type":"Sitecore.Commerce.Plugin.Catalog.RelationshipArgument, Sitecore.Commerce.Plugin.Catalog","SourceName":"Entity-SellableItem-7042150","TargetName":"Entity-SellableItem-6042064","RelationshipType":"RelatedProduct"},{"$type":"Sitecore.Commerce.Plugin.Catalog.RelationshipArgument, Sitecore.Commerce.Plugin.Catalog","SourceName":"Entity-SellableItem-7042150","TargetName":"Entity-SellableItem-7042082","RelationshipType":"RelatedProduct"},{"$type":"Sitecore.Commerce.Plugin.Catalog.RelationshipArgument, Sitecore.Commerce.Plugin.Catalog","SourceName":"Entity-SellableItem-7042150","TargetName":"Entity-SellableItem-6042183","RelationshipType":"RelatedProduct"},{"$type":"Sitecore.Commerce.Plugin.Catalog.RelationshipArgument, Sitecore.Commerce.Plugin.Catalog","SourceName":"Entity-SellableItem-7042150","TargetName":"Entity-SellableItem-6042962","RelationshipType":"RelatedProduct"},{"$type":"Sitecore.Commerce.Plugin.Catalog.RelationshipArgument, Sitecore.Commerce.Plugin.Catalog","SourceName":"Entity-SellableItem-7042150","TargetName":"Entity-SellableItem-6042963","RelationshipType":"RelatedProduct"},{"$type":"Sitecore.Commerce.Plugin.Catalog.RelationshipArgument, Sitecore.Commerce.Plugin.Catalog","SourceName":"Entity-SellableItem-7042150","TargetName":"Entity-SellableItem-6042430","RelationshipType":"RelatedProduct"},{"$type":"Sitecore.Commerce.Plugin.Catalog.RelationshipArgument, Sitecore.Commerce.Plugin.Catalog","SourceName":"Entity-SellableItem-7042150","TargetName":"Entity-SellableItem-6042986","RelationshipType":"RelatedProduct"},{"$type":"Sitecore.Commerce.Plugin.Catalog.RelationshipArgument, Sitecore.Commerce.Plugin.Catalog","SourceName":"Entity-SellableItem-7042150","TargetName":"Entity-SellableItem-6042886","RelationshipType":"RelatedProduct"},{"$type":"Sitecore.Commerce.Plugin.Catalog.RelationshipArgument, Sitecore.Commerce.Plugin.Catalog","SourceName":"Entity-SellableItem-7042150","TargetName":"Entity-SellableItem-6042402","RelationshipType":"RelatedProduct"},{"$type":"Sitecore.Commerce.Plugin.Catalog.RelationshipArgument, Sitecore.Commerce.Plugin.Catalog","SourceName":"Entity-SellableItem-7042150","TargetName":"Entity-SellableItem-6042325","RelationshipType":"RelatedProduct"},{"$type":"Sitecore.Commerce.Plugin.Catalog.RelationshipArgument, Sitecore.Commerce.Plugin.Catalog","SourceName":"Entity-SellableItem-7042150","TargetName":"Entity-SellableItem-6042283","RelationshipType":"RelatedProduct"},{"$type":"Sitecore.Commerce.Plugin.Catalog.RelationshipArgument, Sitecore.Commerce.Plugin.Catalog","SourceName":"Entity-Category-HabitatHome_Master-Camera Accessories","TargetName":"Entity-SellableItem-7042151","RelationshipType":"CategoryToSellableItem"},{"$type":"Sitecore.Commerce.Plugin.Catalog.RelationshipArgument, Sitecore.Commerce.Plugin.Catalog","SourceName":"Entity-Category-HabitatHome_Master-Cameras","TargetName":"Entity-SellableItem-7042151","RelationshipType":"CategoryToSellableItem"},{"$type":"Sitecore.Commerce.Plugin.Catalog.RelationshipArgument, Sitecore.Commerce.Plugin.Catalog","SourceName":"Entity-SellableItem-7042151","TargetName":"Entity-SellableItem-6042064","RelationshipType":"RelatedProduct"},{"$type":"Sitecore.Commerce.Plugin.Catalog.RelationshipArgument, Sitecore.Commerce.Plugin.Catalog","SourceName":"Entity-SellableItem-7042151","TargetName":"Entity-SellableItem-7042082","RelationshipType":"RelatedProduct"},{"$type":"Sitecore.Commerce.Plugin.Catalog.RelationshipArgument, Sitecore.Commerce.Plugin.Catalog","SourceName":"Entity-SellableItem-7042151","TargetName":"Entity-SellableItem-6042183","RelationshipType":"RelatedProduct"},{"$type":"Sitecore.Commerce.Plugin.Catalog.RelationshipArgument, Sitecore.Commerce.Plugin.Catalog","SourceName":"Entity-SellableItem-7042151","TargetName":"Entity-SellableItem-6042962","RelationshipType":"RelatedProduct"},{"$type":"Sitecore.Commerce.Plugin.Catalog.RelationshipArgument, Sitecore.Commerce.Plugin.Catalog","SourceName":"Entity-SellableItem-7042151","TargetName":"Entity-SellableItem-6042963","RelationshipType":"RelatedProduct"},{"$type":"Sitecore.Commerce.Plugin.Catalog.RelationshipArgument, Sitecore.Commerce.Plugin.Catalog","SourceName":"Entity-SellableItem-7042151","TargetName":"Entity-SellableItem-6042430","RelationshipType":"RelatedProduct"},{"$type":"Sitecore.Commerce.Plugin.Catalog.RelationshipArgument, Sitecore.Commerce.Plugin.Catalog","SourceName":"Entity-SellableItem-7042151","TargetName":"Entity-SellableItem-6042986","RelationshipType":"RelatedProduct"}]}