{"$type":"System.Collections.Generic.List`1[[Sitecore.Commerce.Plugin.Catalog.RelationshipArgument, Sitecore.Commerce.Plugin.Catalog]], mscorlib","$values":[{"$type":"Sitecore.Commerce.Plugin.Catalog.RelationshipArgument, Sitecore.Commerce.Plugin.Catalog","SourceName":"Entity-SellableItem-6042467","TargetName":"Entity-SellableItem-6042455","RelationshipType":"CrossSellProduct"},{"$type":"Sitecore.Commerce.Plugin.Catalog.RelationshipArgument, Sitecore.Commerce.Plugin.Catalog","SourceName":"Entity-SellableItem-6042467","TargetName":"Entity-SellableItem-6042456","RelationshipType":"CrossSellProduct"},{"$type":"Sitecore.Commerce.Plugin.Catalog.RelationshipArgument, Sitecore.Commerce.Plugin.Catalog","SourceName":"Entity-SellableItem-6042467","TargetName":"Entity-SellableItem-6042457","RelationshipType":"CrossSellProduct"},{"$type":"Sitecore.Commerce.Plugin.Catalog.RelationshipArgument, Sitecore.Commerce.Plugin.Catalog","SourceName":"Entity-SellableItem-6042467","TargetName":"Entity-SellableItem-6042465","RelationshipType":"CrossSellProduct"},{"$type":"Sitecore.Commerce.Plugin.Catalog.RelationshipArgument, Sitecore.Commerce.Plugin.Catalog","SourceName":"Entity-SellableItem-6042467","TargetName":"Entity-SellableItem-6042466","RelationshipType":"CrossSellProduct"},{"$type":"Sitecore.Commerce.Plugin.Catalog.RelationshipArgument, Sitecore.Commerce.Plugin.Catalog","SourceName":"Entity-SellableItem-6042467","TargetName":"Entity-SellableItem-6042468","RelationshipType":"CrossSellProduct"},{"$type":"Sitecore.Commerce.Plugin.Catalog.RelationshipArgument, Sitecore.Commerce.Plugin.Catalog","SourceName":"Entity-SellableItem-6042467","TargetName":"Entity-SellableItem-6042469","RelationshipType":"CrossSellProduct"},{"$type":"Sitecore.Commerce.Plugin.Catalog.RelationshipArgument, Sitecore.Commerce.Plugin.Catalog","SourceName":"Entity-SellableItem-6042467","TargetName":"Entity-SellableItem-6042482","RelationshipType":"CrossSellProduct"},{"$type":"Sitecore.Commerce.Plugin.Catalog.RelationshipArgument, Sitecore.Commerce.Plugin.Catalog","SourceName":"Entity-SellableItem-6042467","TargetName":"Entity-SellableItem-6042483","RelationshipType":"CrossSellProduct"},{"$type":"Sitecore.Commerce.Plugin.Catalog.RelationshipArgument, Sitecore.Commerce.Plugin.Catalog","SourceName":"Entity-SellableItem-6042467","TargetName":"Entity-SellableItem-6042484","RelationshipType":"CrossSellProduct"},{"$type":"Sitecore.Commerce.Plugin.Catalog.RelationshipArgument, Sitecore.Commerce.Plugin.Catalog","SourceName":"Entity-SellableItem-6042467","TargetName":"Entity-SellableItem-6042485","RelationshipType":"CrossSellProduct"},{"$type":"Sitecore.Commerce.Plugin.Catalog.RelationshipArgument, Sitecore.Commerce.Plugin.Catalog","SourceName":"Entity-SellableItem-6042467","TargetName":"Entity-SellableItem-6042493","RelationshipType":"CrossSellProduct"},{"$type":"Sitecore.Commerce.Plugin.Catalog.RelationshipArgument, Sitecore.Commerce.Plugin.Catalog","SourceName":"Entity-SellableItem-6042467","TargetName":"Entity-SellableItem-6042510","RelationshipType":"CrossSellProduct"},{"$type":"Sitecore.Commerce.Plugin.Catalog.RelationshipArgument, Sitecore.Commerce.Plugin.Catalog","SourceName":"Entity-SellableItem-6042467","TargetName":"Entity-SellableItem-6042526","RelationshipType":"CrossSellProduct"},{"$type":"Sitecore.Commerce.Plugin.Catalog.RelationshipArgument, Sitecore.Commerce.Plugin.Catalog","SourceName":"Entity-SellableItem-6042467","TargetName":"Entity-SellableItem-6042527","RelationshipType":"CrossSellProduct"},{"$type":"Sitecore.Commerce.Plugin.Catalog.RelationshipArgument, Sitecore.Commerce.Plugin.Catalog","SourceName":"Entity-SellableItem-6042467","TargetName":"Entity-SellableItem-6042528","RelationshipType":"CrossSellProduct"},{"$type":"Sitecore.Commerce.Plugin.Catalog.RelationshipArgument, Sitecore.Commerce.Plugin.Catalog","SourceName":"Entity-SellableItem-6042467","TargetName":"Entity-SellableItem-6042529","RelationshipType":"CrossSellProduct"},{"$type":"Sitecore.Commerce.Plugin.Catalog.RelationshipArgument, Sitecore.Commerce.Plugin.Catalog","SourceName":"Entity-SellableItem-6042467","TargetName":"Entity-SellableItem-6042534","RelationshipType":"CrossSellProduct"},{"$type":"Sitecore.Commerce.Plugin.Catalog.RelationshipArgument, Sitecore.Commerce.Plugin.Catalog","SourceName":"Entity-SellableItem-6042467","TargetName":"Entity-SellableItem-6042535","RelationshipType":"CrossSellProduct"},{"$type":"Sitecore.Commerce.Plugin.Catalog.RelationshipArgument, Sitecore.Commerce.Plugin.Catalog","SourceName":"Entity-SellableItem-6042467","TargetName":"Entity-SellableItem-6042536","RelationshipType":"CrossSellProduct"},{"$type":"Sitecore.Commerce.Plugin.Catalog.RelationshipArgument, Sitecore.Commerce.Plugin.Catalog","SourceName":"Entity-SellableItem-6042467","TargetName":"Entity-SellableItem-6042537","RelationshipType":"CrossSellProduct"},{"$type":"Sitecore.Commerce.Plugin.Catalog.RelationshipArgument, Sitecore.Commerce.Plugin.Catalog","SourceName":"Entity-SellableItem-6042467","TargetName":"Entity-SellableItem-6042558","RelationshipType":"CrossSellProduct"},{"$type":"Sitecore.Commerce.Plugin.Catalog.RelationshipArgument, Sitecore.Commerce.Plugin.Catalog","SourceName":"Entity-Category-HabitatHome_Master-Gaming","TargetName":"Entity-SellableItem-6042468","RelationshipType":"CategoryToSellableItem"},{"$type":"Sitecore.Commerce.Plugin.Catalog.RelationshipArgument, Sitecore.Commerce.Plugin.Catalog","SourceName":"Entity-Category-HabitatHome_Master-Single Game Subscriptions","TargetName":"Entity-SellableItem-6042468","RelationshipType":"CategoryToSellableItem"},{"$type":"Sitecore.Commerce.Plugin.Catalog.RelationshipArgument, Sitecore.Commerce.Plugin.Catalog","SourceName":"Entity-Category-HabitatHome_Master-NextCube_InGame","TargetName":"Entity-SellableItem-6042468","RelationshipType":"CategoryToSellableItem"},{"$type":"Sitecore.Commerce.Plugin.Catalog.RelationshipArgument, Sitecore.Commerce.Plugin.Catalog","SourceName":"Entity-SellableItem-6042468","TargetName":"Entity-SellableItem-6042430","RelationshipType":"RelatedProduct"},{"$type":"Sitecore.Commerce.Plugin.Catalog.RelationshipArgument, Sitecore.Commerce.Plugin.Catalog","SourceName":"Entity-SellableItem-6042468","TargetName":"Entity-SellableItem-6042453","RelationshipType":"CrossSellProduct"},{"$type":"Sitecore.Commerce.Plugin.Catalog.RelationshipArgument, Sitecore.Commerce.Plugin.Catalog","SourceName":"Entity-SellableItem-6042468","TargetName":"Entity-SellableItem-6042454","RelationshipType":"CrossSellProduct"},{"$type":"Sitecore.Commerce.Plugin.Catalog.RelationshipArgument, Sitecore.Commerce.Plugin.Catalog","SourceName":"Entity-SellableItem-6042468","TargetName":"Entity-SellableItem-6042455","RelationshipType":"CrossSellProduct"},{"$type":"Sitecore.Commerce.Plugin.Catalog.RelationshipArgument, Sitecore.Commerce.Plugin.Catalog","SourceName":"Entity-SellableItem-6042468","TargetName":"Entity-SellableItem-6042456","RelationshipType":"CrossSellProduct"},{"$type":"Sitecore.Commerce.Plugin.Catalog.RelationshipArgument, Sitecore.Commerce.Plugin.Catalog","SourceName":"Entity-SellableItem-6042468","TargetName":"Entity-SellableItem-6042457","RelationshipType":"CrossSellProduct"},{"$type":"Sitecore.Commerce.Plugin.Catalog.RelationshipArgument, Sitecore.Commerce.Plugin.Catalog","SourceName":"Entity-SellableItem-6042468","TargetName":"Entity-SellableItem-6042465","RelationshipType":"CrossSellProduct"},{"$type":"Sitecore.Commerce.Plugin.Catalog.RelationshipArgument, Sitecore.Commerce.Plugin.Catalog","SourceName":"Entity-SellableItem-6042468","TargetName":"Entity-SellableItem-6042466","RelationshipType":"CrossSellProduct"},{"$type":"Sitecore.Commerce.Plugin.Catalog.RelationshipArgument, Sitecore.Commerce.Plugin.Catalog","SourceName":"Entity-SellableItem-6042468","TargetName":"Entity-SellableItem-6042467","RelationshipType":"CrossSellProduct"},{"$type":"Sitecore.Commerce.Plugin.Catalog.RelationshipArgument, Sitecore.Commerce.Plugin.Catalog","SourceName":"Entity-SellableItem-6042468","TargetName":"Entity-SellableItem-6042469","RelationshipType":"CrossSellProduct"},{"$type":"Sitecore.Commerce.Plugin.Catalog.RelationshipArgument, Sitecore.Commerce.Plugin.Catalog","SourceName":"Entity-SellableItem-6042468","TargetName":"Entity-SellableItem-6042482","RelationshipType":"CrossSellProduct"},{"$type":"Sitecore.Commerce.Plugin.Catalog.RelationshipArgument, Sitecore.Commerce.Plugin.Catalog","SourceName":"Entity-SellableItem-6042468","TargetName":"Entity-SellableItem-6042483","RelationshipType":"CrossSellProduct"},{"$type":"Sitecore.Commerce.Plugin.Catalog.RelationshipArgument, Sitecore.Commerce.Plugin.Catalog","SourceName":"Entity-SellableItem-6042468","TargetName":"Entity-SellableItem-6042484","RelationshipType":"CrossSellProduct"},{"$type":"Sitecore.Commerce.Plugin.Catalog.RelationshipArgument, Sitecore.Commerce.Plugin.Catalog","SourceName":"Entity-SellableItem-6042468","TargetName":"Entity-SellableItem-6042485","RelationshipType":"CrossSellProduct"},{"$type":"Sitecore.Commerce.Plugin.Catalog.RelationshipArgument, Sitecore.Commerce.Plugin.Catalog","SourceName":"Entity-SellableItem-6042468","TargetName":"Entity-SellableItem-6042493","RelationshipType":"CrossSellProduct"},{"$type":"Sitecore.Commerce.Plugin.Catalog.RelationshipArgument, Sitecore.Commerce.Plugin.Catalog","SourceName":"Entity-SellableItem-6042468","TargetName":"Entity-SellableItem-6042510","RelationshipType":"CrossSellProduct"},{"$type":"Sitecore.Commerce.Plugin.Catalog.RelationshipArgument, Sitecore.Commerce.Plugin.Catalog","SourceName":"Entity-SellableItem-6042468","TargetName":"Entity-SellableItem-6042526","RelationshipType":"CrossSellProduct"},{"$type":"Sitecore.Commerce.Plugin.Catalog.RelationshipArgument, Sitecore.Commerce.Plugin.Catalog","SourceName":"Entity-SellableItem-6042468","TargetName":"Entity-SellableItem-6042527","RelationshipType":"CrossSellProduct"},{"$type":"Sitecore.Commerce.Plugin.Catalog.RelationshipArgument, Sitecore.Commerce.Plugin.Catalog","SourceName":"Entity-SellableItem-6042468","TargetName":"Entity-SellableItem-6042528","RelationshipType":"CrossSellProduct"},{"$type":"Sitecore.Commerce.Plugin.Catalog.RelationshipArgument, Sitecore.Commerce.Plugin.Catalog","SourceName":"Entity-SellableItem-6042468","TargetName":"Entity-SellableItem-6042529","RelationshipType":"CrossSellProduct"},{"$type":"Sitecore.Commerce.Plugin.Catalog.RelationshipArgument, Sitecore.Commerce.Plugin.Catalog","SourceName":"Entity-SellableItem-6042468","TargetName":"Entity-SellableItem-6042534","RelationshipType":"CrossSellProduct"},{"$type":"Sitecore.Commerce.Plugin.Catalog.RelationshipArgument, Sitecore.Commerce.Plugin.Catalog","SourceName":"Entity-SellableItem-6042468","TargetName":"Entity-SellableItem-6042535","RelationshipType":"CrossSellProduct"},{"$type":"Sitecore.Commerce.Plugin.Catalog.RelationshipArgument, Sitecore.Commerce.Plugin.Catalog","SourceName":"Entity-SellableItem-6042468","TargetName":"Entity-SellableItem-6042537","RelationshipType":"CrossSellProduct"},{"$type":"Sitecore.Commerce.Plugin.Catalog.RelationshipArgument, Sitecore.Commerce.Plugin.Catalog","SourceName":"Entity-SellableItem-6042468","TargetName":"Entity-SellableItem-6042558","RelationshipType":"CrossSellProduct"},{"$type":"Sitecore.Commerce.Plugin.Catalog.RelationshipArgument, Sitecore.Commerce.Plugin.Catalog","SourceName":"Entity-Category-HabitatHome_Master-NextCube_InGame","TargetName":"Entity-SellableItem-6042469","RelationshipType":"CategoryToSellableItem"},{"$type":"Sitecore.Commerce.Plugin.Catalog.RelationshipArgument, Sitecore.Commerce.Plugin.Catalog","SourceName":"Entity-Category-HabitatHome_Master-Single Game Subscriptions","TargetName":"Entity-SellableItem-6042469","RelationshipType":"CategoryToSellableItem"},{"$type":"Sitecore.Commerce.Plugin.Catalog.RelationshipArgument, Sitecore.Commerce.Plugin.Catalog","SourceName":"Entity-Category-HabitatHome_Master-Gaming","TargetName":"Entity-SellableItem-6042469","RelationshipType":"CategoryToSellableItem"},{"$type":"Sitecore.Commerce.Plugin.Catalog.RelationshipArgument, Sitecore.Commerce.Plugin.Catalog","SourceName":"Entity-SellableItem-6042469","TargetName":"Entity-SellableItem-6042430","RelationshipType":"RelatedProduct"},{"$type":"Sitecore.Commerce.Plugin.Catalog.RelationshipArgument, Sitecore.Commerce.Plugin.Catalog","SourceName":"Entity-SellableItem-6042469","TargetName":"Entity-SellableItem-6042453","RelationshipType":"CrossSellProduct"},{"$type":"Sitecore.Commerce.Plugin.Catalog.RelationshipArgument, Sitecore.Commerce.Plugin.Catalog","SourceName":"Entity-SellableItem-6042469","TargetName":"Entity-SellableItem-6042454","RelationshipType":"CrossSellProduct"},{"$type":"Sitecore.Commerce.Plugin.Catalog.RelationshipArgument, Sitecore.Commerce.Plugin.Catalog","SourceName":"Entity-SellableItem-6042469","TargetName":"Entity-SellableItem-6042455","RelationshipType":"CrossSellProduct"},{"$type":"Sitecore.Commerce.Plugin.Catalog.RelationshipArgument, Sitecore.Commerce.Plugin.Catalog","SourceName":"Entity-SellableItem-6042469","TargetName":"Entity-SellableItem-6042456","RelationshipType":"CrossSellProduct"},{"$type":"Sitecore.Commerce.Plugin.Catalog.RelationshipArgument, Sitecore.Commerce.Plugin.Catalog","SourceName":"Entity-SellableItem-6042469","TargetName":"Entity-SellableItem-6042457","RelationshipType":"CrossSellProduct"},{"$type":"Sitecore.Commerce.Plugin.Catalog.RelationshipArgument, Sitecore.Commerce.Plugin.Catalog","SourceName":"Entity-SellableItem-6042469","TargetName":"Entity-SellableItem-6042465","RelationshipType":"CrossSellProduct"},{"$type":"Sitecore.Commerce.Plugin.Catalog.RelationshipArgument, Sitecore.Commerce.Plugin.Catalog","SourceName":"Entity-SellableItem-6042469","TargetName":"Entity-SellableItem-6042466","RelationshipType":"CrossSellProduct"},{"$type":"Sitecore.Commerce.Plugin.Catalog.RelationshipArgument, Sitecore.Commerce.Plugin.Catalog","SourceName":"Entity-SellableItem-6042469","TargetName":"Entity-SellableItem-6042467","RelationshipType":"CrossSellProduct"},{"$type":"Sitecore.Commerce.Plugin.Catalog.RelationshipArgument, Sitecore.Commerce.Plugin.Catalog","SourceName":"Entity-SellableItem-6042469","TargetName":"Entity-SellableItem-6042468","RelationshipType":"CrossSellProduct"},{"$type":"Sitecore.Commerce.Plugin.Catalog.RelationshipArgument, Sitecore.Commerce.Plugin.Catalog","SourceName":"Entity-SellableItem-6042469","TargetName":"Entity-SellableItem-6042482","RelationshipType":"CrossSellProduct"},{"$type":"Sitecore.Commerce.Plugin.Catalog.RelationshipArgument, Sitecore.Commerce.Plugin.Catalog","SourceName":"Entity-SellableItem-6042469","TargetName":"Entity-SellableItem-6042483","RelationshipType":"CrossSellProduct"},{"$type":"Sitecore.Commerce.Plugin.Catalog.RelationshipArgument, Sitecore.Commerce.Plugin.Catalog","SourceName":"Entity-SellableItem-6042469","TargetName":"Entity-SellableItem-6042484","RelationshipType":"CrossSellProduct"},{"$type":"Sitecore.Commerce.Plugin.Catalog.RelationshipArgument, Sitecore.Commerce.Plugin.Catalog","SourceName":"Entity-SellableItem-6042469","TargetName":"Entity-SellableItem-6042485","RelationshipType":"CrossSellProduct"},{"$type":"Sitecore.Commerce.Plugin.Catalog.RelationshipArgument, Sitecore.Commerce.Plugin.Catalog","SourceName":"Entity-SellableItem-6042469","TargetName":"Entity-SellableItem-6042493","RelationshipType":"CrossSellProduct"},{"$type":"Sitecore.Commerce.Plugin.Catalog.RelationshipArgument, Sitecore.Commerce.Plugin.Catalog","SourceName":"Entity-SellableItem-6042469","TargetName":"Entity-SellableItem-6042510","RelationshipType":"CrossSellProduct"},{"$type":"Sitecore.Commerce.Plugin.Catalog.RelationshipArgument, Sitecore.Commerce.Plugin.Catalog","SourceName":"Entity-SellableItem-6042469","TargetName":"Entity-SellableItem-6042526","RelationshipType":"CrossSellProduct"},{"$type":"Sitecore.Commerce.Plugin.Catalog.RelationshipArgument, Sitecore.Commerce.Plugin.Catalog","SourceName":"Entity-SellableItem-6042469","TargetName":"Entity-SellableItem-6042527","RelationshipType":"CrossSellProduct"},{"$type":"Sitecore.Commerce.Plugin.Catalog.RelationshipArgument, Sitecore.Commerce.Plugin.Catalog","SourceName":"Entity-SellableItem-6042469","TargetName":"Entity-SellableItem-6042528","RelationshipType":"CrossSellProduct"},{"$type":"Sitecore.Commerce.Plugin.Catalog.RelationshipArgument, Sitecore.Commerce.Plugin.Catalog","SourceName":"Entity-SellableItem-6042469","TargetName":"Entity-SellableItem-6042529","RelationshipType":"CrossSellProduct"},{"$type":"Sitecore.Commerce.Plugin.Catalog.RelationshipArgument, Sitecore.Commerce.Plugin.Catalog","SourceName":"Entity-SellableItem-6042469","TargetName":"Entity-SellableItem-6042534","RelationshipType":"CrossSellProduct"},{"$type":"Sitecore.Commerce.Plugin.Catalog.RelationshipArgument, Sitecore.Commerce.Plugin.Catalog","SourceName":"Entity-SellableItem-6042469","TargetName":"Entity-SellableItem-6042535","RelationshipType":"CrossSellProduct"},{"$type":"Sitecore.Commerce.Plugin.Catalog.RelationshipArgument, Sitecore.Commerce.Plugin.Catalog","SourceName":"Entity-SellableItem-6042469","TargetName":"Entity-SellableItem-6042536","RelationshipType":"CrossSellProduct"},{"$type":"Sitecore.Commerce.Plugin.Catalog.RelationshipArgument, Sitecore.Commerce.Plugin.Catalog","SourceName":"Entity-SellableItem-6042469","TargetName":"Entity-SellableItem-6042537","RelationshipType":"CrossSellProduct"},{"$type":"Sitecore.Commerce.Plugin.Catalog.RelationshipArgument, Sitecore.Commerce.Plugin.Catalog","SourceName":"Entity-SellableItem-6042469","TargetName":"Entity-SellableItem-6042558","RelationshipType":"CrossSellProduct"},{"$type":"Sitecore.Commerce.Plugin.Catalog.RelationshipArgument, Sitecore.Commerce.Plugin.Catalog","SourceName":"Entity-Category-HabitatHome_Master-Gaming","TargetName":"Entity-SellableItem-6042470","RelationshipType":"CategoryToSellableItem"},{"$type":"Sitecore.Commerce.Plugin.Catalog.RelationshipArgument, Sitecore.Commerce.Plugin.Catalog","SourceName":"Entity-Category-HabitatHome_Master-Single Game Subscriptions","TargetName":"Entity-SellableItem-6042470","RelationshipType":"CategoryToSellableItem"},{"$type":"Sitecore.Commerce.Plugin.Catalog.RelationshipArgument, Sitecore.Commerce.Plugin.Catalog","SourceName":"Entity-Category-HabitatHome_Master-NextCube_InGame","TargetName":"Entity-SellableItem-6042470","RelationshipType":"CategoryToSellableItem"},{"$type":"Sitecore.Commerce.Plugin.Catalog.RelationshipArgument, Sitecore.Commerce.Plugin.Catalog","SourceName":"Entity-SellableItem-6042470","TargetName":"Entity-SellableItem-6042430","RelationshipType":"CrossSellProduct"},{"$type":"Sitecore.Commerce.Plugin.Catalog.RelationshipArgument, Sitecore.Commerce.Plugin.Catalog","SourceName":"Entity-SellableItem-6042470","TargetName":"Entity-SellableItem-6042453","RelationshipType":"CrossSellProduct"},{"$type":"Sitecore.Commerce.Plugin.Catalog.RelationshipArgument, Sitecore.Commerce.Plugin.Catalog","SourceName":"Entity-SellableItem-6042470","TargetName":"Entity-SellableItem-6042454","RelationshipType":"CrossSellProduct"},{"$type":"Sitecore.Commerce.Plugin.Catalog.RelationshipArgument, Sitecore.Commerce.Plugin.Catalog","SourceName":"Entity-SellableItem-6042470","TargetName":"Entity-SellableItem-6042455","RelationshipType":"CrossSellProduct"},{"$type":"Sitecore.Commerce.Plugin.Catalog.RelationshipArgument, Sitecore.Commerce.Plugin.Catalog","SourceName":"Entity-SellableItem-6042470","TargetName":"Entity-SellableItem-6042456","RelationshipType":"CrossSellProduct"},{"$type":"Sitecore.Commerce.Plugin.Catalog.RelationshipArgument, Sitecore.Commerce.Plugin.Catalog","SourceName":"Entity-SellableItem-6042470","TargetName":"Entity-SellableItem-6042457","RelationshipType":"CrossSellProduct"},{"$type":"Sitecore.Commerce.Plugin.Catalog.RelationshipArgument, Sitecore.Commerce.Plugin.Catalog","SourceName":"Entity-SellableItem-6042470","TargetName":"Entity-SellableItem-6042465","RelationshipType":"CrossSellProduct"},{"$type":"Sitecore.Commerce.Plugin.Catalog.RelationshipArgument, Sitecore.Commerce.Plugin.Catalog","SourceName":"Entity-SellableItem-6042470","TargetName":"Entity-SellableItem-6042466","RelationshipType":"CrossSellProduct"},{"$type":"Sitecore.Commerce.Plugin.Catalog.RelationshipArgument, Sitecore.Commerce.Plugin.Catalog","SourceName":"Entity-SellableItem-6042470","TargetName":"Entity-SellableItem-6042468","RelationshipType":"CrossSellProduct"},{"$type":"Sitecore.Commerce.Plugin.Catalog.RelationshipArgument, Sitecore.Commerce.Plugin.Catalog","SourceName":"Entity-SellableItem-6042470","TargetName":"Entity-SellableItem-6042469","RelationshipType":"CrossSellProduct"},{"$type":"Sitecore.Commerce.Plugin.Catalog.RelationshipArgument, Sitecore.Commerce.Plugin.Catalog","SourceName":"Entity-SellableItem-6042470","TargetName":"Entity-SellableItem-6042482","RelationshipType":"CrossSellProduct"},{"$type":"Sitecore.Commerce.Plugin.Catalog.RelationshipArgument, Sitecore.Commerce.Plugin.Catalog","SourceName":"Entity-SellableItem-6042470","TargetName":"Entity-SellableItem-6042483","RelationshipType":"CrossSellProduct"},{"$type":"Sitecore.Commerce.Plugin.Catalog.RelationshipArgument, Sitecore.Commerce.Plugin.Catalog","SourceName":"Entity-SellableItem-6042470","TargetName":"Entity-SellableItem-6042484","RelationshipType":"CrossSellProduct"},{"$type":"Sitecore.Commerce.Plugin.Catalog.RelationshipArgument, Sitecore.Commerce.Plugin.Catalog","SourceName":"Entity-SellableItem-6042470","TargetName":"Entity-SellableItem-6042485","RelationshipType":"CrossSellProduct"},{"$type":"Sitecore.Commerce.Plugin.Catalog.RelationshipArgument, Sitecore.Commerce.Plugin.Catalog","SourceName":"Entity-SellableItem-6042470","TargetName":"Entity-SellableItem-6042510","RelationshipType":"CrossSellProduct"},{"$type":"Sitecore.Commerce.Plugin.Catalog.RelationshipArgument, Sitecore.Commerce.Plugin.Catalog","SourceName":"Entity-SellableItem-6042470","TargetName":"Entity-SellableItem-6042558","RelationshipType":"CrossSellProduct"},{"$type":"Sitecore.Commerce.Plugin.Catalog.RelationshipArgument, Sitecore.Commerce.Plugin.Catalog","SourceName":"Entity-Category-HabitatHome_Master-NextCube_InGame","TargetName":"Entity-SellableItem-6042471","RelationshipType":"CategoryToSellableItem"},{"$type":"Sitecore.Commerce.Plugin.Catalog.RelationshipArgument, Sitecore.Commerce.Plugin.Catalog","SourceName":"Entity-Category-HabitatHome_Master-Single Game Subscriptions","TargetName":"Entity-SellableItem-6042471","RelationshipType":"CategoryToSellableItem"},{"$type":"Sitecore.Commerce.Plugin.Catalog.RelationshipArgument, Sitecore.Commerce.Plugin.Catalog","SourceName":"Entity-Category-HabitatHome_Master-Gaming","TargetName":"Entity-SellableItem-6042471","RelationshipType":"CategoryToSellableItem"},{"$type":"Sitecore.Commerce.Plugin.Catalog.RelationshipArgument, Sitecore.Commerce.Plugin.Catalog","SourceName":"Entity-SellableItem-6042471","TargetName":"Entity-SellableItem-6042430","RelationshipType":"CrossSellProduct"}]}