{
    "$type": "System.Collections.Generic.List`1[[Sitecore.Commerce.Plugin.Inventory.InventoryInformation, Sitecore.Commerce.Plugin.Inventory]], mscorlib",
    "$values": [
        {
            "$type": "Sitecore.Commerce.Plugin.Inventory.InventoryInformation, Sitecore.Commerce.Plugin.Inventory",
            "InventorySet": {
                "$type": "Sitecore.Commerce.Core.EntityReference, Sitecore.Commerce.Core",
                "Name": "",
                "EntityTarget": "Entity-InventorySet-HabitatHome_Inventory",
                "Policies": {
                    "$type": "System.Collections.Generic.List`1[[Sitecore.Commerce.Core.Policy, Sitecore.Commerce.Core]], mscorlib",
                    "$values": []
                }
            },
            "SellableItem": {
                "$type": "Sitecore.Commerce.Core.EntityReference, Sitecore.Commerce.Core",
                "Name": "",
                "EntityTarget": "Entity-SellableItem-7042258",
                "Policies": {
                    "$type": "System.Collections.Generic.List`1[[Sitecore.Commerce.Core.Policy, Sitecore.Commerce.Core]], mscorlib",
                    "$values": []
                }
            },
            "VariationId": "57042258",
            "Quantity": 10000,
            "InvoiceUnitPrice": {
                "$type": "Sitecore.Commerce.Core.Money, Sitecore.Commerce.Core",
                "CurrencyCode": "USD",
                "Amount": 0.0
            },
            "Components": {
                "$type": "System.Collections.Generic.List`1[[Sitecore.Commerce.Core.Component, Sitecore.Commerce.Core]], mscorlib",
                "$values": []
            },
            "DateCreated": "2018-01-11T18:47:17.2652999+00:00",
            "DateUpdated": "2018-01-11T18:47:17.2672992+00:00",
            "DisplayName": "",
            "FriendlyId": "HabitatHome_Inventory-7042258-57042258",
            "Id": "Entity-InventoryInformation-HabitatHome_Inventory-7042258-57042258",
            "Version": 1,
            "IsPersisted": true,
            "Name": "",
            "Policies": {
                "$type": "System.Collections.Generic.List`1[[Sitecore.Commerce.Core.Policy, Sitecore.Commerce.Core]], mscorlib",
                "$values": []
            }
        },
        {
            "$type": "Sitecore.Commerce.Plugin.Inventory.InventoryInformation, Sitecore.Commerce.Plugin.Inventory",
            "InventorySet": {
                "$type": "Sitecore.Commerce.Core.EntityReference, Sitecore.Commerce.Core",
                "Name": "",
                "EntityTarget": "Entity-InventorySet-HabitatHome_Inventory",
                "Policies": {
                    "$type": "System.Collections.Generic.List`1[[Sitecore.Commerce.Core.Policy, Sitecore.Commerce.Core]], mscorlib",
                    "$values": []
                }
            },
            "SellableItem": {
                "$type": "Sitecore.Commerce.Core.EntityReference, Sitecore.Commerce.Core",
                "Name": "",
                "EntityTarget": "Entity-SellableItem-7042259",
                "Policies": {
                    "$type": "System.Collections.Generic.List`1[[Sitecore.Commerce.Core.Policy, Sitecore.Commerce.Core]], mscorlib",
                    "$values": []
                }
            },
            "VariationId": "57042259",
            "Quantity": 10000,
            "InvoiceUnitPrice": {
                "$type": "Sitecore.Commerce.Core.Money, Sitecore.Commerce.Core",
                "CurrencyCode": "USD",
                "Amount": 0.0
            },
            "Components": {
                "$type": "System.Collections.Generic.List`1[[Sitecore.Commerce.Core.Component, Sitecore.Commerce.Core]], mscorlib",
                "$values": []
            },
            "DateCreated": "2018-01-11T18:47:17.2873042+00:00",
            "DateUpdated": "2018-01-11T18:47:17.2883018+00:00",
            "DisplayName": "",
            "FriendlyId": "HabitatHome_Inventory-7042259-57042259",
            "Id": "Entity-InventoryInformation-HabitatHome_Inventory-7042259-57042259",
            "Version": 1,
            "IsPersisted": true,
            "Name": "",
            "Policies": {
                "$type": "System.Collections.Generic.List`1[[Sitecore.Commerce.Core.Policy, Sitecore.Commerce.Core]], mscorlib",
                "$values": []
            }
        }
    ]
}