{
    "$type": "System.Collections.Generic.List`1[[Sitecore.Commerce.Plugin.Inventory.InventoryInformation, Sitecore.Commerce.Plugin.Inventory]], mscorlib",
    "$values": [
        {
            "$type": "Sitecore.Commerce.Plugin.Inventory.InventoryInformation, Sitecore.Commerce.Plugin.Inventory",
            "InventorySet": {
                "$type": "Sitecore.Commerce.Core.EntityReference, Sitecore.Commerce.Core",
                "Name": "",
                "EntityTarget": "Entity-InventorySet-HabitatHome_Inventory",
                "Policies": {
                    "$type": "System.Collections.Generic.List`1[[Sitecore.Commerce.Core.Policy, Sitecore.Commerce.Core]], mscorlib",
                    "$values": []
                }
            },
            "SellableItem": {
                "$type": "Sitecore.Commerce.Core.EntityReference, Sitecore.Commerce.Core",
                "Name": "",
                "EntityTarget": "Entity-SellableItem-6042965",
                "Policies": {
                    "$type": "System.Collections.Generic.List`1[[Sitecore.Commerce.Core.Policy, Sitecore.Commerce.Core]], mscorlib",
                    "$values": []
                }
            },
            "VariationId": "56042965",
            "Quantity": 10000,
            "InvoiceUnitPrice": {
                "$type": "Sitecore.Commerce.Core.Money, Sitecore.Commerce.Core",
                "CurrencyCode": "USD",
                "Amount": 0.0
            },
            "Components": {
                "$type": "System.Collections.Generic.List`1[[Sitecore.Commerce.Core.Component, Sitecore.Commerce.Core]], mscorlib",
                "$values": []
            },
            "DateCreated": "2018-01-11T18:47:17.3653036+00:00",
            "DateUpdated": "2018-01-11T18:47:17.3673029+00:00",
            "DisplayName": "",
            "FriendlyId": "HabitatHome_Inventory-6042965-56042965",
            "Id": "Entity-InventoryInformation-HabitatHome_Inventory-6042965-56042965",
            "Version": 1,
            "IsPersisted": true,
            "Name": "",
            "Policies": {
                "$type": "System.Collections.Generic.List`1[[Sitecore.Commerce.Core.Policy, Sitecore.Commerce.Core]], mscorlib",
                "$values": []
            }
        },
        {
            "$type": "Sitecore.Commerce.Plugin.Inventory.InventoryInformation, Sitecore.Commerce.Plugin.Inventory",
            "InventorySet": {
                "$type": "Sitecore.Commerce.Core.EntityReference, Sitecore.Commerce.Core",
                "Name": "",
                "EntityTarget": "Entity-InventorySet-HabitatHome_Inventory",
                "Policies": {
                    "$type": "System.Collections.Generic.List`1[[Sitecore.Commerce.Core.Policy, Sitecore.Commerce.Core]], mscorlib",
                    "$values": []
                }
            },
            "SellableItem": {
                "$type": "Sitecore.Commerce.Core.EntityReference, Sitecore.Commerce.Core",
                "Name": "",
                "EntityTarget": "Entity-SellableItem-6042966",
                "Policies": {
                    "$type": "System.Collections.Generic.List`1[[Sitecore.Commerce.Core.Policy, Sitecore.Commerce.Core]], mscorlib",
                    "$values": []
                }
            },
            "VariationId": "56042966",
            "Quantity": 10000,
            "InvoiceUnitPrice": {
                "$type": "Sitecore.Commerce.Core.Money, Sitecore.Commerce.Core",
                "CurrencyCode": "USD",
                "Amount": 0.0
            },
            "Components": {
                "$type": "System.Collections.Generic.List`1[[Sitecore.Commerce.Core.Component, Sitecore.Commerce.Core]], mscorlib",
                "$values": []
            },
            "DateCreated": "2018-01-11T18:47:17.3843076+00:00",
            "DateUpdated": "2018-01-11T18:47:17.3863053+00:00",
            "DisplayName": "",
            "FriendlyId": "HabitatHome_Inventory-6042966-56042966",
            "Id": "Entity-InventoryInformation-HabitatHome_Inventory-6042966-56042966",
            "Version": 1,
            "IsPersisted": true,
            "Name": "",
            "Policies": {
                "$type": "System.Collections.Generic.List`1[[Sitecore.Commerce.Core.Policy, Sitecore.Commerce.Core]], mscorlib",
                "$values": []
            }
        },
        {
            "$type": "Sitecore.Commerce.Plugin.Inventory.InventoryInformation, Sitecore.Commerce.Plugin.Inventory",
            "InventorySet": {
                "$type": "Sitecore.Commerce.Core.EntityReference, Sitecore.Commerce.Core",
                "Name": "",
                "EntityTarget": "Entity-InventorySet-HabitatHome_Inventory",
                "Policies": {
                    "$type": "System.Collections.Generic.List`1[[Sitecore.Commerce.Core.Policy, Sitecore.Commerce.Core]], mscorlib",
                    "$values": []
                }
            },
            "SellableItem": {
                "$type": "Sitecore.Commerce.Core.EntityReference, Sitecore.Commerce.Core",
                "Name": "",
                "EntityTarget": "Entity-SellableItem-6042967",
                "Policies": {
                    "$type": "System.Collections.Generic.List`1[[Sitecore.Commerce.Core.Policy, Sitecore.Commerce.Core]], mscorlib",
                    "$values": []
                }
            },
            "VariationId": "56042967",
            "Quantity": 10000,
            "InvoiceUnitPrice": {
                "$type": "Sitecore.Commerce.Core.Money, Sitecore.Commerce.Core",
                "CurrencyCode": "USD",
                "Amount": 0.0
            },
            "Components": {
                "$type": "System.Collections.Generic.List`1[[Sitecore.Commerce.Core.Component, Sitecore.Commerce.Core]], mscorlib",
                "$values": []
            },
            "DateCreated": "2018-01-11T18:47:17.4043058+00:00",
            "DateUpdated": "2018-01-11T18:47:17.4063047+00:00",
            "DisplayName": "",
            "FriendlyId": "HabitatHome_Inventory-6042967-56042967",
            "Id": "Entity-InventoryInformation-HabitatHome_Inventory-6042967-56042967",
            "Version": 1,
            "IsPersisted": true,
            "Name": "",
            "Policies": {
                "$type": "System.Collections.Generic.List`1[[Sitecore.Commerce.Core.Policy, Sitecore.Commerce.Core]], mscorlib",
                "$values": []
            }
        },
        {
            "$type": "Sitecore.Commerce.Plugin.Inventory.InventoryInformation, Sitecore.Commerce.Plugin.Inventory",
            "InventorySet": {
                "$type": "Sitecore.Commerce.Core.EntityReference, Sitecore.Commerce.Core",
                "Name": "",
                "EntityTarget": "Entity-InventorySet-HabitatHome_Inventory",
                "Policies": {
                    "$type": "System.Collections.Generic.List`1[[Sitecore.Commerce.Core.Policy, Sitecore.Commerce.Core]], mscorlib",
                    "$values": []
                }
            },
            "SellableItem": {
                "$type": "Sitecore.Commerce.Core.EntityReference, Sitecore.Commerce.Core",
                "Name": "",
                "EntityTarget": "Entity-SellableItem-6042968",
                "Policies": {
                    "$type": "System.Collections.Generic.List`1[[Sitecore.Commerce.Core.Policy, Sitecore.Commerce.Core]], mscorlib",
                    "$values": []
                }
            },
            "VariationId": "56042968",
            "Quantity": 10000,
            "InvoiceUnitPrice": {
                "$type": "Sitecore.Commerce.Core.Money, Sitecore.Commerce.Core",
                "CurrencyCode": "USD",
                "Amount": 0.0
            },
            "Components": {
                "$type": "System.Collections.Generic.List`1[[Sitecore.Commerce.Core.Component, Sitecore.Commerce.Core]], mscorlib",
                "$values": []
            },
            "DateCreated": "2018-01-11T18:47:17.4243074+00:00",
            "DateUpdated": "2018-01-11T18:47:17.4253101+00:00",
            "DisplayName": "",
            "FriendlyId": "HabitatHome_Inventory-6042968-56042968",
            "Id": "Entity-InventoryInformation-HabitatHome_Inventory-6042968-56042968",
            "Version": 1,
            "IsPersisted": true,
            "Name": "",
            "Policies": {
                "$type": "System.Collections.Generic.List`1[[Sitecore.Commerce.Core.Policy, Sitecore.Commerce.Core]], mscorlib",
                "$values": []
            }
        },
        {
            "$type": "Sitecore.Commerce.Plugin.Inventory.InventoryInformation, Sitecore.Commerce.Plugin.Inventory",
            "InventorySet": {
                "$type": "Sitecore.Commerce.Core.EntityReference, Sitecore.Commerce.Core",
                "Name": "",
                "EntityTarget": "Entity-InventorySet-HabitatHome_Inventory",
                "Policies": {
                    "$type": "System.Collections.Generic.List`1[[Sitecore.Commerce.Core.Policy, Sitecore.Commerce.Core]], mscorlib",
                    "$values": []
                }
            },
            "SellableItem": {
                "$type": "Sitecore.Commerce.Core.EntityReference, Sitecore.Commerce.Core",
                "Name": "",
                "EntityTarget": "Entity-SellableItem-6042969",
                "Policies": {
                    "$type": "System.Collections.Generic.List`1[[Sitecore.Commerce.Core.Policy, Sitecore.Commerce.Core]], mscorlib",
                    "$values": []
                }
            },
            "VariationId": "56042969",
            "Quantity": 10000,
            "InvoiceUnitPrice": {
                "$type": "Sitecore.Commerce.Core.Money, Sitecore.Commerce.Core",
                "CurrencyCode": "USD",
                "Amount": 0.0
            },
            "Components": {
                "$type": "System.Collections.Generic.List`1[[Sitecore.Commerce.Core.Component, Sitecore.Commerce.Core]], mscorlib",
                "$values": []
            },
            "DateCreated": "2018-01-11T18:47:17.4433093+00:00",
            "DateUpdated": "2018-01-11T18:47:17.444309+00:00",
            "DisplayName": "",
            "FriendlyId": "HabitatHome_Inventory-6042969-56042969",
            "Id": "Entity-InventoryInformation-HabitatHome_Inventory-6042969-56042969",
            "Version": 1,
            "IsPersisted": true,
            "Name": "",
            "Policies": {
                "$type": "System.Collections.Generic.List`1[[Sitecore.Commerce.Core.Policy, Sitecore.Commerce.Core]], mscorlib",
                "$values": []
            }
        },
        {
            "$type": "Sitecore.Commerce.Plugin.Inventory.InventoryInformation, Sitecore.Commerce.Plugin.Inventory",
            "InventorySet": {
                "$type": "Sitecore.Commerce.Core.EntityReference, Sitecore.Commerce.Core",
                "Name": "",
                "EntityTarget": "Entity-InventorySet-HabitatHome_Inventory",
                "Policies": {
                    "$type": "System.Collections.Generic.List`1[[Sitecore.Commerce.Core.Policy, Sitecore.Commerce.Core]], mscorlib",
                    "$values": []
                }
            },
            "SellableItem": {
                "$type": "Sitecore.Commerce.Core.EntityReference, Sitecore.Commerce.Core",
                "Name": "",
                "EntityTarget": "Entity-SellableItem-6042970",
                "Policies": {
                    "$type": "System.Collections.Generic.List`1[[Sitecore.Commerce.Core.Policy, Sitecore.Commerce.Core]], mscorlib",
                    "$values": []
                }
            },
            "VariationId": "56042970",
            "Quantity": 10000,
            "InvoiceUnitPrice": {
                "$type": "Sitecore.Commerce.Core.Money, Sitecore.Commerce.Core",
                "CurrencyCode": "USD",
                "Amount": 0.0
            },
            "Components": {
                "$type": "System.Collections.Generic.List`1[[Sitecore.Commerce.Core.Component, Sitecore.Commerce.Core]], mscorlib",
                "$values": []
            },
            "DateCreated": "2018-01-11T18:47:17.4633079+00:00",
            "DateUpdated": "2018-01-11T18:47:17.4653099+00:00",
            "DisplayName": "",
            "FriendlyId": "HabitatHome_Inventory-6042970-56042970",
            "Id": "Entity-InventoryInformation-HabitatHome_Inventory-6042970-56042970",
            "Version": 1,
            "IsPersisted": true,
            "Name": "",
            "Policies": {
                "$type": "System.Collections.Generic.List`1[[Sitecore.Commerce.Core.Policy, Sitecore.Commerce.Core]], mscorlib",
                "$values": []
            }
        },
        {
            "$type": "Sitecore.Commerce.Plugin.Inventory.InventoryInformation, Sitecore.Commerce.Plugin.Inventory",
            "InventorySet": {
                "$type": "Sitecore.Commerce.Core.EntityReference, Sitecore.Commerce.Core",
                "Name": "",
                "EntityTarget": "Entity-InventorySet-HabitatHome_Inventory",
                "Policies": {
                    "$type": "System.Collections.Generic.List`1[[Sitecore.Commerce.Core.Policy, Sitecore.Commerce.Core]], mscorlib",
                    "$values": []
                }
            },
            "SellableItem": {
                "$type": "Sitecore.Commerce.Core.EntityReference, Sitecore.Commerce.Core",
                "Name": "",
                "EntityTarget": "Entity-SellableItem-6042971",
                "Policies": {
                    "$type": "System.Collections.Generic.List`1[[Sitecore.Commerce.Core.Policy, Sitecore.Commerce.Core]], mscorlib",
                    "$values": []
                }
            },
            "VariationId": "56042971",
            "Quantity": 10000,
            "InvoiceUnitPrice": {
                "$type": "Sitecore.Commerce.Core.Money, Sitecore.Commerce.Core",
                "CurrencyCode": "USD",
                "Amount": 0.0
            },
            "Components": {
                "$type": "System.Collections.Generic.List`1[[Sitecore.Commerce.Core.Component, Sitecore.Commerce.Core]], mscorlib",
                "$values": []
            },
            "DateCreated": "2018-01-11T18:47:17.4823103+00:00",
            "DateUpdated": "2018-01-11T18:47:17.4833087+00:00",
            "DisplayName": "",
            "FriendlyId": "HabitatHome_Inventory-6042971-56042971",
            "Id": "Entity-InventoryInformation-HabitatHome_Inventory-6042971-56042971",
            "Version": 1,
            "IsPersisted": true,
            "Name": "",
            "Policies": {
                "$type": "System.Collections.Generic.List`1[[Sitecore.Commerce.Core.Policy, Sitecore.Commerce.Core]], mscorlib",
                "$values": []
            }
        },
        {
            "$type": "Sitecore.Commerce.Plugin.Inventory.InventoryInformation, Sitecore.Commerce.Plugin.Inventory",
            "InventorySet": {
                "$type": "Sitecore.Commerce.Core.EntityReference, Sitecore.Commerce.Core",
                "Name": "",
                "EntityTarget": "Entity-InventorySet-HabitatHome_Inventory",
                "Policies": {
                    "$type": "System.Collections.Generic.List`1[[Sitecore.Commerce.Core.Policy, Sitecore.Commerce.Core]], mscorlib",
                    "$values": []
                }
            },
            "SellableItem": {
                "$type": "Sitecore.Commerce.Core.EntityReference, Sitecore.Commerce.Core",
                "Name": "",
                "EntityTarget": "Entity-SellableItem-6042972",
                "Policies": {
                    "$type": "System.Collections.Generic.List`1[[Sitecore.Commerce.Core.Policy, Sitecore.Commerce.Core]], mscorlib",
                    "$values": []
                }
            },
            "VariationId": "56042972",
            "Quantity": 10000,
            "InvoiceUnitPrice": {
                "$type": "Sitecore.Commerce.Core.Money, Sitecore.Commerce.Core",
                "CurrencyCode": "USD",
                "Amount": 0.0
            },
            "Components": {
                "$type": "System.Collections.Generic.List`1[[Sitecore.Commerce.Core.Component, Sitecore.Commerce.Core]], mscorlib",
                "$values": []
            },
            "DateCreated": "2018-01-11T18:47:17.5023132+00:00",
            "DateUpdated": "2018-01-11T18:47:17.5033145+00:00",
            "DisplayName": "",
            "FriendlyId": "HabitatHome_Inventory-6042972-56042972",
            "Id": "Entity-InventoryInformation-HabitatHome_Inventory-6042972-56042972",
            "Version": 1,
            "IsPersisted": true,
            "Name": "",
            "Policies": {
                "$type": "System.Collections.Generic.List`1[[Sitecore.Commerce.Core.Policy, Sitecore.Commerce.Core]], mscorlib",
                "$values": []
            }
        },
        {
            "$type": "Sitecore.Commerce.Plugin.Inventory.InventoryInformation, Sitecore.Commerce.Plugin.Inventory",
            "InventorySet": {
                "$type": "Sitecore.Commerce.Core.EntityReference, Sitecore.Commerce.Core",
                "Name": "",
                "EntityTarget": "Entity-InventorySet-HabitatHome_Inventory",
                "Policies": {
                    "$type": "System.Collections.Generic.List`1[[Sitecore.Commerce.Core.Policy, Sitecore.Commerce.Core]], mscorlib",
                    "$values": []
                }
            },
            "SellableItem": {
                "$type": "Sitecore.Commerce.Core.EntityReference, Sitecore.Commerce.Core",
                "Name": "",
                "EntityTarget": "Entity-SellableItem-6042973",
                "Policies": {
                    "$type": "System.Collections.Generic.List`1[[Sitecore.Commerce.Core.Policy, Sitecore.Commerce.Core]], mscorlib",
                    "$values": []
                }
            },
            "VariationId": "56042973",
            "Quantity": 10000,
            "InvoiceUnitPrice": {
                "$type": "Sitecore.Commerce.Core.Money, Sitecore.Commerce.Core",
                "CurrencyCode": "USD",
                "Amount": 0.0
            },
            "Components": {
                "$type": "System.Collections.Generic.List`1[[Sitecore.Commerce.Core.Component, Sitecore.Commerce.Core]], mscorlib",
                "$values": []
            },
            "DateCreated": "2018-01-11T18:47:17.5263135+00:00",
            "DateUpdated": "2018-01-11T18:47:17.5283128+00:00",
            "DisplayName": "",
            "FriendlyId": "HabitatHome_Inventory-6042973-56042973",
            "Id": "Entity-InventoryInformation-HabitatHome_Inventory-6042973-56042973",
            "Version": 1,
            "IsPersisted": true,
            "Name": "",
            "Policies": {
                "$type": "System.Collections.Generic.List`1[[Sitecore.Commerce.Core.Policy, Sitecore.Commerce.Core]], mscorlib",
                "$values": []
            }
        },
        {
            "$type": "Sitecore.Commerce.Plugin.Inventory.InventoryInformation, Sitecore.Commerce.Plugin.Inventory",
            "InventorySet": {
                "$type": "Sitecore.Commerce.Core.EntityReference, Sitecore.Commerce.Core",
                "Name": "",
                "EntityTarget": "Entity-InventorySet-HabitatHome_Inventory",
                "Policies": {
                    "$type": "System.Collections.Generic.List`1[[Sitecore.Commerce.Core.Policy, Sitecore.Commerce.Core]], mscorlib",
                    "$values": []
                }
            },
            "SellableItem": {
                "$type": "Sitecore.Commerce.Core.EntityReference, Sitecore.Commerce.Core",
                "Name": "",
                "EntityTarget": "Entity-SellableItem-6042974",
                "Policies": {
                    "$type": "System.Collections.Generic.List`1[[Sitecore.Commerce.Core.Policy, Sitecore.Commerce.Core]], mscorlib",
                    "$values": []
                }
            },
            "VariationId": "56042974",
            "Quantity": 10000,
            "InvoiceUnitPrice": {
                "$type": "Sitecore.Commerce.Core.Money, Sitecore.Commerce.Core",
                "CurrencyCode": "USD",
                "Amount": 0.0
            },
            "Components": {
                "$type": "System.Collections.Generic.List`1[[Sitecore.Commerce.Core.Component, Sitecore.Commerce.Core]], mscorlib",
                "$values": []
            },
            "DateCreated": "2018-01-11T18:47:17.5453141+00:00",
            "DateUpdated": "2018-01-11T18:47:17.5463133+00:00",
            "DisplayName": "",
            "FriendlyId": "HabitatHome_Inventory-6042974-56042974",
            "Id": "Entity-InventoryInformation-HabitatHome_Inventory-6042974-56042974",
            "Version": 1,
            "IsPersisted": true,
            "Name": "",
            "Policies": {
                "$type": "System.Collections.Generic.List`1[[Sitecore.Commerce.Core.Policy, Sitecore.Commerce.Core]], mscorlib",
                "$values": []
            }
        }
    ]
}