{"$type":"System.Collections.Generic.List`1[[Sitecore.Commerce.Plugin.Inventory.InventoryInformation, Sitecore.Commerce.Plugin.Inventory]], mscorlib","$values":[{"$type":"Sitecore.Commerce.Plugin.Inventory.InventoryInformation, Sitecore.Commerce.Plugin.Inventory","InventorySet":{"$type":"Sitecore.Commerce.Core.EntityReference, Sitecore.Commerce.Core","Name":"","EntityTarget":"Entity-InventorySet-HabitatHome_Inventory","Policies":{"$type":"System.Collections.Generic.List`1[[Sitecore.Commerce.Core.Policy, Sitecore.Commerce.Core]], mscorlib","$values":[]}},"SellableItem":{"$type":"Sitecore.Commerce.Core.EntityReference, Sitecore.Commerce.Core","Name":"","EntityTarget":"Entity-SellableItem-6042629","Policies":{"$type":"System.Collections.Generic.List`1[[Sitecore.Commerce.Core.Policy, Sitecore.Commerce.Core]], mscorlib","$values":[]}},"VariationId":"56042681","Quantity":10000,"InvoiceUnitPrice":{"$type":"Sitecore.Commerce.Core.Money, Sitecore.Commerce.Core","CurrencyCode":"USD","Amount":0.0},"Components":{"$type":"System.Collections.Generic.List`1[[Sitecore.Commerce.Core.Component, Sitecore.Commerce.Core]], mscorlib","$values":[]},"DateCreated":"2018-01-11T18:47:08.3578468+00:00","DateUpdated":"2018-01-11T18:47:08.3598448+00:00","DisplayName":"","FriendlyId":"HabitatHome_Inventory-6042629-56042681","Id":"Entity-InventoryInformation-HabitatHome_Inventory-6042629-56042681","Version":1,"IsPersisted":true,"Name":"","Policies":{"$type":"System.Collections.Generic.List`1[[Sitecore.Commerce.Core.Policy, Sitecore.Commerce.Core]], mscorlib","$values":[]}},{"$type":"Sitecore.Commerce.Plugin.Inventory.InventoryInformation, Sitecore.Commerce.Plugin.Inventory","InventorySet":{"$type":"Sitecore.Commerce.Core.EntityReference, Sitecore.Commerce.Core","Name":"","EntityTarget":"Entity-InventorySet-HabitatHome_Inventory","Policies":{"$type":"System.Collections.Generic.List`1[[Sitecore.Commerce.Core.Policy, Sitecore.Commerce.Core]], mscorlib","$values":[]}},"SellableItem":{"$type":"Sitecore.Commerce.Core.EntityReference, Sitecore.Commerce.Core","Name":"","EntityTarget":"Entity-SellableItem-6042629","Policies":{"$type":"System.Collections.Generic.List`1[[Sitecore.Commerce.Core.Policy, Sitecore.Commerce.Core]], mscorlib","$values":[]}},"VariationId":"56042682","Quantity":10000,"InvoiceUnitPrice":{"$type":"Sitecore.Commerce.Core.Money, Sitecore.Commerce.Core","CurrencyCode":"USD","Amount":0.0},"Components":{"$type":"System.Collections.Generic.List`1[[Sitecore.Commerce.Core.Component, Sitecore.Commerce.Core]], mscorlib","$values":[]},"DateCreated":"2018-01-11T18:47:08.368847+00:00","DateUpdated":"2018-01-11T18:47:08.3698446+00:00","DisplayName":"","FriendlyId":"HabitatHome_Inventory-6042629-56042682","Id":"Entity-InventoryInformation-HabitatHome_Inventory-6042629-56042682","Version":1,"IsPersisted":true,"Name":"","Policies":{"$type":"System.Collections.Generic.List`1[[Sitecore.Commerce.Core.Policy, Sitecore.Commerce.Core]], mscorlib","$values":[]}},{"$type":"Sitecore.Commerce.Plugin.Inventory.InventoryInformation, Sitecore.Commerce.Plugin.Inventory","InventorySet":{"$type":"Sitecore.Commerce.Core.EntityReference, Sitecore.Commerce.Core","Name":"","EntityTarget":"Entity-InventorySet-HabitatHome_Inventory","Policies":{"$type":"System.Collections.Generic.List`1[[Sitecore.Commerce.Core.Policy, Sitecore.Commerce.Core]], mscorlib","$values":[]}},"SellableItem":{"$type":"Sitecore.Commerce.Core.EntityReference, Sitecore.Commerce.Core","Name":"","EntityTarget":"Entity-SellableItem-6042629","Policies":{"$type":"System.Collections.Generic.List`1[[Sitecore.Commerce.Core.Policy, Sitecore.Commerce.Core]], mscorlib","$values":[]}},"VariationId":"56042683","Quantity":10000,"InvoiceUnitPrice":{"$type":"Sitecore.Commerce.Core.Money, Sitecore.Commerce.Core","CurrencyCode":"USD","Amount":0.0},"Components":{"$type":"System.Collections.Generic.List`1[[Sitecore.Commerce.Core.Component, Sitecore.Commerce.Core]], mscorlib","$values":[]},"DateCreated":"2018-01-11T18:47:08.3798452+00:00","DateUpdated":"2018-01-11T18:47:08.3808461+00:00","DisplayName":"","FriendlyId":"HabitatHome_Inventory-6042629-56042683","Id":"Entity-InventoryInformation-HabitatHome_Inventory-6042629-56042683","Version":1,"IsPersisted":true,"Name":"","Policies":{"$type":"System.Collections.Generic.List`1[[Sitecore.Commerce.Core.Policy, Sitecore.Commerce.Core]], mscorlib","$values":[]}},{"$type":"Sitecore.Commerce.Plugin.Inventory.InventoryInformation, Sitecore.Commerce.Plugin.Inventory","InventorySet":{"$type":"Sitecore.Commerce.Core.EntityReference, Sitecore.Commerce.Core","Name":"","EntityTarget":"Entity-InventorySet-HabitatHome_Inventory","Policies":{"$type":"System.Collections.Generic.List`1[[Sitecore.Commerce.Core.Policy, Sitecore.Commerce.Core]], mscorlib","$values":[]}},"SellableItem":{"$type":"Sitecore.Commerce.Core.EntityReference, Sitecore.Commerce.Core","Name":"","EntityTarget":"Entity-SellableItem-6042629","Policies":{"$type":"System.Collections.Generic.List`1[[Sitecore.Commerce.Core.Policy, Sitecore.Commerce.Core]], mscorlib","$values":[]}},"VariationId":"56042684","Quantity":10000,"InvoiceUnitPrice":{"$type":"Sitecore.Commerce.Core.Money, Sitecore.Commerce.Core","CurrencyCode":"USD","Amount":0.0},"Components":{"$type":"System.Collections.Generic.List`1[[Sitecore.Commerce.Core.Component, Sitecore.Commerce.Core]], mscorlib","$values":[]},"DateCreated":"2018-01-11T18:47:08.3908467+00:00","DateUpdated":"2018-01-11T18:47:08.3918468+00:00","DisplayName":"","FriendlyId":"HabitatHome_Inventory-6042629-56042684","Id":"Entity-InventoryInformation-HabitatHome_Inventory-6042629-56042684","Version":1,"IsPersisted":true,"Name":"","Policies":{"$type":"System.Collections.Generic.List`1[[Sitecore.Commerce.Core.Policy, Sitecore.Commerce.Core]], mscorlib","$values":[]}},{"$type":"Sitecore.Commerce.Plugin.Inventory.InventoryInformation, Sitecore.Commerce.Plugin.Inventory","InventorySet":{"$type":"Sitecore.Commerce.Core.EntityReference, Sitecore.Commerce.Core","Name":"","EntityTarget":"Entity-InventorySet-HabitatHome_Inventory","Policies":{"$type":"System.Collections.Generic.List`1[[Sitecore.Commerce.Core.Policy, Sitecore.Commerce.Core]], mscorlib","$values":[]}},"SellableItem":{"$type":"Sitecore.Commerce.Core.EntityReference, Sitecore.Commerce.Core","Name":"","EntityTarget":"Entity-SellableItem-6042633","Policies":{"$type":"System.Collections.Generic.List`1[[Sitecore.Commerce.Core.Policy, Sitecore.Commerce.Core]], mscorlib","$values":[]}},"VariationId":"56042633","Quantity":10000,"InvoiceUnitPrice":{"$type":"Sitecore.Commerce.Core.Money, Sitecore.Commerce.Core","CurrencyCode":"USD","Amount":0.0},"Components":{"$type":"System.Collections.Generic.List`1[[Sitecore.Commerce.Core.Component, Sitecore.Commerce.Core]], mscorlib","$values":[]},"DateCreated":"2018-01-11T18:47:08.4108474+00:00","DateUpdated":"2018-01-11T18:47:08.4118463+00:00","DisplayName":"","FriendlyId":"HabitatHome_Inventory-6042633-56042633","Id":"Entity-InventoryInformation-HabitatHome_Inventory-6042633-56042633","Version":1,"IsPersisted":true,"Name":"","Policies":{"$type":"System.Collections.Generic.List`1[[Sitecore.Commerce.Core.Policy, Sitecore.Commerce.Core]], mscorlib","$values":[]}},{"$type":"Sitecore.Commerce.Plugin.Inventory.InventoryInformation, Sitecore.Commerce.Plugin.Inventory","InventorySet":{"$type":"Sitecore.Commerce.Core.EntityReference, Sitecore.Commerce.Core","Name":"","EntityTarget":"Entity-InventorySet-HabitatHome_Inventory","Policies":{"$type":"System.Collections.Generic.List`1[[Sitecore.Commerce.Core.Policy, Sitecore.Commerce.Core]], mscorlib","$values":[]}},"SellableItem":{"$type":"Sitecore.Commerce.Core.EntityReference, Sitecore.Commerce.Core","Name":"","EntityTarget":"Entity-SellableItem-6042633","Policies":{"$type":"System.Collections.Generic.List`1[[Sitecore.Commerce.Core.Policy, Sitecore.Commerce.Core]], mscorlib","$values":[]}},"VariationId":"56042634","Quantity":10000,"InvoiceUnitPrice":{"$type":"Sitecore.Commerce.Core.Money, Sitecore.Commerce.Core","CurrencyCode":"USD","Amount":0.0},"Components":{"$type":"System.Collections.Generic.List`1[[Sitecore.Commerce.Core.Component, Sitecore.Commerce.Core]], mscorlib","$values":[]},"DateCreated":"2018-01-11T18:47:08.4208493+00:00","DateUpdated":"2018-01-11T18:47:08.4218468+00:00","DisplayName":"","FriendlyId":"HabitatHome_Inventory-6042633-56042634","Id":"Entity-InventoryInformation-HabitatHome_Inventory-6042633-56042634","Version":1,"IsPersisted":true,"Name":"","Policies":{"$type":"System.Collections.Generic.List`1[[Sitecore.Commerce.Core.Policy, Sitecore.Commerce.Core]], mscorlib","$values":[]}},{"$type":"Sitecore.Commerce.Plugin.Inventory.InventoryInformation, Sitecore.Commerce.Plugin.Inventory","InventorySet":{"$type":"Sitecore.Commerce.Core.EntityReference, Sitecore.Commerce.Core","Name":"","EntityTarget":"Entity-InventorySet-HabitatHome_Inventory","Policies":{"$type":"System.Collections.Generic.List`1[[Sitecore.Commerce.Core.Policy, Sitecore.Commerce.Core]], mscorlib","$values":[]}},"SellableItem":{"$type":"Sitecore.Commerce.Core.EntityReference, Sitecore.Commerce.Core","Name":"","EntityTarget":"Entity-SellableItem-6042633","Policies":{"$type":"System.Collections.Generic.List`1[[Sitecore.Commerce.Core.Policy, Sitecore.Commerce.Core]], mscorlib","$values":[]}},"VariationId":"56042635","Quantity":10000,"InvoiceUnitPrice":{"$type":"Sitecore.Commerce.Core.Money, Sitecore.Commerce.Core","CurrencyCode":"USD","Amount":0.0},"Components":{"$type":"System.Collections.Generic.List`1[[Sitecore.Commerce.Core.Component, Sitecore.Commerce.Core]], mscorlib","$values":[]},"DateCreated":"2018-01-11T18:47:08.4318496+00:00","DateUpdated":"2018-01-11T18:47:08.4338553+00:00","DisplayName":"","FriendlyId":"HabitatHome_Inventory-6042633-56042635","Id":"Entity-InventoryInformation-HabitatHome_Inventory-6042633-56042635","Version":1,"IsPersisted":true,"Name":"","Policies":{"$type":"System.Collections.Generic.List`1[[Sitecore.Commerce.Core.Policy, Sitecore.Commerce.Core]], mscorlib","$values":[]}},{"$type":"Sitecore.Commerce.Plugin.Inventory.InventoryInformation, Sitecore.Commerce.Plugin.Inventory","InventorySet":{"$type":"Sitecore.Commerce.Core.EntityReference, Sitecore.Commerce.Core","Name":"","EntityTarget":"Entity-InventorySet-HabitatHome_Inventory","Policies":{"$type":"System.Collections.Generic.List`1[[Sitecore.Commerce.Core.Policy, Sitecore.Commerce.Core]], mscorlib","$values":[]}},"SellableItem":{"$type":"Sitecore.Commerce.Core.EntityReference, Sitecore.Commerce.Core","Name":"","EntityTarget":"Entity-SellableItem-6042633","Policies":{"$type":"System.Collections.Generic.List`1[[Sitecore.Commerce.Core.Policy, Sitecore.Commerce.Core]], mscorlib","$values":[]}},"VariationId":"56042636","Quantity":10000,"InvoiceUnitPrice":{"$type":"Sitecore.Commerce.Core.Money, Sitecore.Commerce.Core","CurrencyCode":"USD","Amount":0.0},"Components":{"$type":"System.Collections.Generic.List`1[[Sitecore.Commerce.Core.Component, Sitecore.Commerce.Core]], mscorlib","$values":[]},"DateCreated":"2018-01-11T18:47:08.4428528+00:00","DateUpdated":"2018-01-11T18:47:08.44485+00:00","DisplayName":"","FriendlyId":"HabitatHome_Inventory-6042633-56042636","Id":"Entity-InventoryInformation-HabitatHome_Inventory-6042633-56042636","Version":1,"IsPersisted":true,"Name":"","Policies":{"$type":"System.Collections.Generic.List`1[[Sitecore.Commerce.Core.Policy, Sitecore.Commerce.Core]], mscorlib","$values":[]}},{"$type":"Sitecore.Commerce.Plugin.Inventory.InventoryInformation, Sitecore.Commerce.Plugin.Inventory","InventorySet":{"$type":"Sitecore.Commerce.Core.EntityReference, Sitecore.Commerce.Core","Name":"","EntityTarget":"Entity-InventorySet-HabitatHome_Inventory","Policies":{"$type":"System.Collections.Generic.List`1[[Sitecore.Commerce.Core.Policy, Sitecore.Commerce.Core]], mscorlib","$values":[]}},"SellableItem":{"$type":"Sitecore.Commerce.Core.EntityReference, Sitecore.Commerce.Core","Name":"","EntityTarget":"Entity-SellableItem-6042633","Policies":{"$type":"System.Collections.Generic.List`1[[Sitecore.Commerce.Core.Policy, Sitecore.Commerce.Core]], mscorlib","$values":[]}},"VariationId":"56042685","Quantity":10000,"InvoiceUnitPrice":{"$type":"Sitecore.Commerce.Core.Money, Sitecore.Commerce.Core","CurrencyCode":"USD","Amount":0.0},"Components":{"$type":"System.Collections.Generic.List`1[[Sitecore.Commerce.Core.Component, Sitecore.Commerce.Core]], mscorlib","$values":[]},"DateCreated":"2018-01-11T18:47:08.4548519+00:00","DateUpdated":"2018-01-11T18:47:08.4558494+00:00","DisplayName":"","FriendlyId":"HabitatHome_Inventory-6042633-56042685","Id":"Entity-InventoryInformation-HabitatHome_Inventory-6042633-56042685","Version":1,"IsPersisted":true,"Name":"","Policies":{"$type":"System.Collections.Generic.List`1[[Sitecore.Commerce.Core.Policy, Sitecore.Commerce.Core]], mscorlib","$values":[]}},{"$type":"Sitecore.Commerce.Plugin.Inventory.InventoryInformation, Sitecore.Commerce.Plugin.Inventory","InventorySet":{"$type":"Sitecore.Commerce.Core.EntityReference, Sitecore.Commerce.Core","Name":"","EntityTarget":"Entity-InventorySet-HabitatHome_Inventory","Policies":{"$type":"System.Collections.Generic.List`1[[Sitecore.Commerce.Core.Policy, Sitecore.Commerce.Core]], mscorlib","$values":[]}},"SellableItem":{"$type":"Sitecore.Commerce.Core.EntityReference, Sitecore.Commerce.Core","Name":"","EntityTarget":"Entity-SellableItem-6042633","Policies":{"$type":"System.Collections.Generic.List`1[[Sitecore.Commerce.Core.Policy, Sitecore.Commerce.Core]], mscorlib","$values":[]}},"VariationId":"56042686","Quantity":10000,"InvoiceUnitPrice":{"$type":"Sitecore.Commerce.Core.Money, Sitecore.Commerce.Core","CurrencyCode":"USD","Amount":0.0},"Components":{"$type":"System.Collections.Generic.List`1[[Sitecore.Commerce.Core.Component, Sitecore.Commerce.Core]], mscorlib","$values":[]},"DateCreated":"2018-01-11T18:47:08.4648542+00:00","DateUpdated":"2018-01-11T18:47:08.4658504+00:00","DisplayName":"","FriendlyId":"HabitatHome_Inventory-6042633-56042686","Id":"Entity-InventoryInformation-HabitatHome_Inventory-6042633-56042686","Version":1,"IsPersisted":true,"Name":"","Policies":{"$type":"System.Collections.Generic.List`1[[Sitecore.Commerce.Core.Policy, Sitecore.Commerce.Core]], mscorlib","$values":[]}}]}