{
    "$type": "System.Collections.Generic.List`1[[Sitecore.Commerce.Plugin.Inventory.InventorySet, Sitecore.Commerce.Plugin.Inventory]], mscorlib",
    "$values": [
        {
            "$type": "Sitecore.Commerce.Plugin.Inventory.InventorySet, Sitecore.Commerce.Plugin.Inventory",
            "Description": "Inventory Catalog for HabitatHome_Master",
            "Components": {
                "$type": "System.Collections.Generic.List`1[[Sitecore.Commerce.Core.Component, Sitecore.Commerce.Core]], mscorlib",
                "$values": [
                    {
                        "$type": "Sitecore.Commerce.Plugin.ManagedLists.ListMembershipsComponent, Sitecore.Commerce.Plugin.ManagedLists",
                        "Memberships": {
                            "$type": "System.Collections.Generic.List`1[[System.String, mscorlib]], mscorlib",
                            "$values": [
                                "InventorySets"
                            ]
                        },
                        "Id": "59c97c9c0c2e42a799a6d1e371ae2482",
                        "Name": "",
                        "Comments": "",
                        "Policies": {
                            "$type": "System.Collections.Generic.List`1[[Sitecore.Commerce.Core.Policy, Sitecore.Commerce.Core]], mscorlib",
                            "$values": []
                        },
                        "ChildComponents": {
                            "$type": "System.Collections.Generic.List`1[[Sitecore.Commerce.Core.Component, Sitecore.Commerce.Core]], mscorlib",
                            "$values": []
                        }
                    },
                    {
                        "$type": "Sitecore.Commerce.Core.LocalizedEntityComponent, Sitecore.Commerce.Core",
                        "Entity": {
                            "$type": "Sitecore.Commerce.Core.EntityReference, Sitecore.Commerce.Core",
                            "Name": "",
                            "EntityTarget": "Entity-LocalizationEntity-3faaab1c4f20434bae65fbde0e18b0c5",
                            "Policies": {
                                "$type": "System.Collections.Generic.List`1[[Sitecore.Commerce.Core.Policy, Sitecore.Commerce.Core]], mscorlib",
                                "$values": []
                            }
                        },
                        "Id": "db3b38d2e4e14cdcb09414b9aa9a3090",
                        "Name": "",
                        "Comments": "",
                        "Policies": {
                            "$type": "System.Collections.Generic.List`1[[Sitecore.Commerce.Core.Policy, Sitecore.Commerce.Core]], mscorlib",
                            "$values": []
                        },
                        "ChildComponents": {
                            "$type": "System.Collections.Generic.List`1[[Sitecore.Commerce.Core.Component, Sitecore.Commerce.Core]], mscorlib",
                            "$values": []
                        }
                    }
                ]
            },
            "DateCreated": "2018-01-11T18:47:07.3277938+00:00",
            "DateUpdated": "2018-01-11T18:47:07.3457965+00:00",
            "DisplayName": "HabitatHome_Inventory",
            "FriendlyId": "HabitatHome_Inventory",
            "Id": "Entity-InventorySet-HabitatHome_Inventory",
            "Version": 1,
            "IsPersisted": true,
            "Name": "HabitatHome_Inventory",
            "Policies": {
                "$type": "System.Collections.Generic.List`1[[Sitecore.Commerce.Core.Policy, Sitecore.Commerce.Core]], mscorlib",
                "$values": []
            }
        }
    ]
}