{"$type":"System.Collections.Generic.List`1[[Sitecore.Commerce.Plugin.Catalog.RelationshipArgument, Sitecore.Commerce.Plugin.Catalog]], mscorlib","$values":[{"$type":"Sitecore.Commerce.Plugin.Catalog.RelationshipArgument, Sitecore.Commerce.Plugin.Catalog","SourceName":"Entity-InventorySet-Habitat_Inventory","TargetName":"Entity-InventoryInformation-Habitat_Inventory-6042487-56042487","RelationshipType":"InventorySetToInventoryInformation"},{"$type":"Sitecore.Commerce.Plugin.Catalog.RelationshipArgument, Sitecore.Commerce.Plugin.Catalog","SourceName":"Entity-InventorySet-Habitat_Inventory","TargetName":"Entity-InventoryInformation-Habitat_Inventory-6042488-56042488","RelationshipType":"InventorySetToInventoryInformation"},{"$type":"Sitecore.Commerce.Plugin.Catalog.RelationshipArgument, Sitecore.Commerce.Plugin.Catalog","SourceName":"Entity-InventorySet-Habitat_Inventory","TargetName":"Entity-InventoryInformation-Habitat_Inventory-6042489-56042489","RelationshipType":"InventorySetToInventoryInformation"},{"$type":"Sitecore.Commerce.Plugin.Catalog.RelationshipArgument, Sitecore.Commerce.Plugin.Catalog","SourceName":"Entity-InventorySet-Habitat_Inventory","TargetName":"Entity-InventoryInformation-Habitat_Inventory-6042490-56042490","RelationshipType":"InventorySetToInventoryInformation"},{"$type":"Sitecore.Commerce.Plugin.Catalog.RelationshipArgument, Sitecore.Commerce.Plugin.Catalog","SourceName":"Entity-InventorySet-Habitat_Inventory","TargetName":"Entity-InventoryInformation-Habitat_Inventory-6042491-56042491","RelationshipType":"InventorySetToInventoryInformation"},{"$type":"Sitecore.Commerce.Plugin.Catalog.RelationshipArgument, Sitecore.Commerce.Plugin.Catalog","SourceName":"Entity-InventorySet-Habitat_Inventory","TargetName":"Entity-InventoryInformation-Habitat_Inventory-6042492-56042492","RelationshipType":"InventorySetToInventoryInformation"},{"$type":"Sitecore.Commerce.Plugin.Catalog.RelationshipArgument, Sitecore.Commerce.Plugin.Catalog","SourceName":"Entity-InventorySet-Habitat_Inventory","TargetName":"Entity-InventoryInformation-Habitat_Inventory-6042493-56042493","RelationshipType":"InventorySetToInventoryInformation"},{"$type":"Sitecore.Commerce.Plugin.Catalog.RelationshipArgument, Sitecore.Commerce.Plugin.Catalog","SourceName":"Entity-InventorySet-Habitat_Inventory","TargetName":"Entity-InventoryInformation-Habitat_Inventory-6042494-56042494","RelationshipType":"InventorySetToInventoryInformation"},{"$type":"Sitecore.Commerce.Plugin.Catalog.RelationshipArgument, Sitecore.Commerce.Plugin.Catalog","SourceName":"Entity-InventorySet-Habitat_Inventory","TargetName":"Entity-InventoryInformation-Habitat_Inventory-6042495-56042495","RelationshipType":"InventorySetToInventoryInformation"},{"$type":"Sitecore.Commerce.Plugin.Catalog.RelationshipArgument, Sitecore.Commerce.Plugin.Catalog","SourceName":"Entity-InventorySet-Habitat_Inventory","TargetName":"Entity-InventoryInformation-Habitat_Inventory-6042496-56042496","RelationshipType":"InventorySetToInventoryInformation"}]}