{"$type":"System.Collections.Generic.List`1[[Sitecore.Commerce.Plugin.Catalog.RelationshipArgument, Sitecore.Commerce.Plugin.Catalog]], mscorlib","$values":[{"$type":"Sitecore.Commerce.Plugin.Catalog.RelationshipArgument, Sitecore.Commerce.Plugin.Catalog","SourceName":"Entity-InventorySet-Habitat_Inventory","TargetName":"Entity-InventoryInformation-Habitat_Inventory-6042621-56042621","RelationshipType":"InventorySetToInventoryInformation"},{"$type":"Sitecore.Commerce.Plugin.Catalog.RelationshipArgument, Sitecore.Commerce.Plugin.Catalog","SourceName":"Entity-InventorySet-Habitat_Inventory","TargetName":"Entity-InventoryInformation-Habitat_Inventory-6042621-56042622","RelationshipType":"InventorySetToInventoryInformation"},{"$type":"Sitecore.Commerce.Plugin.Catalog.RelationshipArgument, Sitecore.Commerce.Plugin.Catalog","SourceName":"Entity-InventorySet-Habitat_Inventory","TargetName":"Entity-InventoryInformation-Habitat_Inventory-6042621-56042623","RelationshipType":"InventorySetToInventoryInformation"},{"$type":"Sitecore.Commerce.Plugin.Catalog.RelationshipArgument, Sitecore.Commerce.Plugin.Catalog","SourceName":"Entity-InventorySet-Habitat_Inventory","TargetName":"Entity-InventoryInformation-Habitat_Inventory-6042621-56042624","RelationshipType":"InventorySetToInventoryInformation"},{"$type":"Sitecore.Commerce.Plugin.Catalog.RelationshipArgument, Sitecore.Commerce.Plugin.Catalog","SourceName":"Entity-InventorySet-Habitat_Inventory","TargetName":"Entity-InventoryInformation-Habitat_Inventory-6042621-56042673","RelationshipType":"InventorySetToInventoryInformation"},{"$type":"Sitecore.Commerce.Plugin.Catalog.RelationshipArgument, Sitecore.Commerce.Plugin.Catalog","SourceName":"Entity-InventorySet-Habitat_Inventory","TargetName":"Entity-InventoryInformation-Habitat_Inventory-6042621-56042674","RelationshipType":"InventorySetToInventoryInformation"},{"$type":"Sitecore.Commerce.Plugin.Catalog.RelationshipArgument, Sitecore.Commerce.Plugin.Catalog","SourceName":"Entity-InventorySet-Habitat_Inventory","TargetName":"Entity-InventoryInformation-Habitat_Inventory-6042621-56042675","RelationshipType":"InventorySetToInventoryInformation"},{"$type":"Sitecore.Commerce.Plugin.Catalog.RelationshipArgument, Sitecore.Commerce.Plugin.Catalog","SourceName":"Entity-InventorySet-Habitat_Inventory","TargetName":"Entity-InventoryInformation-Habitat_Inventory-6042621-56042676","RelationshipType":"InventorySetToInventoryInformation"},{"$type":"Sitecore.Commerce.Plugin.Catalog.RelationshipArgument, Sitecore.Commerce.Plugin.Catalog","SourceName":"Entity-InventorySet-Habitat_Inventory","TargetName":"Entity-InventoryInformation-Habitat_Inventory-6042625-56042625","RelationshipType":"InventorySetToInventoryInformation"},{"$type":"Sitecore.Commerce.Plugin.Catalog.RelationshipArgument, Sitecore.Commerce.Plugin.Catalog","SourceName":"Entity-InventorySet-Habitat_Inventory","TargetName":"Entity-InventoryInformation-Habitat_Inventory-6042625-56042626","RelationshipType":"InventorySetToInventoryInformation"}]}