{
  "$type": "System.Collections.Generic.List`1[[Sitecore.Commerce.Plugin.Catalog.RelationshipArgument, Sitecore.Commerce.Plugin.Catalog]], mscorlib",
  "$values": [
    {
      "$type": "Sitecore.Commerce.Plugin.Catalog.RelationshipArgument, Sitecore.Commerce.Plugin.Catalog",
      "SourceName": "Entity-InventorySet-HabitatHome_Inventory",
      "TargetName": "Entity-InventoryInformation-HabitatHome_Inventory-6042058-56042058",
      "RelationshipType": "InventorySetToInventoryInformation"
    },
    {
      "$type": "Sitecore.Commerce.Plugin.Catalog.RelationshipArgument, Sitecore.Commerce.Plugin.Catalog",
      "SourceName": "Entity-InventorySet-HabitatHome_Inventory",
      "TargetName": "Entity-InventoryInformation-HabitatHome_Inventory-6042059-56042059",
      "RelationshipType": "InventorySetToInventoryInformation"
    },
    {
      "$type": "Sitecore.Commerce.Plugin.Catalog.RelationshipArgument, Sitecore.Commerce.Plugin.Catalog",
      "SourceName": "Entity-InventorySet-HabitatHome_Inventory",
      "TargetName": "Entity-InventoryInformation-HabitatHome_Inventory-6042060-56042060",
      "RelationshipType": "InventorySetToInventoryInformation"
    },
    {
      "$type": "Sitecore.Commerce.Plugin.Catalog.RelationshipArgument, Sitecore.Commerce.Plugin.Catalog",
      "SourceName": "Entity-InventorySet-HabitatHome_Inventory",
      "TargetName": "Entity-InventoryInformation-HabitatHome_Inventory-6042061-56042061",
      "RelationshipType": "InventorySetToInventoryInformation"
    },
    {
      "$type": "Sitecore.Commerce.Plugin.Catalog.RelationshipArgument, Sitecore.Commerce.Plugin.Catalog",
      "SourceName": "Entity-InventorySet-HabitatHome_Inventory",
      "TargetName": "Entity-InventoryInformation-HabitatHome_Inventory-6042062-56042062",
      "RelationshipType": "InventorySetToInventoryInformation"
    },
    {
      "$type": "Sitecore.Commerce.Plugin.Catalog.RelationshipArgument, Sitecore.Commerce.Plugin.Catalog",
      "SourceName": "Entity-InventorySet-HabitatHome_Inventory",
      "TargetName": "Entity-InventoryInformation-HabitatHome_Inventory-6042063-56042063",
      "RelationshipType": "InventorySetToInventoryInformation"
    },
    {
      "$type": "Sitecore.Commerce.Plugin.Catalog.RelationshipArgument, Sitecore.Commerce.Plugin.Catalog",
      "SourceName": "Entity-InventorySet-HabitatHome_Inventory",
      "TargetName": "Entity-InventoryInformation-HabitatHome_Inventory-6042064-56042064",
      "RelationshipType": "InventorySetToInventoryInformation"
    },
    {
      "$type": "Sitecore.Commerce.Plugin.Catalog.RelationshipArgument, Sitecore.Commerce.Plugin.Catalog",
      "SourceName": "Entity-InventorySet-HabitatHome_Inventory",
      "TargetName": "Entity-InventoryInformation-HabitatHome_Inventory-6042065-56042065",
      "RelationshipType": "InventorySetToInventoryInformation"
    },
    {
      "$type": "Sitecore.Commerce.Plugin.Catalog.RelationshipArgument, Sitecore.Commerce.Plugin.Catalog",
      "SourceName": "Entity-InventorySet-HabitatHome_Inventory",
      "TargetName": "Entity-InventoryInformation-HabitatHome_Inventory-6042066-56042066",
      "RelationshipType": "InventorySetToInventoryInformation"
    },
    {
      "$type": "Sitecore.Commerce.Plugin.Catalog.RelationshipArgument, Sitecore.Commerce.Plugin.Catalog",
      "SourceName": "Entity-InventorySet-HabitatHome_Inventory",
      "TargetName": "Entity-InventoryInformation-HabitatHome_Inventory-6042067-56042067",
      "RelationshipType": "InventorySetToInventoryInformation"
    }
  ]
}