{"$type":"System.Collections.Generic.List`1[[Sitecore.Commerce.Plugin.Catalog.RelationshipArgument, Sitecore.Commerce.Plugin.Catalog]], mscorlib","$values":[{"$type":"Sitecore.Commerce.Plugin.Catalog.RelationshipArgument, Sitecore.Commerce.Plugin.Catalog","SourceName":"Entity-InventorySet-HabitatHome_Inventory","TargetName":"Entity-InventoryInformation-HabitatHome_Inventory-6042871-56042871","RelationshipType":"InventorySetToInventoryInformation"},{"$type":"Sitecore.Commerce.Plugin.Catalog.RelationshipArgument, Sitecore.Commerce.Plugin.Catalog","SourceName":"Entity-InventorySet-HabitatHome_Inventory","TargetName":"Entity-InventoryInformation-HabitatHome_Inventory-6042872-56042872","RelationshipType":"InventorySetToInventoryInformation"},{"$type":"Sitecore.Commerce.Plugin.Catalog.RelationshipArgument, Sitecore.Commerce.Plugin.Catalog","SourceName":"Entity-InventorySet-HabitatHome_Inventory","TargetName":"Entity-InventoryInformation-HabitatHome_Inventory-6042873-56042873","RelationshipType":"InventorySetToInventoryInformation"},{"$type":"Sitecore.Commerce.Plugin.Catalog.RelationshipArgument, Sitecore.Commerce.Plugin.Catalog","SourceName":"Entity-InventorySet-HabitatHome_Inventory","TargetName":"Entity-InventoryInformation-HabitatHome_Inventory-6042874-56042874","RelationshipType":"InventorySetToInventoryInformation"},{"$type":"Sitecore.Commerce.Plugin.Catalog.RelationshipArgument, Sitecore.Commerce.Plugin.Catalog","SourceName":"Entity-InventorySet-HabitatHome_Inventory","TargetName":"Entity-InventoryInformation-HabitatHome_Inventory-6042875-56042875","RelationshipType":"InventorySetToInventoryInformation"},{"$type":"Sitecore.Commerce.Plugin.Catalog.RelationshipArgument, Sitecore.Commerce.Plugin.Catalog","SourceName":"Entity-InventorySet-HabitatHome_Inventory","TargetName":"Entity-InventoryInformation-HabitatHome_Inventory-6042876-56042876","RelationshipType":"InventorySetToInventoryInformation"},{"$type":"Sitecore.Commerce.Plugin.Catalog.RelationshipArgument, Sitecore.Commerce.Plugin.Catalog","SourceName":"Entity-InventorySet-HabitatHome_Inventory","TargetName":"Entity-InventoryInformation-HabitatHome_Inventory-6042877-56042877","RelationshipType":"InventorySetToInventoryInformation"},{"$type":"Sitecore.Commerce.Plugin.Catalog.RelationshipArgument, Sitecore.Commerce.Plugin.Catalog","SourceName":"Entity-InventorySet-HabitatHome_Inventory","TargetName":"Entity-InventoryInformation-HabitatHome_Inventory-6042878-56042878","RelationshipType":"InventorySetToInventoryInformation"},{"$type":"Sitecore.Commerce.Plugin.Catalog.RelationshipArgument, Sitecore.Commerce.Plugin.Catalog","SourceName":"Entity-InventorySet-HabitatHome_Inventory","TargetName":"Entity-InventoryInformation-HabitatHome_Inventory-6042879-56042879","RelationshipType":"InventorySetToInventoryInformation"},{"$type":"Sitecore.Commerce.Plugin.Catalog.RelationshipArgument, Sitecore.Commerce.Plugin.Catalog","SourceName":"Entity-InventorySet-HabitatHome_Inventory","TargetName":"Entity-InventoryInformation-HabitatHome_Inventory-6042880-56042880","RelationshipType":"InventorySetToInventoryInformation"}]}