{"$type":"System.Collections.Generic.List`1[[Sitecore.Commerce.Plugin.Catalog.RelationshipArgument, Sitecore.Commerce.Plugin.Catalog]], mscorlib","$values":[{"$type":"Sitecore.Commerce.Plugin.Catalog.RelationshipArgument, Sitecore.Commerce.Plugin.Catalog","SourceName":"Entity-InventorySet-HabitatHome_Inventory","TargetName":"Entity-InventoryInformation-HabitatHome_Inventory-6042402-56042404","RelationshipType":"InventorySetToInventoryInformation"},{"$type":"Sitecore.Commerce.Plugin.Catalog.RelationshipArgument, Sitecore.Commerce.Plugin.Catalog","SourceName":"Entity-InventorySet-HabitatHome_Inventory","TargetName":"Entity-InventoryInformation-HabitatHome_Inventory-6042402-56042405","RelationshipType":"InventorySetToInventoryInformation"},{"$type":"Sitecore.Commerce.Plugin.Catalog.RelationshipArgument, Sitecore.Commerce.Plugin.Catalog","SourceName":"Entity-InventorySet-HabitatHome_Inventory","TargetName":"Entity-InventoryInformation-HabitatHome_Inventory-6042406-56042406","RelationshipType":"InventorySetToInventoryInformation"},{"$type":"Sitecore.Commerce.Plugin.Catalog.RelationshipArgument, Sitecore.Commerce.Plugin.Catalog","SourceName":"Entity-InventorySet-HabitatHome_Inventory","TargetName":"Entity-InventoryInformation-HabitatHome_Inventory-6042407-56042407","RelationshipType":"InventorySetToInventoryInformation"},{"$type":"Sitecore.Commerce.Plugin.Catalog.RelationshipArgument, Sitecore.Commerce.Plugin.Catalog","SourceName":"Entity-InventorySet-HabitatHome_Inventory","TargetName":"Entity-InventoryInformation-HabitatHome_Inventory-6042408-56042408","RelationshipType":"InventorySetToInventoryInformation"},{"$type":"Sitecore.Commerce.Plugin.Catalog.RelationshipArgument, Sitecore.Commerce.Plugin.Catalog","SourceName":"Entity-InventorySet-HabitatHome_Inventory","TargetName":"Entity-InventoryInformation-HabitatHome_Inventory-6042409-56042409","RelationshipType":"InventorySetToInventoryInformation"},{"$type":"Sitecore.Commerce.Plugin.Catalog.RelationshipArgument, Sitecore.Commerce.Plugin.Catalog","SourceName":"Entity-InventorySet-HabitatHome_Inventory","TargetName":"Entity-InventoryInformation-HabitatHome_Inventory-6042410-56042410","RelationshipType":"InventorySetToInventoryInformation"},{"$type":"Sitecore.Commerce.Plugin.Catalog.RelationshipArgument, Sitecore.Commerce.Plugin.Catalog","SourceName":"Entity-InventorySet-HabitatHome_Inventory","TargetName":"Entity-InventoryInformation-HabitatHome_Inventory-6042411-56042411","RelationshipType":"InventorySetToInventoryInformation"},{"$type":"Sitecore.Commerce.Plugin.Catalog.RelationshipArgument, Sitecore.Commerce.Plugin.Catalog","SourceName":"Entity-InventorySet-HabitatHome_Inventory","TargetName":"Entity-InventoryInformation-HabitatHome_Inventory-6042412-56042412","RelationshipType":"InventorySetToInventoryInformation"},{"$type":"Sitecore.Commerce.Plugin.Catalog.RelationshipArgument, Sitecore.Commerce.Plugin.Catalog","SourceName":"Entity-InventorySet-HabitatHome_Inventory","TargetName":"Entity-InventoryInformation-HabitatHome_Inventory-6042413-56042413","RelationshipType":"InventorySetToInventoryInformation"}]}