{"$type":"System.Collections.Generic.List`1[[Sitecore.Commerce.Plugin.Catalog.RelationshipArgument, Sitecore.Commerce.Plugin.Catalog]], mscorlib","$values":[{"$type":"Sitecore.Commerce.Plugin.Catalog.RelationshipArgument, Sitecore.Commerce.Plugin.Catalog","SourceName":"Entity-InventorySet-HabitatHome_Inventory","TargetName":"Entity-InventoryInformation-HabitatHome_Inventory-7042258-57042258","RelationshipType":"InventorySetToInventoryInformation"},{"$type":"Sitecore.Commerce.Plugin.Catalog.RelationshipArgument, Sitecore.Commerce.Plugin.Catalog","SourceName":"Entity-InventorySet-HabitatHome_Inventory","TargetName":"Entity-InventoryInformation-HabitatHome_Inventory-7042259-57042259","RelationshipType":"InventorySetToInventoryInformation"}]}