{
    "$type": "System.Collections.Generic.List`1[[Sitecore.Commerce.Plugin.Catalog.RelationshipArgument, Sitecore.Commerce.Plugin.Catalog]], mscorlib",
    "$values": [
        {
            "$type": "Sitecore.Commerce.Plugin.Catalog.RelationshipArgument, Sitecore.Commerce.Plugin.Catalog",
            "SourceName": "Entity-InventorySet-HabitatHome_Inventory",
            "TargetName": "Entity-Catalog-HabitatHome_Master",
            "RelationshipType": "InventorySetToCatalog"
        }
    ]
}