{"$type":"System.Collections.Generic.List`1[[Sitecore.Commerce.Plugin.Catalog.RelationshipArgument, Sitecore.Commerce.Plugin.Catalog]], mscorlib","$values":[{"$type":"Sitecore.Commerce.Plugin.Catalog.RelationshipArgument, Sitecore.Commerce.Plugin.Catalog","SourceName":"Entity-InventorySet-HabitatHome_Inventory","TargetName":"Entity-InventoryInformation-HabitatHome_Inventory-6042827-56042831","RelationshipType":"InventorySetToInventoryInformation"},{"$type":"Sitecore.Commerce.Plugin.Catalog.RelationshipArgument, Sitecore.Commerce.Plugin.Catalog","SourceName":"Entity-InventorySet-HabitatHome_Inventory","TargetName":"Entity-InventoryInformation-HabitatHome_Inventory-6042832-56042832","RelationshipType":"InventorySetToInventoryInformation"},{"$type":"Sitecore.Commerce.Plugin.Catalog.RelationshipArgument, Sitecore.Commerce.Plugin.Catalog","SourceName":"Entity-InventorySet-HabitatHome_Inventory","TargetName":"Entity-InventoryInformation-HabitatHome_Inventory-6042832-56042833","RelationshipType":"InventorySetToInventoryInformation"},{"$type":"Sitecore.Commerce.Plugin.Catalog.RelationshipArgument, Sitecore.Commerce.Plugin.Catalog","SourceName":"Entity-InventorySet-HabitatHome_Inventory","TargetName":"Entity-InventoryInformation-HabitatHome_Inventory-6042832-56042834","RelationshipType":"InventorySetToInventoryInformation"},{"$type":"Sitecore.Commerce.Plugin.Catalog.RelationshipArgument, Sitecore.Commerce.Plugin.Catalog","SourceName":"Entity-InventorySet-HabitatHome_Inventory","TargetName":"Entity-InventoryInformation-HabitatHome_Inventory-6042832-56042835","RelationshipType":"InventorySetToInventoryInformation"},{"$type":"Sitecore.Commerce.Plugin.Catalog.RelationshipArgument, Sitecore.Commerce.Plugin.Catalog","SourceName":"Entity-InventorySet-HabitatHome_Inventory","TargetName":"Entity-InventoryInformation-HabitatHome_Inventory-6042832-56042836","RelationshipType":"InventorySetToInventoryInformation"},{"$type":"Sitecore.Commerce.Plugin.Catalog.RelationshipArgument, Sitecore.Commerce.Plugin.Catalog","SourceName":"Entity-InventorySet-HabitatHome_Inventory","TargetName":"Entity-InventoryInformation-HabitatHome_Inventory-6042837-56042837","RelationshipType":"InventorySetToInventoryInformation"},{"$type":"Sitecore.Commerce.Plugin.Catalog.RelationshipArgument, Sitecore.Commerce.Plugin.Catalog","SourceName":"Entity-InventorySet-HabitatHome_Inventory","TargetName":"Entity-InventoryInformation-HabitatHome_Inventory-6042837-56042838","RelationshipType":"InventorySetToInventoryInformation"},{"$type":"Sitecore.Commerce.Plugin.Catalog.RelationshipArgument, Sitecore.Commerce.Plugin.Catalog","SourceName":"Entity-InventorySet-HabitatHome_Inventory","TargetName":"Entity-InventoryInformation-HabitatHome_Inventory-6042837-56042839","RelationshipType":"InventorySetToInventoryInformation"},{"$type":"Sitecore.Commerce.Plugin.Catalog.RelationshipArgument, Sitecore.Commerce.Plugin.Catalog","SourceName":"Entity-InventorySet-HabitatHome_Inventory","TargetName":"Entity-InventoryInformation-HabitatHome_Inventory-6042837-56042840","RelationshipType":"InventorySetToInventoryInformation"}]}