{"$type":"System.Collections.Generic.List`1[[Sitecore.Commerce.Plugin.Catalog.RelationshipArgument, Sitecore.Commerce.Plugin.Catalog]], mscorlib","$values":[{"$type":"Sitecore.Commerce.Plugin.Catalog.RelationshipArgument, Sitecore.Commerce.Plugin.Catalog","SourceName":"Entity-InventorySet-HabitatHome_Inventory","TargetName":"Entity-InventoryInformation-HabitatHome_Inventory-6042138-56042138","RelationshipType":"InventorySetToInventoryInformation"},{"$type":"Sitecore.Commerce.Plugin.Catalog.RelationshipArgument, Sitecore.Commerce.Plugin.Catalog","SourceName":"Entity-InventorySet-HabitatHome_Inventory","TargetName":"Entity-InventoryInformation-HabitatHome_Inventory-6042138-56042139","RelationshipType":"InventorySetToInventoryInformation"},{"$type":"Sitecore.Commerce.Plugin.Catalog.RelationshipArgument, Sitecore.Commerce.Plugin.Catalog","SourceName":"Entity-InventorySet-HabitatHome_Inventory","TargetName":"Entity-InventoryInformation-HabitatHome_Inventory-6042138-56042140","RelationshipType":"InventorySetToInventoryInformation"},{"$type":"Sitecore.Commerce.Plugin.Catalog.RelationshipArgument, Sitecore.Commerce.Plugin.Catalog","SourceName":"Entity-InventorySet-HabitatHome_Inventory","TargetName":"Entity-InventoryInformation-HabitatHome_Inventory-6042138-56042141","RelationshipType":"InventorySetToInventoryInformation"},{"$type":"Sitecore.Commerce.Plugin.Catalog.RelationshipArgument, Sitecore.Commerce.Plugin.Catalog","SourceName":"Entity-InventorySet-HabitatHome_Inventory","TargetName":"Entity-InventoryInformation-HabitatHome_Inventory-6042142-56042142","RelationshipType":"InventorySetToInventoryInformation"},{"$type":"Sitecore.Commerce.Plugin.Catalog.RelationshipArgument, Sitecore.Commerce.Plugin.Catalog","SourceName":"Entity-InventorySet-HabitatHome_Inventory","TargetName":"Entity-InventoryInformation-HabitatHome_Inventory-6042143-56042143","RelationshipType":"InventorySetToInventoryInformation"},{"$type":"Sitecore.Commerce.Plugin.Catalog.RelationshipArgument, Sitecore.Commerce.Plugin.Catalog","SourceName":"Entity-InventorySet-HabitatHome_Inventory","TargetName":"Entity-InventoryInformation-HabitatHome_Inventory-6042144-56042144","RelationshipType":"InventorySetToInventoryInformation"},{"$type":"Sitecore.Commerce.Plugin.Catalog.RelationshipArgument, Sitecore.Commerce.Plugin.Catalog","SourceName":"Entity-InventorySet-HabitatHome_Inventory","TargetName":"Entity-InventoryInformation-HabitatHome_Inventory-6042145-56042145","RelationshipType":"InventorySetToInventoryInformation"},{"$type":"Sitecore.Commerce.Plugin.Catalog.RelationshipArgument, Sitecore.Commerce.Plugin.Catalog","SourceName":"Entity-InventorySet-HabitatHome_Inventory","TargetName":"Entity-InventoryInformation-HabitatHome_Inventory-6042146-56042146","RelationshipType":"InventorySetToInventoryInformation"},{"$type":"Sitecore.Commerce.Plugin.Catalog.RelationshipArgument, Sitecore.Commerce.Plugin.Catalog","SourceName":"Entity-InventorySet-HabitatHome_Inventory","TargetName":"Entity-InventoryInformation-HabitatHome_Inventory-6042147-56042147","RelationshipType":"InventorySetToInventoryInformation"}]}