{"$type":"System.Collections.Generic.List`1[[Sitecore.Commerce.Plugin.Catalog.Category, Sitecore.Commerce.Plugin.Catalog]], mscorlib","$values":[{"$type":"Sitecore.Commerce.Plugin.Catalog.Category, Sitecore.Commerce.Plugin.Catalog","Description":"Check out Habitat's Home Theater Speaker Packages.","SitecoreId":"55f51d90-4470-e795-16bc-e834bc763f22","ParentCatalogList":"59ddadc1-9b88-727e-9e14-3f6cf321ae0f","ParentCategoryList":"57585cf7-7af6-f5e3-eb7e-a57736343091","ChildrenSellableItemList":"42d7a53e-4888-aec9-6047-62bc5f897656|7be14296-1a9c-90c2-169a-5fca19867507|d75fc27d-3097-ffee-9141-e7689548e8e2|1298810a-459d-88a3-c786-64e7d36e58cc|8a453e3a-18bb-c899-848c-34ff87d6fdf7|750b803a-6db0-6c25-82a9-119cc3d23a26|94444b0c-e34e-77e0-c1c2-325e10726bcb|d7eabf3c-7eb8-6723-5e25-ae362164cbe8","Components":{"$type":"System.Collections.Generic.List`1[[Sitecore.Commerce.Core.Component, Sitecore.Commerce.Core]], mscorlib","$values":[{"$type":"Sitecore.Commerce.Core.LocalizedEntityComponent, Sitecore.Commerce.Core","Entity":{"$type":"Sitecore.Commerce.Core.EntityReference, Sitecore.Commerce.Core","Name":"","EntityTarget":"Entity-LocalizationEntity-9c893d9f00f141d794806f488c537f84","Policies":{"$type":"System.Collections.Generic.List`1[[Sitecore.Commerce.Core.Policy, Sitecore.Commerce.Core]], mscorlib","$values":[]}},"Id":"5d6f067cdcdc4e4f935a1328f6d9bd3c","Name":"","Comments":"","Policies":{"$type":"System.Collections.Generic.List`1[[Sitecore.Commerce.Core.Policy, Sitecore.Commerce.Core]], mscorlib","$values":[]},"ChildComponents":{"$type":"System.Collections.Generic.List`1[[Sitecore.Commerce.Core.Component, Sitecore.Commerce.Core]], mscorlib","$values":[]}},{"$type":"Sitecore.Commerce.Plugin.ManagedLists.ListMembershipsComponent, Sitecore.Commerce.Plugin.ManagedLists","Memberships":{"$type":"System.Collections.Generic.List`1[[System.String, mscorlib]], mscorlib","$values":["Categories","CatalogItems"]},"Id":"b9754cd9b915486e9a8d1b98b8e64c99","Name":"","Comments":"","Policies":{"$type":"System.Collections.Generic.List`1[[Sitecore.Commerce.Core.Policy, Sitecore.Commerce.Core]], mscorlib","$values":[]},"ChildComponents":{"$type":"System.Collections.Generic.List`1[[Sitecore.Commerce.Core.Component, Sitecore.Commerce.Core]], mscorlib","$values":[]}},{"$type":"Sitecore.Commerce.Plugin.Catalog.RelationshipsComponent, Sitecore.Commerce.Plugin.Catalog","Relationships":{"$type":"System.Collections.Generic.List`1[[Sitecore.Commerce.Plugin.Catalog.Models.Relationship, Sitecore.Commerce.Plugin.Catalog]], mscorlib","$values":[]},"Id":"cdf7c53cbcf049a0addf4facbf9d801f","Name":"","Comments":"","Policies":{"$type":"System.Collections.Generic.List`1[[Sitecore.Commerce.Core.Policy, Sitecore.Commerce.Core]], mscorlib","$values":[]},"ChildComponents":{"$type":"System.Collections.Generic.List`1[[Sitecore.Commerce.Core.Component, Sitecore.Commerce.Core]], mscorlib","$values":[]}}]},"DateCreated":"2018-02-27T15:31:01.6004085+00:00","DateUpdated":"2018-03-27T11:53:41.4930782+00:00","DisplayName":"Home Theater Speaker Packages","FriendlyId":"Habitat_Master-Home Theater Speaker Packages","Id":"Entity-Category-Habitat_Master-Home Theater Speaker Packages","Version":1,"IsPersisted":true,"Name":"Home Theater Speaker Packages","Policies":{"$type":"System.Collections.Generic.List`1[[Sitecore.Commerce.Core.Policy, Sitecore.Commerce.Core]], mscorlib","$values":[]}},{"$type":"Sitecore.Commerce.Plugin.Catalog.Category, Sitecore.Commerce.Plugin.Catalog","Description":"Check out tablets even the kids can enjoy.","SitecoreId":"b035e970-3358-9bc3-9964-26fc663eb941","ParentCatalogList":"59ddadc1-9b88-727e-9e14-3f6cf321ae0f","ParentCategoryList":"994ec8cb-fe90-5071-a631-4458b1e83db3","ChildrenSellableItemList":"75c16e98-e71b-d88c-91c7-3d6ac0fb0275|7b5dda2f-be7f-41b8-860b-153ede91727a|cf2923f6-aea3-c6bf-b20e-e21a6cba16b2|59f4429f-d5a0-ee0f-f382-81c80080a781","Components":{"$type":"System.Collections.Generic.List`1[[Sitecore.Commerce.Core.Component, Sitecore.Commerce.Core]], mscorlib","$values":[{"$type":"Sitecore.Commerce.Core.LocalizedEntityComponent, Sitecore.Commerce.Core","Entity":{"$type":"Sitecore.Commerce.Core.EntityReference, Sitecore.Commerce.Core","Name":"","EntityTarget":"Entity-LocalizationEntity-7282d010cdd24fa9a4ce4e9ecbc1d8ff","Policies":{"$type":"System.Collections.Generic.List`1[[Sitecore.Commerce.Core.Policy, Sitecore.Commerce.Core]], mscorlib","$values":[]}},"Id":"3eb12a9a1f3a49d3b86515565654271d","Name":"","Comments":"","Policies":{"$type":"System.Collections.Generic.List`1[[Sitecore.Commerce.Core.Policy, Sitecore.Commerce.Core]], mscorlib","$values":[]},"ChildComponents":{"$type":"System.Collections.Generic.List`1[[Sitecore.Commerce.Core.Component, Sitecore.Commerce.Core]], mscorlib","$values":[]}},{"$type":"Sitecore.Commerce.Plugin.ManagedLists.ListMembershipsComponent, Sitecore.Commerce.Plugin.ManagedLists","Memberships":{"$type":"System.Collections.Generic.List`1[[System.String, mscorlib]], mscorlib","$values":["Categories","CatalogItems"]},"Id":"f08ae0d3b9434140b381ef4c2f09f938","Name":"","Comments":"","Policies":{"$type":"System.Collections.Generic.List`1[[Sitecore.Commerce.Core.Policy, Sitecore.Commerce.Core]], mscorlib","$values":[]},"ChildComponents":{"$type":"System.Collections.Generic.List`1[[Sitecore.Commerce.Core.Component, Sitecore.Commerce.Core]], mscorlib","$values":[]}},{"$type":"Sitecore.Commerce.Plugin.Catalog.RelationshipsComponent, Sitecore.Commerce.Plugin.Catalog","Relationships":{"$type":"System.Collections.Generic.List`1[[Sitecore.Commerce.Plugin.Catalog.Models.Relationship, Sitecore.Commerce.Plugin.Catalog]], mscorlib","$values":[]},"Id":"7404f6f2b3b04166b0f33f89f1c8a4d2","Name":"","Comments":"","Policies":{"$type":"System.Collections.Generic.List`1[[Sitecore.Commerce.Core.Policy, Sitecore.Commerce.Core]], mscorlib","$values":[]},"ChildComponents":{"$type":"System.Collections.Generic.List`1[[Sitecore.Commerce.Core.Component, Sitecore.Commerce.Core]], mscorlib","$values":[]}}]},"DateCreated":"2018-02-27T15:31:01.3692609+00:00","DateUpdated":"2018-03-27T11:53:41.4930782+00:00","DisplayName":"Kid’s Tablets","FriendlyId":"Habitat_Master-Kid s Tablets","Id":"Entity-Category-Habitat_Master-Kid s Tablets","Version":1,"IsPersisted":true,"Name":"Kid s Tablets","Policies":{"$type":"System.Collections.Generic.List`1[[Sitecore.Commerce.Core.Policy, Sitecore.Commerce.Core]], mscorlib","$values":[]}},{"$type":"Sitecore.Commerce.Plugin.Catalog.Category, Sitecore.Commerce.Plugin.Catalog","Description":"The heart of the home has an improved hub. Helix Viva connects to your home network via mobile app. Display family photos, keep track of food inventory, and control temperature with the push of a button.","SitecoreId":"b2151428-5c58-c626-07de-03d7f6f25581","ParentCatalogList":"59ddadc1-9b88-727e-9e14-3f6cf321ae0f","ParentCategoryList":"c1114488-2d5f-39c7-5e16-42f64d5f2d4a","ChildrenSellableItemList":"7e76956b-d676-e497-bd4b-46f6a45aa2fd|841c9236-d8b1-aab4-4b9a-2ab8cfb2296f|a7932324-be99-90e7-b361-bb6b24361019|11ae7506-8eaf-bdd1-d0fe-b443e47aeb5e|a72e4408-2a14-a2fe-7bc7-874b01ac18d4|93c1e8d7-d8c9-ec5e-e85f-6ab2252af408|67725076-be9d-f4e9-fd2b-f97abcedfe3c|30b57e36-f00a-1778-b660-2064534eb134|7befad52-cd8a-1845-8f1c-0f4ef35974f7|12e798cf-4629-1ee7-09c2-4d9c17cc9b62|96c14150-1855-a79a-7a78-106e4dd660b5|3d9297ea-d528-f260-0b14-e62c6064c641|3af5578f-047a-6565-74ee-978afbb14aea|d1e7e48c-4cd1-39ac-031e-0c5443d6acb9|3a3ec3e8-6d1f-b81c-d11d-57d5d322e727|d19c7297-1d9c-5592-f06c-4c5b6f99b8fe|911026a1-2d8e-eefa-86c2-a10e355a0ab9|fc549e48-c1ca-52a8-213c-898c663c9f34|2fe5c0c4-15b0-df8b-7575-a09c2a56e1ff|3d5355bc-beba-602f-e335-d50e41acf804|051ff17a-1fa6-f48b-10bb-30bdf9b0efe1|818a1745-8df7-699f-a0e6-459aa7127eb3|66e41e0d-046b-3c99-78be-596adc17a815|552e13b2-1267-f97a-d004-e6a40c0da4e4","Components":{"$type":"System.Collections.Generic.List`1[[Sitecore.Commerce.Core.Component, Sitecore.Commerce.Core]], mscorlib","$values":[{"$type":"Sitecore.Commerce.Core.LocalizedEntityComponent, Sitecore.Commerce.Core","Entity":{"$type":"Sitecore.Commerce.Core.EntityReference, Sitecore.Commerce.Core","Name":"","EntityTarget":"Entity-LocalizationEntity-fc27faf27ab64fd486d3c41df7ee8ccd","Policies":{"$type":"System.Collections.Generic.List`1[[Sitecore.Commerce.Core.Policy, Sitecore.Commerce.Core]], mscorlib","$values":[]}},"Id":"53904bfb084e4156ae2720b54d3c65a5","Name":"","Comments":"","Policies":{"$type":"System.Collections.Generic.List`1[[Sitecore.Commerce.Core.Policy, Sitecore.Commerce.Core]], mscorlib","$values":[]},"ChildComponents":{"$type":"System.Collections.Generic.List`1[[Sitecore.Commerce.Core.Component, Sitecore.Commerce.Core]], mscorlib","$values":[]}},{"$type":"Sitecore.Commerce.Plugin.ManagedLists.ListMembershipsComponent, Sitecore.Commerce.Plugin.ManagedLists","Memberships":{"$type":"System.Collections.Generic.List`1[[System.String, mscorlib]], mscorlib","$values":["Categories","CatalogItems"]},"Id":"c5bb672e7b1d40ab9ef4b6fa53654c02","Name":"","Comments":"","Policies":{"$type":"System.Collections.Generic.List`1[[Sitecore.Commerce.Core.Policy, Sitecore.Commerce.Core]], mscorlib","$values":[]},"ChildComponents":{"$type":"System.Collections.Generic.List`1[[Sitecore.Commerce.Core.Component, Sitecore.Commerce.Core]], mscorlib","$values":[]}},{"$type":"Sitecore.Commerce.Plugin.Catalog.RelationshipsComponent, Sitecore.Commerce.Plugin.Catalog","Relationships":{"$type":"System.Collections.Generic.List`1[[Sitecore.Commerce.Plugin.Catalog.Models.Relationship, Sitecore.Commerce.Plugin.Catalog]], mscorlib","$values":[]},"Id":"f20986b840254c81867c4824c0140eab","Name":"","Comments":"","Policies":{"$type":"System.Collections.Generic.List`1[[Sitecore.Commerce.Core.Policy, Sitecore.Commerce.Core]], mscorlib","$values":[]},"ChildComponents":{"$type":"System.Collections.Generic.List`1[[Sitecore.Commerce.Core.Component, Sitecore.Commerce.Core]], mscorlib","$values":[]}}]},"DateCreated":"2018-02-27T15:31:01.7803013+00:00","DateUpdated":"2018-03-27T11:53:41.4930782+00:00","DisplayName":"Kitchen Appliances","FriendlyId":"Habitat_Master-Kitchen Appliances","Id":"Entity-Category-Habitat_Master-Kitchen Appliances","Version":1,"IsPersisted":true,"Name":"Kitchen Appliances","Policies":{"$type":"System.Collections.Generic.List`1[[Sitecore.Commerce.Core.Policy, Sitecore.Commerce.Core]], mscorlib","$values":[]}},{"$type":"Sitecore.Commerce.Plugin.Catalog.Category, Sitecore.Commerce.Plugin.Catalog","Description":"Light. Nimble. Tenacious. Habitat Mira laptops have 1TB hard drives and up to 17 hours of battery life. Keep working, keep streaming, all the way to the finish.","SitecoreId":"d7f45dfb-f7c0-ddca-a689-b402eacdddcd","ParentCatalogList":"59ddadc1-9b88-727e-9e14-3f6cf321ae0f","ParentCategoryList":"994ec8cb-fe90-5071-a631-4458b1e83db3","ChildrenSellableItemList":"50df105f-4261-0e11-5934-0f902b1181ae|8dcb7d40-0134-fc8b-b905-bf7d5eff11a0|fd296f24-900c-0a1f-686f-cf13a127016e|a59ade41-926b-ab04-640a-3e609cba4423|39ced455-f74f-4c8d-18ed-146876c69c4d|7af175a9-fcf8-e23e-c31a-92fbdca357cb|7afe9362-61d1-2fd8-335e-24e99da61849|4f1b464e-28e4-7d75-c161-b2e52ad728b6|92a7d2cc-91ad-5223-26ba-cb88c8612c71|ce6e1ae4-bdd4-0097-2b28-1a5602b14407|09f503ba-d8f9-74bc-91c5-047c61243577","Components":{"$type":"System.Collections.Generic.List`1[[Sitecore.Commerce.Core.Component, Sitecore.Commerce.Core]], mscorlib","$values":[{"$type":"Sitecore.Commerce.Core.LocalizedEntityComponent, Sitecore.Commerce.Core","Entity":{"$type":"Sitecore.Commerce.Core.EntityReference, Sitecore.Commerce.Core","Name":"","EntityTarget":"Entity-LocalizationEntity-dd152927306f4d79b400f6b2e2603bae","Policies":{"$type":"System.Collections.Generic.List`1[[Sitecore.Commerce.Core.Policy, Sitecore.Commerce.Core]], mscorlib","$values":[]}},"Id":"5d3d1fea09f34497a4f1a81307d5cb6e","Name":"","Comments":"","Policies":{"$type":"System.Collections.Generic.List`1[[Sitecore.Commerce.Core.Policy, Sitecore.Commerce.Core]], mscorlib","$values":[]},"ChildComponents":{"$type":"System.Collections.Generic.List`1[[Sitecore.Commerce.Core.Component, Sitecore.Commerce.Core]], mscorlib","$values":[]}},{"$type":"Sitecore.Commerce.Plugin.ManagedLists.ListMembershipsComponent, Sitecore.Commerce.Plugin.ManagedLists","Memberships":{"$type":"System.Collections.Generic.List`1[[System.String, mscorlib]], mscorlib","$values":["Categories","CatalogItems"]},"Id":"27906b663e414ce59c313092bb15c4f0","Name":"","Comments":"","Policies":{"$type":"System.Collections.Generic.List`1[[Sitecore.Commerce.Core.Policy, Sitecore.Commerce.Core]], mscorlib","$values":[]},"ChildComponents":{"$type":"System.Collections.Generic.List`1[[Sitecore.Commerce.Core.Component, Sitecore.Commerce.Core]], mscorlib","$values":[]}},{"$type":"Sitecore.Commerce.Plugin.Catalog.RelationshipsComponent, Sitecore.Commerce.Plugin.Catalog","Relationships":{"$type":"System.Collections.Generic.List`1[[Sitecore.Commerce.Plugin.Catalog.Models.Relationship, Sitecore.Commerce.Plugin.Catalog]], mscorlib","$values":[]},"Id":"d931b2bfa3474339a95981771a76b8a2","Name":"","Comments":"","Policies":{"$type":"System.Collections.Generic.List`1[[Sitecore.Commerce.Core.Policy, Sitecore.Commerce.Core]], mscorlib","$values":[]},"ChildComponents":{"$type":"System.Collections.Generic.List`1[[Sitecore.Commerce.Core.Component, Sitecore.Commerce.Core]], mscorlib","$values":[]}}]},"DateCreated":"2018-02-27T15:31:01.3331852+00:00","DateUpdated":"2018-03-27T11:53:41.4930782+00:00","DisplayName":"Laptops","FriendlyId":"Habitat_Master-Laptops","Id":"Entity-Category-Habitat_Master-Laptops","Version":1,"IsPersisted":true,"Name":"Laptops","Policies":{"$type":"System.Collections.Generic.List`1[[Sitecore.Commerce.Core.Policy, Sitecore.Commerce.Core]], mscorlib","$values":[]}},{"$type":"Sitecore.Commerce.Plugin.Catalog.Category, Sitecore.Commerce.Plugin.Catalog","Description":"Whiter whites, bolder colors, all in record time. Habitat Gleam washers feature multiple options and cycles for precise cleaning. Advanced drying technology lets you complete loads 35% faster, giving you more time to play.","SitecoreId":"ae2351db-a247-e039-dbbf-5c6e7d2b032f","ParentCatalogList":"59ddadc1-9b88-727e-9e14-3f6cf321ae0f","ParentCategoryList":"06f5147b-9e24-fa33-20fb-d4b7d8d21392","ChildrenSellableItemList":"798e5707-7af3-b304-6030-eed2e70af8ae|130ac1e7-9918-1f7b-6ee1-1b864be4afc1|c11249e8-3b24-a163-8d51-8315947fe69f|3fc451f7-b458-7450-9c84-82018a298d22|686e1d75-8c5f-51d8-3a82-a47eeacca59a|46984f03-599c-f7c5-0269-9440478cc5f5|0dca3c63-26d9-f013-7b03-685474cd47c0|bc444f1e-8ea9-30d4-07bd-57e12ead1715|a8c94051-2e7e-5e04-7f88-6c71202caf0f|f02e86fe-964b-ebe6-e7bf-6e42a3602b63|7ce8fe1c-d9b7-e21e-22ea-3029126dfc77|708e3b78-114b-ef4a-90fb-fb0fd20c73c1|5b591e4c-94eb-caf0-1da1-ccabe96765e9|445b8bc9-68ff-f96f-788b-99f9da4613e1|b5c4ff0b-84a2-117f-4653-53af97c16e42|2c990409-02c9-bf64-b156-c2592bffc3b6","Components":{"$type":"System.Collections.Generic.List`1[[Sitecore.Commerce.Core.Component, Sitecore.Commerce.Core]], mscorlib","$values":[{"$type":"Sitecore.Commerce.Core.LocalizedEntityComponent, Sitecore.Commerce.Core","Entity":{"$type":"Sitecore.Commerce.Core.EntityReference, Sitecore.Commerce.Core","Name":"","EntityTarget":"Entity-LocalizationEntity-2cfca3ff34e04b99ad881af96b68dd84","Policies":{"$type":"System.Collections.Generic.List`1[[Sitecore.Commerce.Core.Policy, Sitecore.Commerce.Core]], mscorlib","$values":[]}},"Id":"fa382be2d31a467aa1b2231ac250b44b","Name":"","Comments":"","Policies":{"$type":"System.Collections.Generic.List`1[[Sitecore.Commerce.Core.Policy, Sitecore.Commerce.Core]], mscorlib","$values":[]},"ChildComponents":{"$type":"System.Collections.Generic.List`1[[Sitecore.Commerce.Core.Component, Sitecore.Commerce.Core]], mscorlib","$values":[]}},{"$type":"Sitecore.Commerce.Plugin.ManagedLists.ListMembershipsComponent, Sitecore.Commerce.Plugin.ManagedLists","Memberships":{"$type":"System.Collections.Generic.List`1[[System.String, mscorlib]], mscorlib","$values":["Categories","CatalogItems"]},"Id":"82153cba351c4ddca93a182e74a6744b","Name":"","Comments":"","Policies":{"$type":"System.Collections.Generic.List`1[[Sitecore.Commerce.Core.Policy, Sitecore.Commerce.Core]], mscorlib","$values":[]},"ChildComponents":{"$type":"System.Collections.Generic.List`1[[Sitecore.Commerce.Core.Component, Sitecore.Commerce.Core]], mscorlib","$values":[]}},{"$type":"Sitecore.Commerce.Plugin.Catalog.RelationshipsComponent, Sitecore.Commerce.Plugin.Catalog","Relationships":{"$type":"System.Collections.Generic.List`1[[Sitecore.Commerce.Plugin.Catalog.Models.Relationship, Sitecore.Commerce.Plugin.Catalog]], mscorlib","$values":[]},"Id":"1bc0130b22c746d386d46d60eb5e6961","Name":"","Comments":"","Policies":{"$type":"System.Collections.Generic.List`1[[Sitecore.Commerce.Core.Policy, Sitecore.Commerce.Core]], mscorlib","$values":[]},"ChildComponents":{"$type":"System.Collections.Generic.List`1[[Sitecore.Commerce.Core.Component, Sitecore.Commerce.Core]], mscorlib","$values":[]}}]},"DateCreated":"2018-02-27T15:31:01.1261487+00:00","DateUpdated":"2018-03-27T11:53:41.4930782+00:00","DisplayName":"Laundry","FriendlyId":"Habitat_Master-Laundry","Id":"Entity-Category-Habitat_Master-Laundry","Version":1,"IsPersisted":true,"Name":"Laundry","Policies":{"$type":"System.Collections.Generic.List`1[[Sitecore.Commerce.Core.Policy, Sitecore.Commerce.Core]], mscorlib","$values":[]}},{"$type":"Sitecore.Commerce.Plugin.Catalog.Category, Sitecore.Commerce.Plugin.Catalog","Description":"Habitat Centerpiece microwaves offer convection cooking, letting them serve as second ovens. Preset buttons allow for perfectly popped popcorn and even reheating. Get a built-in look with an optional trim kit.","SitecoreId":"1304d651-cf23-6c72-fa89-8941a3c9fff4","ParentCatalogList":"59ddadc1-9b88-727e-9e14-3f6cf321ae0f","ParentCategoryList":"06f5147b-9e24-fa33-20fb-d4b7d8d21392","ChildrenSellableItemList":"2fe5c0c4-15b0-df8b-7575-a09c2a56e1ff|3d5355bc-beba-602f-e335-d50e41acf804|0fe6443e-2f9e-3015-98c0-05eb375dafb0|051ff17a-1fa6-f48b-10bb-30bdf9b0efe1|818a1745-8df7-699f-a0e6-459aa7127eb3|66e41e0d-046b-3c99-78be-596adc17a815|552e13b2-1267-f97a-d004-e6a40c0da4e4","Components":{"$type":"System.Collections.Generic.List`1[[Sitecore.Commerce.Core.Component, Sitecore.Commerce.Core]], mscorlib","$values":[{"$type":"Sitecore.Commerce.Core.LocalizedEntityComponent, Sitecore.Commerce.Core","Entity":{"$type":"Sitecore.Commerce.Core.EntityReference, Sitecore.Commerce.Core","Name":"","EntityTarget":"Entity-LocalizationEntity-4927eda46e754fc88d380523e7194d8a","Policies":{"$type":"System.Collections.Generic.List`1[[Sitecore.Commerce.Core.Policy, Sitecore.Commerce.Core]], mscorlib","$values":[]}},"Id":"1ed4980c247b40a89b5d81579369e7bc","Name":"","Comments":"","Policies":{"$type":"System.Collections.Generic.List`1[[Sitecore.Commerce.Core.Policy, Sitecore.Commerce.Core]], mscorlib","$values":[]},"ChildComponents":{"$type":"System.Collections.Generic.List`1[[Sitecore.Commerce.Core.Component, Sitecore.Commerce.Core]], mscorlib","$values":[]}},{"$type":"Sitecore.Commerce.Plugin.ManagedLists.ListMembershipsComponent, Sitecore.Commerce.Plugin.ManagedLists","Memberships":{"$type":"System.Collections.Generic.List`1[[System.String, mscorlib]], mscorlib","$values":["Categories","CatalogItems"]},"Id":"e7a0b57b598c41f6bda0bd34003b3d07","Name":"","Comments":"","Policies":{"$type":"System.Collections.Generic.List`1[[Sitecore.Commerce.Core.Policy, Sitecore.Commerce.Core]], mscorlib","$values":[]},"ChildComponents":{"$type":"System.Collections.Generic.List`1[[Sitecore.Commerce.Core.Component, Sitecore.Commerce.Core]], mscorlib","$values":[]}},{"$type":"Sitecore.Commerce.Plugin.Catalog.RelationshipsComponent, Sitecore.Commerce.Plugin.Catalog","Relationships":{"$type":"System.Collections.Generic.List`1[[Sitecore.Commerce.Plugin.Catalog.Models.Relationship, Sitecore.Commerce.Plugin.Catalog]], mscorlib","$values":[]},"Id":"8c14f0a0c7ee46168f76b52c83c54998","Name":"","Comments":"","Policies":{"$type":"System.Collections.Generic.List`1[[Sitecore.Commerce.Core.Policy, Sitecore.Commerce.Core]], mscorlib","$values":[]},"ChildComponents":{"$type":"System.Collections.Generic.List`1[[Sitecore.Commerce.Core.Component, Sitecore.Commerce.Core]], mscorlib","$values":[]}}]},"DateCreated":"2018-02-27T15:31:01.1471863+00:00","DateUpdated":"2018-03-27T11:53:41.4930782+00:00","DisplayName":"Microwaves","FriendlyId":"Habitat_Master-Microwaves","Id":"Entity-Category-Habitat_Master-Microwaves","Version":1,"IsPersisted":true,"Name":"Microwaves","Policies":{"$type":"System.Collections.Generic.List`1[[Sitecore.Commerce.Core.Policy, Sitecore.Commerce.Core]], mscorlib","$values":[]}},{"$type":"Sitecore.Commerce.Plugin.Catalog.Category, Sitecore.Commerce.Plugin.Catalog","Description":"Checkout Habitat's Mirrorless bundles.","SitecoreId":"2257fa3a-4385-e528-3027-4494ef335348","ParentCatalogList":"59ddadc1-9b88-727e-9e14-3f6cf321ae0f","ParentCategoryList":"e9f2e3a7-0575-0632-b67e-5e65092230c3","ChildrenSellableItemList":"e9d5e2ef-8889-6b75-ca26-7fea56655811|c2dd4812-117b-bfcb-0a5e-8c95c89620a1|89fc47a8-c3fc-8480-4243-e6f3117db36e","Components":{"$type":"System.Collections.Generic.List`1[[Sitecore.Commerce.Core.Component, Sitecore.Commerce.Core]], mscorlib","$values":[{"$type":"Sitecore.Commerce.Core.LocalizedEntityComponent, Sitecore.Commerce.Core","Entity":{"$type":"Sitecore.Commerce.Core.EntityReference, Sitecore.Commerce.Core","Name":"","EntityTarget":"Entity-LocalizationEntity-c225d73c918d473198f171a52898d4e4","Policies":{"$type":"System.Collections.Generic.List`1[[Sitecore.Commerce.Core.Policy, Sitecore.Commerce.Core]], mscorlib","$values":[]}},"Id":"9b0203051d104826a183a1030b41aea7","Name":"","Comments":"","Policies":{"$type":"System.Collections.Generic.List`1[[Sitecore.Commerce.Core.Policy, Sitecore.Commerce.Core]], mscorlib","$values":[]},"ChildComponents":{"$type":"System.Collections.Generic.List`1[[Sitecore.Commerce.Core.Component, Sitecore.Commerce.Core]], mscorlib","$values":[]}},{"$type":"Sitecore.Commerce.Plugin.ManagedLists.ListMembershipsComponent, Sitecore.Commerce.Plugin.ManagedLists","Memberships":{"$type":"System.Collections.Generic.List`1[[System.String, mscorlib]], mscorlib","$values":["Categories","CatalogItems"]},"Id":"77d38098a2154b0daa078e7e551dee26","Name":"","Comments":"","Policies":{"$type":"System.Collections.Generic.List`1[[Sitecore.Commerce.Core.Policy, Sitecore.Commerce.Core]], mscorlib","$values":[]},"ChildComponents":{"$type":"System.Collections.Generic.List`1[[Sitecore.Commerce.Core.Component, Sitecore.Commerce.Core]], mscorlib","$values":[]}},{"$type":"Sitecore.Commerce.Plugin.Catalog.RelationshipsComponent, Sitecore.Commerce.Plugin.Catalog","Relationships":{"$type":"System.Collections.Generic.List`1[[Sitecore.Commerce.Plugin.Catalog.Models.Relationship, Sitecore.Commerce.Plugin.Catalog]], mscorlib","$values":[]},"Id":"864eff8834ec49dc836d7dbc2c173a74","Name":"","Comments":"","Policies":{"$type":"System.Collections.Generic.List`1[[Sitecore.Commerce.Core.Policy, Sitecore.Commerce.Core]], mscorlib","$values":[]},"ChildComponents":{"$type":"System.Collections.Generic.List`1[[Sitecore.Commerce.Core.Component, Sitecore.Commerce.Core]], mscorlib","$values":[]}}]},"DateCreated":"2018-02-27T15:31:01.2791597+00:00","DateUpdated":"2018-03-27T11:53:41.4930782+00:00","DisplayName":"Mirrorless Bundles","FriendlyId":"Habitat_Master-Mirrorless Bundles","Id":"Entity-Category-Habitat_Master-Mirrorless Bundles","Version":1,"IsPersisted":true,"Name":"Mirrorless Bundles","Policies":{"$type":"System.Collections.Generic.List`1[[Sitecore.Commerce.Core.Policy, Sitecore.Commerce.Core]], mscorlib","$values":[]}},{"$type":"Sitecore.Commerce.Plugin.Catalog.Category, Sitecore.Commerce.Plugin.Catalog","Description":"Check out Habitat's mirrorless cameras.","SitecoreId":"9296eda1-89f4-5662-3679-b74ce5bbdd51","ParentCatalogList":"59ddadc1-9b88-727e-9e14-3f6cf321ae0f","ParentCategoryList":"e9f2e3a7-0575-0632-b67e-5e65092230c3","ChildrenSellableItemList":"4ae10c3c-2aaf-0a5c-efe8-a98656964483|5983deab-9427-7026-a87d-9992258d7581|a8dc39d1-192c-c5f2-e276-3736e3fb0093","Components":{"$type":"System.Collections.Generic.List`1[[Sitecore.Commerce.Core.Component, Sitecore.Commerce.Core]], mscorlib","$values":[{"$type":"Sitecore.Commerce.Core.LocalizedEntityComponent, Sitecore.Commerce.Core","Entity":{"$type":"Sitecore.Commerce.Core.EntityReference, Sitecore.Commerce.Core","Name":"","EntityTarget":"Entity-LocalizationEntity-5e41684f000046d5913e86232faea10f","Policies":{"$type":"System.Collections.Generic.List`1[[Sitecore.Commerce.Core.Policy, Sitecore.Commerce.Core]], mscorlib","$values":[]}},"Id":"b5f2fc77cf31448184be0bfae8479602","Name":"","Comments":"","Policies":{"$type":"System.Collections.Generic.List`1[[Sitecore.Commerce.Core.Policy, Sitecore.Commerce.Core]], mscorlib","$values":[]},"ChildComponents":{"$type":"System.Collections.Generic.List`1[[Sitecore.Commerce.Core.Component, Sitecore.Commerce.Core]], mscorlib","$values":[]}},{"$type":"Sitecore.Commerce.Plugin.ManagedLists.ListMembershipsComponent, Sitecore.Commerce.Plugin.ManagedLists","Memberships":{"$type":"System.Collections.Generic.List`1[[System.String, mscorlib]], mscorlib","$values":["Categories","CatalogItems"]},"Id":"780c8b63555540f09652c7d873ba0fa6","Name":"","Comments":"","Policies":{"$type":"System.Collections.Generic.List`1[[Sitecore.Commerce.Core.Policy, Sitecore.Commerce.Core]], mscorlib","$values":[]},"ChildComponents":{"$type":"System.Collections.Generic.List`1[[Sitecore.Commerce.Core.Component, Sitecore.Commerce.Core]], mscorlib","$values":[]}},{"$type":"Sitecore.Commerce.Plugin.Catalog.RelationshipsComponent, Sitecore.Commerce.Plugin.Catalog","Relationships":{"$type":"System.Collections.Generic.List`1[[Sitecore.Commerce.Plugin.Catalog.Models.Relationship, Sitecore.Commerce.Plugin.Catalog]], mscorlib","$values":[]},"Id":"0bdc3472a605477ca838c2b58e554624","Name":"","Comments":"","Policies":{"$type":"System.Collections.Generic.List`1[[Sitecore.Commerce.Core.Policy, Sitecore.Commerce.Core]], mscorlib","$values":[]},"ChildComponents":{"$type":"System.Collections.Generic.List`1[[Sitecore.Commerce.Core.Component, Sitecore.Commerce.Core]], mscorlib","$values":[]}}]},"DateCreated":"2018-02-27T15:31:01.2761143+00:00","DateUpdated":"2018-03-27T11:53:41.4930782+00:00","DisplayName":"Mirrorless Cameras","FriendlyId":"Habitat_Master-Mirrorless Cameras","Id":"Entity-Category-Habitat_Master-Mirrorless Cameras","Version":1,"IsPersisted":true,"Name":"Mirrorless Cameras","Policies":{"$type":"System.Collections.Generic.List`1[[Sitecore.Commerce.Core.Policy, Sitecore.Commerce.Core]], mscorlib","$values":[]}},{"$type":"Sitecore.Commerce.Plugin.Catalog.Category, Sitecore.Commerce.Plugin.Catalog","Description":"Check out Habitat's Multigame Subscriptions. ","SitecoreId":"c3ae4b30-c20d-1f98-232f-e04ecce4d873","ParentCatalogList":"59ddadc1-9b88-727e-9e14-3f6cf321ae0f","ParentCategoryList":"c4623f4f-3167-0ef3-0b8d-d1884233ff53","ChildrenSellableItemList":"57e31714-635f-4232-964c-f405ff5424a2|4389608f-a7fa-78ab-c731-18f10e005b0f|984124ea-2714-f146-ea05-74692457c826|5cd6d5d2-b2f0-ff23-a31e-4ab5f93f60ee|9d744ed1-3039-2dae-aa3a-97a6e4e18fdc","Components":{"$type":"System.Collections.Generic.List`1[[Sitecore.Commerce.Core.Component, Sitecore.Commerce.Core]], mscorlib","$values":[{"$type":"Sitecore.Commerce.Core.LocalizedEntityComponent, Sitecore.Commerce.Core","Entity":{"$type":"Sitecore.Commerce.Core.EntityReference, Sitecore.Commerce.Core","Name":"","EntityTarget":"Entity-LocalizationEntity-f937c0559af14635a9e260fbeec58383","Policies":{"$type":"System.Collections.Generic.List`1[[Sitecore.Commerce.Core.Policy, Sitecore.Commerce.Core]], mscorlib","$values":[]}},"Id":"fc55a9eb820b47c8aa29fb6d40311342","Name":"","Comments":"","Policies":{"$type":"System.Collections.Generic.List`1[[Sitecore.Commerce.Core.Policy, Sitecore.Commerce.Core]], mscorlib","$values":[]},"ChildComponents":{"$type":"System.Collections.Generic.List`1[[Sitecore.Commerce.Core.Component, Sitecore.Commerce.Core]], mscorlib","$values":[]}},{"$type":"Sitecore.Commerce.Plugin.ManagedLists.ListMembershipsComponent, Sitecore.Commerce.Plugin.ManagedLists","Memberships":{"$type":"System.Collections.Generic.List`1[[System.String, mscorlib]], mscorlib","$values":["Categories","CatalogItems"]},"Id":"0a0e62c1349d4d3d81385c01a82c7e21","Name":"","Comments":"","Policies":{"$type":"System.Collections.Generic.List`1[[Sitecore.Commerce.Core.Policy, Sitecore.Commerce.Core]], mscorlib","$values":[]},"ChildComponents":{"$type":"System.Collections.Generic.List`1[[Sitecore.Commerce.Core.Component, Sitecore.Commerce.Core]], mscorlib","$values":[]}},{"$type":"Sitecore.Commerce.Plugin.Catalog.RelationshipsComponent, Sitecore.Commerce.Plugin.Catalog","Relationships":{"$type":"System.Collections.Generic.List`1[[Sitecore.Commerce.Plugin.Catalog.Models.Relationship, Sitecore.Commerce.Plugin.Catalog]], mscorlib","$values":[]},"Id":"90032f79dc7d438dadf2b5d4542db608","Name":"","Comments":"","Policies":{"$type":"System.Collections.Generic.List`1[[Sitecore.Commerce.Core.Policy, Sitecore.Commerce.Core]], mscorlib","$values":[]},"ChildComponents":{"$type":"System.Collections.Generic.List`1[[Sitecore.Commerce.Core.Component, Sitecore.Commerce.Core]], mscorlib","$values":[]}}]},"DateCreated":"2018-02-27T15:31:01.4073852+00:00","DateUpdated":"2018-03-27T11:53:41.4930782+00:00","DisplayName":"Multigame Subscriptions","FriendlyId":"Habitat_Master-Multigame Subscriptions","Id":"Entity-Category-Habitat_Master-Multigame Subscriptions","Version":1,"IsPersisted":true,"Name":"Multigame Subscriptions","Policies":{"$type":"System.Collections.Generic.List`1[[Sitecore.Commerce.Core.Policy, Sitecore.Commerce.Core]], mscorlib","$values":[]}},{"$type":"Sitecore.Commerce.Plugin.Catalog.Category, Sitecore.Commerce.Plugin.Catalog","Description":"Take a look the accessories offered by Habitat.","SitecoreId":"b6c43dca-3178-a8b3-a6a3-62078a309da6","ParentCatalogList":"59ddadc1-9b88-727e-9e14-3f6cf321ae0f","ParentCategoryList":"c4623f4f-3167-0ef3-0b8d-d1884233ff53","ChildrenSellableItemList":"47c395e8-b52e-5870-a4d3-25f28d750df0|4419fb53-d9d1-3dc7-6f46-0fe93d24d7b1|cb64d001-1fbe-59dd-efc2-318da7e1d409|64ee2477-4daf-1835-773a-d3d2516eac10|d34b293b-330d-b047-cf10-e7a1578126d4|23e8a97e-b2d6-146e-d962-b3e3bd6fd2db|fce774eb-e1e6-2cec-65db-021b47cdb24f|8ac9fb06-0473-a83b-3b35-c6ef46f1ed11|49e99bfe-7e3f-2ee3-00d3-17c8a9e25957|0d90bd3d-d37f-833d-29db-fe55636c3948|888f7102-287b-690b-9fb2-e0c4b1faa875|f2b0874d-3467-f796-f73f-e1e61d9d23bb|3186cbf1-196c-5f4f-4ba5-d41e9e20f9f8","Components":{"$type":"System.Collections.Generic.List`1[[Sitecore.Commerce.Core.Component, Sitecore.Commerce.Core]], mscorlib","$values":[{"$type":"Sitecore.Commerce.Core.LocalizedEntityComponent, Sitecore.Commerce.Core","Entity":{"$type":"Sitecore.Commerce.Core.EntityReference, Sitecore.Commerce.Core","Name":"","EntityTarget":"Entity-LocalizationEntity-a41d695bd4804b95a61f60d072725aa0","Policies":{"$type":"System.Collections.Generic.List`1[[Sitecore.Commerce.Core.Policy, Sitecore.Commerce.Core]], mscorlib","$values":[]}},"Id":"0bba6b5443f247ee9fc458cf40db3904","Name":"","Comments":"","Policies":{"$type":"System.Collections.Generic.List`1[[Sitecore.Commerce.Core.Policy, Sitecore.Commerce.Core]], mscorlib","$values":[]},"ChildComponents":{"$type":"System.Collections.Generic.List`1[[Sitecore.Commerce.Core.Component, Sitecore.Commerce.Core]], mscorlib","$values":[]}},{"$type":"Sitecore.Commerce.Plugin.ManagedLists.ListMembershipsComponent, Sitecore.Commerce.Plugin.ManagedLists","Memberships":{"$type":"System.Collections.Generic.List`1[[System.String, mscorlib]], mscorlib","$values":["Categories","CatalogItems"]},"Id":"26a80fd5323e4eaba80e6822a1712f19","Name":"","Comments":"","Policies":{"$type":"System.Collections.Generic.List`1[[Sitecore.Commerce.Core.Policy, Sitecore.Commerce.Core]], mscorlib","$values":[]},"ChildComponents":{"$type":"System.Collections.Generic.List`1[[Sitecore.Commerce.Core.Component, Sitecore.Commerce.Core]], mscorlib","$values":[]}},{"$type":"Sitecore.Commerce.Plugin.Catalog.RelationshipsComponent, Sitecore.Commerce.Plugin.Catalog","Relationships":{"$type":"System.Collections.Generic.List`1[[Sitecore.Commerce.Plugin.Catalog.Models.Relationship, Sitecore.Commerce.Plugin.Catalog]], mscorlib","$values":[]},"Id":"46ab041c68384791a7bf8928b774c74e","Name":"","Comments":"","Policies":{"$type":"System.Collections.Generic.List`1[[Sitecore.Commerce.Core.Policy, Sitecore.Commerce.Core]], mscorlib","$values":[]},"ChildComponents":{"$type":"System.Collections.Generic.List`1[[Sitecore.Commerce.Core.Component, Sitecore.Commerce.Core]], mscorlib","$values":[]}}]},"DateCreated":"2018-02-27T15:31:01.3963568+00:00","DateUpdated":"2018-03-27T11:53:41.4930782+00:00","DisplayName":"NextCube Accessories","FriendlyId":"Habitat_Master-NextCube Accessories","Id":"Entity-Category-Habitat_Master-NextCube Accessories","Version":1,"IsPersisted":true,"Name":"NextCube Accessories","Policies":{"$type":"System.Collections.Generic.List`1[[Sitecore.Commerce.Core.Policy, Sitecore.Commerce.Core]], mscorlib","$values":[]}}]}