{"$type":"System.Collections.Generic.List`1[[Sitecore.Commerce.Plugin.Catalog.Category, Sitecore.Commerce.Plugin.Catalog]], mscorlib","$values":[{"$type":"Sitecore.Commerce.Plugin.Catalog.Category, Sitecore.Commerce.Plugin.Catalog","Description":"Check out tablets even the kids can enjoy.","SitecoreId":"b035e970-3358-9bc3-9964-26fc663eb941","ParentCatalogList":"59ddadc1-9b88-727e-9e14-3f6cf321ae0f","ParentCategoryList":"994ec8cb-fe90-5071-a631-4458b1e83db3","ChildrenSellableItemList":"75c16e98-e71b-d88c-91c7-3d6ac0fb0275|7b5dda2f-be7f-41b8-860b-153ede91727a|cf2923f6-aea3-c6bf-b20e-e21a6cba16b2|59f4429f-d5a0-ee0f-f382-81c80080a781","Components":{"$type":"System.Collections.Generic.List`1[[Sitecore.Commerce.Core.Component, Sitecore.Commerce.Core]], mscorlib","$values":[{"$type":"Sitecore.Commerce.Core.LocalizedEntityComponent, Sitecore.Commerce.Core","Entity":{"$type":"Sitecore.Commerce.Core.EntityReference, Sitecore.Commerce.Core","Name":"","EntityTarget":"Entity-LocalizationEntity-7282d010cdd24fa9a4ce4e9ecbc1d8ff","Policies":{"$type":"System.Collections.Generic.List`1[[Sitecore.Commerce.Core.Policy, Sitecore.Commerce.Core]], mscorlib","$values":[]}},"Id":"3eb12a9a1f3a49d3b86515565654271d","Name":"","Comments":"","Policies":{"$type":"System.Collections.Generic.List`1[[Sitecore.Commerce.Core.Policy, Sitecore.Commerce.Core]], mscorlib","$values":[]},"ChildComponents":{"$type":"System.Collections.Generic.List`1[[Sitecore.Commerce.Core.Component, Sitecore.Commerce.Core]], mscorlib","$values":[]}},{"$type":"Sitecore.Commerce.Plugin.ManagedLists.ListMembershipsComponent, Sitecore.Commerce.Plugin.ManagedLists","Memberships":{"$type":"System.Collections.Generic.List`1[[System.String, mscorlib]], mscorlib","$values":["Categories","CatalogItems"]},"Id":"e5805a53c7fd492184ec24bb1300b5aa","Name":"","Comments":"","Policies":{"$type":"System.Collections.Generic.List`1[[Sitecore.Commerce.Core.Policy, Sitecore.Commerce.Core]], mscorlib","$values":[]},"ChildComponents":{"$type":"System.Collections.Generic.List`1[[Sitecore.Commerce.Core.Component, Sitecore.Commerce.Core]], mscorlib","$values":[]}},{"$type":"Sitecore.Commerce.Plugin.Catalog.RelationshipsComponent, Sitecore.Commerce.Plugin.Catalog","Relationships":{"$type":"System.Collections.Generic.List`1[[Sitecore.Commerce.Plugin.Catalog.Models.Relationship, Sitecore.Commerce.Plugin.Catalog]], mscorlib","$values":[]},"Id":"2fafc3364f6a4797b66c093646e741a7","Name":"","Comments":"","Policies":{"$type":"System.Collections.Generic.List`1[[Sitecore.Commerce.Core.Policy, Sitecore.Commerce.Core]], mscorlib","$values":[]},"ChildComponents":{"$type":"System.Collections.Generic.List`1[[Sitecore.Commerce.Core.Component, Sitecore.Commerce.Core]], mscorlib","$values":[]}}]},"DateCreated":"2018-02-27T15:31:01.3692609+00:00","DateUpdated":"2018-03-19T14:05:45.2659286+00:00","DisplayName":"Kid’s Tablets","FriendlyId":"Habitat_Master-Kid s Tablets","Id":"Entity-Category-Habitat_Master-Kid s Tablets","Version":3,"IsPersisted":true,"Name":"Kid s Tablets","Policies":{"$type":"System.Collections.Generic.List`1[[Sitecore.Commerce.Core.Policy, Sitecore.Commerce.Core]], mscorlib","$values":[]}},{"$type":"Sitecore.Commerce.Plugin.Catalog.Category, Sitecore.Commerce.Plugin.Catalog","Description":"The heart of the home has an improved hub. Helix Viva connects to your home network via mobile app. Display family photos, keep track of food inventory, and control temperature with the push of a button.","SitecoreId":"b2151428-5c58-c626-07de-03d7f6f25581","ParentCatalogList":"59ddadc1-9b88-727e-9e14-3f6cf321ae0f","ParentCategoryList":"c1114488-2d5f-39c7-5e16-42f64d5f2d4a","ChildrenSellableItemList":"7e76956b-d676-e497-bd4b-46f6a45aa2fd|841c9236-d8b1-aab4-4b9a-2ab8cfb2296f|a7932324-be99-90e7-b361-bb6b24361019|11ae7506-8eaf-bdd1-d0fe-b443e47aeb5e|a72e4408-2a14-a2fe-7bc7-874b01ac18d4|93c1e8d7-d8c9-ec5e-e85f-6ab2252af408|67725076-be9d-f4e9-fd2b-f97abcedfe3c|30b57e36-f00a-1778-b660-2064534eb134|7befad52-cd8a-1845-8f1c-0f4ef35974f7|12e798cf-4629-1ee7-09c2-4d9c17cc9b62|96c14150-1855-a79a-7a78-106e4dd660b5|3d9297ea-d528-f260-0b14-e62c6064c641|3af5578f-047a-6565-74ee-978afbb14aea|d1e7e48c-4cd1-39ac-031e-0c5443d6acb9|3a3ec3e8-6d1f-b81c-d11d-57d5d322e727|d19c7297-1d9c-5592-f06c-4c5b6f99b8fe|911026a1-2d8e-eefa-86c2-a10e355a0ab9|fc549e48-c1ca-52a8-213c-898c663c9f34|2fe5c0c4-15b0-df8b-7575-a09c2a56e1ff|3d5355bc-beba-602f-e335-d50e41acf804|051ff17a-1fa6-f48b-10bb-30bdf9b0efe1|818a1745-8df7-699f-a0e6-459aa7127eb3|66e41e0d-046b-3c99-78be-596adc17a815|552e13b2-1267-f97a-d004-e6a40c0da4e4","Components":{"$type":"System.Collections.Generic.List`1[[Sitecore.Commerce.Core.Component, Sitecore.Commerce.Core]], mscorlib","$values":[{"$type":"Sitecore.Commerce.Core.LocalizedEntityComponent, Sitecore.Commerce.Core","Entity":{"$type":"Sitecore.Commerce.Core.EntityReference, Sitecore.Commerce.Core","Name":"","EntityTarget":"Entity-LocalizationEntity-fc27faf27ab64fd486d3c41df7ee8ccd","Policies":{"$type":"System.Collections.Generic.List`1[[Sitecore.Commerce.Core.Policy, Sitecore.Commerce.Core]], mscorlib","$values":[]}},"Id":"53904bfb084e4156ae2720b54d3c65a5","Name":"","Comments":"","Policies":{"$type":"System.Collections.Generic.List`1[[Sitecore.Commerce.Core.Policy, Sitecore.Commerce.Core]], mscorlib","$values":[]},"ChildComponents":{"$type":"System.Collections.Generic.List`1[[Sitecore.Commerce.Core.Component, Sitecore.Commerce.Core]], mscorlib","$values":[]}},{"$type":"Sitecore.Commerce.Plugin.ManagedLists.ListMembershipsComponent, Sitecore.Commerce.Plugin.ManagedLists","Memberships":{"$type":"System.Collections.Generic.List`1[[System.String, mscorlib]], mscorlib","$values":["Categories","CatalogItems"]},"Id":"4d1b75eff49b400196f4f2740b77bf1a","Name":"","Comments":"","Policies":{"$type":"System.Collections.Generic.List`1[[Sitecore.Commerce.Core.Policy, Sitecore.Commerce.Core]], mscorlib","$values":[]},"ChildComponents":{"$type":"System.Collections.Generic.List`1[[Sitecore.Commerce.Core.Component, Sitecore.Commerce.Core]], mscorlib","$values":[]}},{"$type":"Sitecore.Commerce.Plugin.Catalog.RelationshipsComponent, Sitecore.Commerce.Plugin.Catalog","Relationships":{"$type":"System.Collections.Generic.List`1[[Sitecore.Commerce.Plugin.Catalog.Models.Relationship, Sitecore.Commerce.Plugin.Catalog]], mscorlib","$values":[]},"Id":"0be94793486b48c09127da6e1dfb0584","Name":"","Comments":"","Policies":{"$type":"System.Collections.Generic.List`1[[Sitecore.Commerce.Core.Policy, Sitecore.Commerce.Core]], mscorlib","$values":[]},"ChildComponents":{"$type":"System.Collections.Generic.List`1[[Sitecore.Commerce.Core.Component, Sitecore.Commerce.Core]], mscorlib","$values":[]}}]},"DateCreated":"2018-02-27T15:31:01.7803013+00:00","DateUpdated":"2018-03-19T14:07:27.9923089+00:00","DisplayName":"Kitchen Appliances","FriendlyId":"Habitat_Master-Kitchen Appliances","Id":"Entity-Category-Habitat_Master-Kitchen Appliances","Version":8,"IsPersisted":true,"Name":"Kitchen Appliances","Policies":{"$type":"System.Collections.Generic.List`1[[Sitecore.Commerce.Core.Policy, Sitecore.Commerce.Core]], mscorlib","$values":[]}},{"$type":"Sitecore.Commerce.Plugin.Catalog.Category, Sitecore.Commerce.Plugin.Catalog","Description":"Light. Nimble. Tenacious. Habitat Mira laptops have 1TB hard drives and up to 17 hours of battery life. Keep working, keep streaming, all the way to the finish.","SitecoreId":"d7f45dfb-f7c0-ddca-a689-b402eacdddcd","ParentCatalogList":"59ddadc1-9b88-727e-9e14-3f6cf321ae0f","ParentCategoryList":"994ec8cb-fe90-5071-a631-4458b1e83db3","ChildrenSellableItemList":"50df105f-4261-0e11-5934-0f902b1181ae|8dcb7d40-0134-fc8b-b905-bf7d5eff11a0|fd296f24-900c-0a1f-686f-cf13a127016e|a59ade41-926b-ab04-640a-3e609cba4423|39ced455-f74f-4c8d-18ed-146876c69c4d|7af175a9-fcf8-e23e-c31a-92fbdca357cb|7afe9362-61d1-2fd8-335e-24e99da61849|4f1b464e-28e4-7d75-c161-b2e52ad728b6|92a7d2cc-91ad-5223-26ba-cb88c8612c71|ce6e1ae4-bdd4-0097-2b28-1a5602b14407|09f503ba-d8f9-74bc-91c5-047c61243577","Components":{"$type":"System.Collections.Generic.List`1[[Sitecore.Commerce.Core.Component, Sitecore.Commerce.Core]], mscorlib","$values":[{"$type":"Sitecore.Commerce.Core.LocalizedEntityComponent, Sitecore.Commerce.Core","Entity":{"$type":"Sitecore.Commerce.Core.EntityReference, Sitecore.Commerce.Core","Name":"","EntityTarget":"Entity-LocalizationEntity-dd152927306f4d79b400f6b2e2603bae","Policies":{"$type":"System.Collections.Generic.List`1[[Sitecore.Commerce.Core.Policy, Sitecore.Commerce.Core]], mscorlib","$values":[]}},"Id":"5d3d1fea09f34497a4f1a81307d5cb6e","Name":"","Comments":"","Policies":{"$type":"System.Collections.Generic.List`1[[Sitecore.Commerce.Core.Policy, Sitecore.Commerce.Core]], mscorlib","$values":[]},"ChildComponents":{"$type":"System.Collections.Generic.List`1[[Sitecore.Commerce.Core.Component, Sitecore.Commerce.Core]], mscorlib","$values":[]}},{"$type":"Sitecore.Commerce.Plugin.ManagedLists.ListMembershipsComponent, Sitecore.Commerce.Plugin.ManagedLists","Memberships":{"$type":"System.Collections.Generic.List`1[[System.String, mscorlib]], mscorlib","$values":["Categories","CatalogItems"]},"Id":"992cbfb08f804e429837624bc3aefc96","Name":"","Comments":"","Policies":{"$type":"System.Collections.Generic.List`1[[Sitecore.Commerce.Core.Policy, Sitecore.Commerce.Core]], mscorlib","$values":[]},"ChildComponents":{"$type":"System.Collections.Generic.List`1[[Sitecore.Commerce.Core.Component, Sitecore.Commerce.Core]], mscorlib","$values":[]}},{"$type":"Sitecore.Commerce.Plugin.Catalog.RelationshipsComponent, Sitecore.Commerce.Plugin.Catalog","Relationships":{"$type":"System.Collections.Generic.List`1[[Sitecore.Commerce.Plugin.Catalog.Models.Relationship, Sitecore.Commerce.Plugin.Catalog]], mscorlib","$values":[]},"Id":"0c0045ec7da948cb84a6783da09c553a","Name":"","Comments":"","Policies":{"$type":"System.Collections.Generic.List`1[[Sitecore.Commerce.Core.Policy, Sitecore.Commerce.Core]], mscorlib","$values":[]},"ChildComponents":{"$type":"System.Collections.Generic.List`1[[Sitecore.Commerce.Core.Component, Sitecore.Commerce.Core]], mscorlib","$values":[]}}]},"DateCreated":"2018-02-27T15:31:01.3331852+00:00","DateUpdated":"2018-03-19T14:05:33.80215+00:00","DisplayName":"Laptops","FriendlyId":"Habitat_Master-Laptops","Id":"Entity-Category-Habitat_Master-Laptops","Version":4,"IsPersisted":true,"Name":"Laptops","Policies":{"$type":"System.Collections.Generic.List`1[[Sitecore.Commerce.Core.Policy, Sitecore.Commerce.Core]], mscorlib","$values":[]}},{"$type":"Sitecore.Commerce.Plugin.Catalog.Category, Sitecore.Commerce.Plugin.Catalog","Description":"Whiter whites, bolder colors, all in record time. Habitat Gleam washers feature multiple options and cycles for precise cleaning. Advanced drying technology lets you complete loads 35% faster, giving you more time to play.","SitecoreId":"ae2351db-a247-e039-dbbf-5c6e7d2b032f","ParentCatalogList":"59ddadc1-9b88-727e-9e14-3f6cf321ae0f","ParentCategoryList":"06f5147b-9e24-fa33-20fb-d4b7d8d21392","ChildrenSellableItemList":"798e5707-7af3-b304-6030-eed2e70af8ae|130ac1e7-9918-1f7b-6ee1-1b864be4afc1|c11249e8-3b24-a163-8d51-8315947fe69f|3fc451f7-b458-7450-9c84-82018a298d22|686e1d75-8c5f-51d8-3a82-a47eeacca59a|46984f03-599c-f7c5-0269-9440478cc5f5|0dca3c63-26d9-f013-7b03-685474cd47c0|bc444f1e-8ea9-30d4-07bd-57e12ead1715|a8c94051-2e7e-5e04-7f88-6c71202caf0f|f02e86fe-964b-ebe6-e7bf-6e42a3602b63|7ce8fe1c-d9b7-e21e-22ea-3029126dfc77|708e3b78-114b-ef4a-90fb-fb0fd20c73c1|5b591e4c-94eb-caf0-1da1-ccabe96765e9|445b8bc9-68ff-f96f-788b-99f9da4613e1|b5c4ff0b-84a2-117f-4653-53af97c16e42|2c990409-02c9-bf64-b156-c2592bffc3b6","Components":{"$type":"System.Collections.Generic.List`1[[Sitecore.Commerce.Core.Component, Sitecore.Commerce.Core]], mscorlib","$values":[{"$type":"Sitecore.Commerce.Core.LocalizedEntityComponent, Sitecore.Commerce.Core","Entity":{"$type":"Sitecore.Commerce.Core.EntityReference, Sitecore.Commerce.Core","Name":"","EntityTarget":"Entity-LocalizationEntity-2cfca3ff34e04b99ad881af96b68dd84","Policies":{"$type":"System.Collections.Generic.List`1[[Sitecore.Commerce.Core.Policy, Sitecore.Commerce.Core]], mscorlib","$values":[]}},"Id":"fa382be2d31a467aa1b2231ac250b44b","Name":"","Comments":"","Policies":{"$type":"System.Collections.Generic.List`1[[Sitecore.Commerce.Core.Policy, Sitecore.Commerce.Core]], mscorlib","$values":[]},"ChildComponents":{"$type":"System.Collections.Generic.List`1[[Sitecore.Commerce.Core.Component, Sitecore.Commerce.Core]], mscorlib","$values":[]}},{"$type":"Sitecore.Commerce.Plugin.ManagedLists.ListMembershipsComponent, Sitecore.Commerce.Plugin.ManagedLists","Memberships":{"$type":"System.Collections.Generic.List`1[[System.String, mscorlib]], mscorlib","$values":["Categories","CatalogItems"]},"Id":"1c29612a7f324cee970152473d6b8142","Name":"","Comments":"","Policies":{"$type":"System.Collections.Generic.List`1[[Sitecore.Commerce.Core.Policy, Sitecore.Commerce.Core]], mscorlib","$values":[]},"ChildComponents":{"$type":"System.Collections.Generic.List`1[[Sitecore.Commerce.Core.Component, Sitecore.Commerce.Core]], mscorlib","$values":[]}},{"$type":"Sitecore.Commerce.Plugin.Catalog.RelationshipsComponent, Sitecore.Commerce.Plugin.Catalog","Relationships":{"$type":"System.Collections.Generic.List`1[[Sitecore.Commerce.Plugin.Catalog.Models.Relationship, Sitecore.Commerce.Plugin.Catalog]], mscorlib","$values":[]},"Id":"f64e2f895ab242a889ec3616e10a5550","Name":"","Comments":"","Policies":{"$type":"System.Collections.Generic.List`1[[Sitecore.Commerce.Core.Policy, Sitecore.Commerce.Core]], mscorlib","$values":[]},"ChildComponents":{"$type":"System.Collections.Generic.List`1[[Sitecore.Commerce.Core.Component, Sitecore.Commerce.Core]], mscorlib","$values":[]}}]},"DateCreated":"2018-02-27T15:31:01.1261487+00:00","DateUpdated":"2018-03-19T14:04:23.8903952+00:00","DisplayName":"Laundry","FriendlyId":"Habitat_Master-Laundry","Id":"Entity-Category-Habitat_Master-Laundry","Version":4,"IsPersisted":true,"Name":"Laundry","Policies":{"$type":"System.Collections.Generic.List`1[[Sitecore.Commerce.Core.Policy, Sitecore.Commerce.Core]], mscorlib","$values":[]}},{"$type":"Sitecore.Commerce.Plugin.Catalog.Category, Sitecore.Commerce.Plugin.Catalog","Description":"Habitat Centerpiece microwaves offer convection cooking, letting them serve as second ovens. Preset buttons allow for perfectly popped popcorn and even reheating. Get a built-in look with an optional trim kit.","SitecoreId":"1304d651-cf23-6c72-fa89-8941a3c9fff4","ParentCatalogList":"59ddadc1-9b88-727e-9e14-3f6cf321ae0f","ParentCategoryList":"06f5147b-9e24-fa33-20fb-d4b7d8d21392","ChildrenSellableItemList":"2fe5c0c4-15b0-df8b-7575-a09c2a56e1ff|3d5355bc-beba-602f-e335-d50e41acf804|0fe6443e-2f9e-3015-98c0-05eb375dafb0|051ff17a-1fa6-f48b-10bb-30bdf9b0efe1|818a1745-8df7-699f-a0e6-459aa7127eb3|66e41e0d-046b-3c99-78be-596adc17a815|552e13b2-1267-f97a-d004-e6a40c0da4e4","Components":{"$type":"System.Collections.Generic.List`1[[Sitecore.Commerce.Core.Component, Sitecore.Commerce.Core]], mscorlib","$values":[{"$type":"Sitecore.Commerce.Core.LocalizedEntityComponent, Sitecore.Commerce.Core","Entity":{"$type":"Sitecore.Commerce.Core.EntityReference, Sitecore.Commerce.Core","Name":"","EntityTarget":"Entity-LocalizationEntity-4927eda46e754fc88d380523e7194d8a","Policies":{"$type":"System.Collections.Generic.List`1[[Sitecore.Commerce.Core.Policy, Sitecore.Commerce.Core]], mscorlib","$values":[]}},"Id":"1ed4980c247b40a89b5d81579369e7bc","Name":"","Comments":"","Policies":{"$type":"System.Collections.Generic.List`1[[Sitecore.Commerce.Core.Policy, Sitecore.Commerce.Core]], mscorlib","$values":[]},"ChildComponents":{"$type":"System.Collections.Generic.List`1[[Sitecore.Commerce.Core.Component, Sitecore.Commerce.Core]], mscorlib","$values":[]}},{"$type":"Sitecore.Commerce.Plugin.ManagedLists.ListMembershipsComponent, Sitecore.Commerce.Plugin.ManagedLists","Memberships":{"$type":"System.Collections.Generic.List`1[[System.String, mscorlib]], mscorlib","$values":["Categories","CatalogItems"]},"Id":"d1f1be893361434abd8e64beb624774c","Name":"","Comments":"","Policies":{"$type":"System.Collections.Generic.List`1[[Sitecore.Commerce.Core.Policy, Sitecore.Commerce.Core]], mscorlib","$values":[]},"ChildComponents":{"$type":"System.Collections.Generic.List`1[[Sitecore.Commerce.Core.Component, Sitecore.Commerce.Core]], mscorlib","$values":[]}},{"$type":"Sitecore.Commerce.Plugin.Catalog.RelationshipsComponent, Sitecore.Commerce.Plugin.Catalog","Relationships":{"$type":"System.Collections.Generic.List`1[[Sitecore.Commerce.Plugin.Catalog.Models.Relationship, Sitecore.Commerce.Plugin.Catalog]], mscorlib","$values":[]},"Id":"ba733e2bbadd471fb288869dd59d077e","Name":"","Comments":"","Policies":{"$type":"System.Collections.Generic.List`1[[Sitecore.Commerce.Core.Policy, Sitecore.Commerce.Core]], mscorlib","$values":[]},"ChildComponents":{"$type":"System.Collections.Generic.List`1[[Sitecore.Commerce.Core.Component, Sitecore.Commerce.Core]], mscorlib","$values":[]}}]},"DateCreated":"2018-02-27T15:31:01.1471863+00:00","DateUpdated":"2018-03-19T14:04:29.5288123+00:00","DisplayName":"Microwaves","FriendlyId":"Habitat_Master-Microwaves","Id":"Entity-Category-Habitat_Master-Microwaves","Version":4,"IsPersisted":true,"Name":"Microwaves","Policies":{"$type":"System.Collections.Generic.List`1[[Sitecore.Commerce.Core.Policy, Sitecore.Commerce.Core]], mscorlib","$values":[]}},{"$type":"Sitecore.Commerce.Plugin.Catalog.Category, Sitecore.Commerce.Plugin.Catalog","Description":"Checkout Habitat's Mirrorless bundles.","SitecoreId":"2257fa3a-4385-e528-3027-4494ef335348","ParentCatalogList":"59ddadc1-9b88-727e-9e14-3f6cf321ae0f","ParentCategoryList":"e9f2e3a7-0575-0632-b67e-5e65092230c3","ChildrenSellableItemList":"e9d5e2ef-8889-6b75-ca26-7fea56655811|c2dd4812-117b-bfcb-0a5e-8c95c89620a1|89fc47a8-c3fc-8480-4243-e6f3117db36e","Components":{"$type":"System.Collections.Generic.List`1[[Sitecore.Commerce.Core.Component, Sitecore.Commerce.Core]], mscorlib","$values":[{"$type":"Sitecore.Commerce.Core.LocalizedEntityComponent, Sitecore.Commerce.Core","Entity":{"$type":"Sitecore.Commerce.Core.EntityReference, Sitecore.Commerce.Core","Name":"","EntityTarget":"Entity-LocalizationEntity-c225d73c918d473198f171a52898d4e4","Policies":{"$type":"System.Collections.Generic.List`1[[Sitecore.Commerce.Core.Policy, Sitecore.Commerce.Core]], mscorlib","$values":[]}},"Id":"9b0203051d104826a183a1030b41aea7","Name":"","Comments":"","Policies":{"$type":"System.Collections.Generic.List`1[[Sitecore.Commerce.Core.Policy, Sitecore.Commerce.Core]], mscorlib","$values":[]},"ChildComponents":{"$type":"System.Collections.Generic.List`1[[Sitecore.Commerce.Core.Component, Sitecore.Commerce.Core]], mscorlib","$values":[]}},{"$type":"Sitecore.Commerce.Plugin.ManagedLists.ListMembershipsComponent, Sitecore.Commerce.Plugin.ManagedLists","Memberships":{"$type":"System.Collections.Generic.List`1[[System.String, mscorlib]], mscorlib","$values":["Categories","CatalogItems"]},"Id":"9729cabcf94c41bd8d97d4717833b1c7","Name":"","Comments":"","Policies":{"$type":"System.Collections.Generic.List`1[[Sitecore.Commerce.Core.Policy, Sitecore.Commerce.Core]], mscorlib","$values":[]},"ChildComponents":{"$type":"System.Collections.Generic.List`1[[Sitecore.Commerce.Core.Component, Sitecore.Commerce.Core]], mscorlib","$values":[]}},{"$type":"Sitecore.Commerce.Plugin.Catalog.RelationshipsComponent, Sitecore.Commerce.Plugin.Catalog","Relationships":{"$type":"System.Collections.Generic.List`1[[Sitecore.Commerce.Plugin.Catalog.Models.Relationship, Sitecore.Commerce.Plugin.Catalog]], mscorlib","$values":[]},"Id":"2d611edf6a7d4e08ac048b5e1e1965ba","Name":"","Comments":"","Policies":{"$type":"System.Collections.Generic.List`1[[Sitecore.Commerce.Core.Policy, Sitecore.Commerce.Core]], mscorlib","$values":[]},"ChildComponents":{"$type":"System.Collections.Generic.List`1[[Sitecore.Commerce.Core.Component, Sitecore.Commerce.Core]], mscorlib","$values":[]}}]},"DateCreated":"2018-02-27T15:31:01.2791597+00:00","DateUpdated":"2018-03-19T14:05:11.2725931+00:00","DisplayName":"Mirrorless Bundles","FriendlyId":"Habitat_Master-Mirrorless Bundles","Id":"Entity-Category-Habitat_Master-Mirrorless Bundles","Version":4,"IsPersisted":true,"Name":"Mirrorless Bundles","Policies":{"$type":"System.Collections.Generic.List`1[[Sitecore.Commerce.Core.Policy, Sitecore.Commerce.Core]], mscorlib","$values":[]}},{"$type":"Sitecore.Commerce.Plugin.Catalog.Category, Sitecore.Commerce.Plugin.Catalog","Description":"Check out Habitat's mirrorless cameras.","SitecoreId":"9296eda1-89f4-5662-3679-b74ce5bbdd51","ParentCatalogList":"59ddadc1-9b88-727e-9e14-3f6cf321ae0f","ParentCategoryList":"e9f2e3a7-0575-0632-b67e-5e65092230c3","ChildrenSellableItemList":"4ae10c3c-2aaf-0a5c-efe8-a98656964483|5983deab-9427-7026-a87d-9992258d7581|a8dc39d1-192c-c5f2-e276-3736e3fb0093","Components":{"$type":"System.Collections.Generic.List`1[[Sitecore.Commerce.Core.Component, Sitecore.Commerce.Core]], mscorlib","$values":[{"$type":"Sitecore.Commerce.Core.LocalizedEntityComponent, Sitecore.Commerce.Core","Entity":{"$type":"Sitecore.Commerce.Core.EntityReference, Sitecore.Commerce.Core","Name":"","EntityTarget":"Entity-LocalizationEntity-5e41684f000046d5913e86232faea10f","Policies":{"$type":"System.Collections.Generic.List`1[[Sitecore.Commerce.Core.Policy, Sitecore.Commerce.Core]], mscorlib","$values":[]}},"Id":"b5f2fc77cf31448184be0bfae8479602","Name":"","Comments":"","Policies":{"$type":"System.Collections.Generic.List`1[[Sitecore.Commerce.Core.Policy, Sitecore.Commerce.Core]], mscorlib","$values":[]},"ChildComponents":{"$type":"System.Collections.Generic.List`1[[Sitecore.Commerce.Core.Component, Sitecore.Commerce.Core]], mscorlib","$values":[]}},{"$type":"Sitecore.Commerce.Plugin.ManagedLists.ListMembershipsComponent, Sitecore.Commerce.Plugin.ManagedLists","Memberships":{"$type":"System.Collections.Generic.List`1[[System.String, mscorlib]], mscorlib","$values":["Categories","CatalogItems"]},"Id":"bbe9dd9a39ca43ab92567324ba8583f8","Name":"","Comments":"","Policies":{"$type":"System.Collections.Generic.List`1[[Sitecore.Commerce.Core.Policy, Sitecore.Commerce.Core]], mscorlib","$values":[]},"ChildComponents":{"$type":"System.Collections.Generic.List`1[[Sitecore.Commerce.Core.Component, Sitecore.Commerce.Core]], mscorlib","$values":[]}},{"$type":"Sitecore.Commerce.Plugin.Catalog.RelationshipsComponent, Sitecore.Commerce.Plugin.Catalog","Relationships":{"$type":"System.Collections.Generic.List`1[[Sitecore.Commerce.Plugin.Catalog.Models.Relationship, Sitecore.Commerce.Plugin.Catalog]], mscorlib","$values":[]},"Id":"0de83e9fcd354570ade17eba5449e461","Name":"","Comments":"","Policies":{"$type":"System.Collections.Generic.List`1[[Sitecore.Commerce.Core.Policy, Sitecore.Commerce.Core]], mscorlib","$values":[]},"ChildComponents":{"$type":"System.Collections.Generic.List`1[[Sitecore.Commerce.Core.Component, Sitecore.Commerce.Core]], mscorlib","$values":[]}}]},"DateCreated":"2018-02-27T15:31:01.2761143+00:00","DateUpdated":"2018-03-19T14:05:10.3675954+00:00","DisplayName":"Mirrorless Cameras","FriendlyId":"Habitat_Master-Mirrorless Cameras","Id":"Entity-Category-Habitat_Master-Mirrorless Cameras","Version":3,"IsPersisted":true,"Name":"Mirrorless Cameras","Policies":{"$type":"System.Collections.Generic.List`1[[Sitecore.Commerce.Core.Policy, Sitecore.Commerce.Core]], mscorlib","$values":[]}},{"$type":"Sitecore.Commerce.Plugin.Catalog.Category, Sitecore.Commerce.Plugin.Catalog","Description":"Check out Habitat's Multigame Subscriptions. ","SitecoreId":"c3ae4b30-c20d-1f98-232f-e04ecce4d873","ParentCatalogList":"59ddadc1-9b88-727e-9e14-3f6cf321ae0f","ParentCategoryList":"c4623f4f-3167-0ef3-0b8d-d1884233ff53","ChildrenSellableItemList":"57e31714-635f-4232-964c-f405ff5424a2|4389608f-a7fa-78ab-c731-18f10e005b0f|984124ea-2714-f146-ea05-74692457c826|5cd6d5d2-b2f0-ff23-a31e-4ab5f93f60ee|9d744ed1-3039-2dae-aa3a-97a6e4e18fdc","Components":{"$type":"System.Collections.Generic.List`1[[Sitecore.Commerce.Core.Component, Sitecore.Commerce.Core]], mscorlib","$values":[{"$type":"Sitecore.Commerce.Core.LocalizedEntityComponent, Sitecore.Commerce.Core","Entity":{"$type":"Sitecore.Commerce.Core.EntityReference, Sitecore.Commerce.Core","Name":"","EntityTarget":"Entity-LocalizationEntity-f937c0559af14635a9e260fbeec58383","Policies":{"$type":"System.Collections.Generic.List`1[[Sitecore.Commerce.Core.Policy, Sitecore.Commerce.Core]], mscorlib","$values":[]}},"Id":"fc55a9eb820b47c8aa29fb6d40311342","Name":"","Comments":"","Policies":{"$type":"System.Collections.Generic.List`1[[Sitecore.Commerce.Core.Policy, Sitecore.Commerce.Core]], mscorlib","$values":[]},"ChildComponents":{"$type":"System.Collections.Generic.List`1[[Sitecore.Commerce.Core.Component, Sitecore.Commerce.Core]], mscorlib","$values":[]}},{"$type":"Sitecore.Commerce.Plugin.ManagedLists.ListMembershipsComponent, Sitecore.Commerce.Plugin.ManagedLists","Memberships":{"$type":"System.Collections.Generic.List`1[[System.String, mscorlib]], mscorlib","$values":["Categories","CatalogItems"]},"Id":"6b2fd283865b44a5bd8cfc78b09c5370","Name":"","Comments":"","Policies":{"$type":"System.Collections.Generic.List`1[[Sitecore.Commerce.Core.Policy, Sitecore.Commerce.Core]], mscorlib","$values":[]},"ChildComponents":{"$type":"System.Collections.Generic.List`1[[Sitecore.Commerce.Core.Component, Sitecore.Commerce.Core]], mscorlib","$values":[]}},{"$type":"Sitecore.Commerce.Plugin.Catalog.RelationshipsComponent, Sitecore.Commerce.Plugin.Catalog","Relationships":{"$type":"System.Collections.Generic.List`1[[Sitecore.Commerce.Plugin.Catalog.Models.Relationship, Sitecore.Commerce.Plugin.Catalog]], mscorlib","$values":[]},"Id":"38780bf5b0b14023b8f98a920e607549","Name":"","Comments":"","Policies":{"$type":"System.Collections.Generic.List`1[[Sitecore.Commerce.Core.Policy, Sitecore.Commerce.Core]], mscorlib","$values":[]},"ChildComponents":{"$type":"System.Collections.Generic.List`1[[Sitecore.Commerce.Core.Component, Sitecore.Commerce.Core]], mscorlib","$values":[]}}]},"DateCreated":"2018-02-27T15:31:01.4073852+00:00","DateUpdated":"2018-03-19T14:06:06.5021247+00:00","DisplayName":"Multigame Subscriptions","FriendlyId":"Habitat_Master-Multigame Subscriptions","Id":"Entity-Category-Habitat_Master-Multigame Subscriptions","Version":5,"IsPersisted":true,"Name":"Multigame Subscriptions","Policies":{"$type":"System.Collections.Generic.List`1[[Sitecore.Commerce.Core.Policy, Sitecore.Commerce.Core]], mscorlib","$values":[]}},{"$type":"Sitecore.Commerce.Plugin.Catalog.Category, Sitecore.Commerce.Plugin.Catalog","Description":"Take a look the accessories offered by Habitat.","SitecoreId":"b6c43dca-3178-a8b3-a6a3-62078a309da6","ParentCatalogList":"59ddadc1-9b88-727e-9e14-3f6cf321ae0f","ParentCategoryList":"c4623f4f-3167-0ef3-0b8d-d1884233ff53","ChildrenSellableItemList":"47c395e8-b52e-5870-a4d3-25f28d750df0|4419fb53-d9d1-3dc7-6f46-0fe93d24d7b1|cb64d001-1fbe-59dd-efc2-318da7e1d409|64ee2477-4daf-1835-773a-d3d2516eac10|d34b293b-330d-b047-cf10-e7a1578126d4|23e8a97e-b2d6-146e-d962-b3e3bd6fd2db|fce774eb-e1e6-2cec-65db-021b47cdb24f|8ac9fb06-0473-a83b-3b35-c6ef46f1ed11|49e99bfe-7e3f-2ee3-00d3-17c8a9e25957|0d90bd3d-d37f-833d-29db-fe55636c3948|888f7102-287b-690b-9fb2-e0c4b1faa875|f2b0874d-3467-f796-f73f-e1e61d9d23bb|3186cbf1-196c-5f4f-4ba5-d41e9e20f9f8","Components":{"$type":"System.Collections.Generic.List`1[[Sitecore.Commerce.Core.Component, Sitecore.Commerce.Core]], mscorlib","$values":[{"$type":"Sitecore.Commerce.Core.LocalizedEntityComponent, Sitecore.Commerce.Core","Entity":{"$type":"Sitecore.Commerce.Core.EntityReference, Sitecore.Commerce.Core","Name":"","EntityTarget":"Entity-LocalizationEntity-a41d695bd4804b95a61f60d072725aa0","Policies":{"$type":"System.Collections.Generic.List`1[[Sitecore.Commerce.Core.Policy, Sitecore.Commerce.Core]], mscorlib","$values":[]}},"Id":"0bba6b5443f247ee9fc458cf40db3904","Name":"","Comments":"","Policies":{"$type":"System.Collections.Generic.List`1[[Sitecore.Commerce.Core.Policy, Sitecore.Commerce.Core]], mscorlib","$values":[]},"ChildComponents":{"$type":"System.Collections.Generic.List`1[[Sitecore.Commerce.Core.Component, Sitecore.Commerce.Core]], mscorlib","$values":[]}},{"$type":"Sitecore.Commerce.Plugin.ManagedLists.ListMembershipsComponent, Sitecore.Commerce.Plugin.ManagedLists","Memberships":{"$type":"System.Collections.Generic.List`1[[System.String, mscorlib]], mscorlib","$values":["Categories","CatalogItems"]},"Id":"b9e77559ae994e42a46b692cb8440dde","Name":"","Comments":"","Policies":{"$type":"System.Collections.Generic.List`1[[Sitecore.Commerce.Core.Policy, Sitecore.Commerce.Core]], mscorlib","$values":[]},"ChildComponents":{"$type":"System.Collections.Generic.List`1[[Sitecore.Commerce.Core.Component, Sitecore.Commerce.Core]], mscorlib","$values":[]}},{"$type":"Sitecore.Commerce.Plugin.Catalog.RelationshipsComponent, Sitecore.Commerce.Plugin.Catalog","Relationships":{"$type":"System.Collections.Generic.List`1[[Sitecore.Commerce.Plugin.Catalog.Models.Relationship, Sitecore.Commerce.Plugin.Catalog]], mscorlib","$values":[]},"Id":"27dc2e2493194588b368fa8914189e86","Name":"","Comments":"","Policies":{"$type":"System.Collections.Generic.List`1[[Sitecore.Commerce.Core.Policy, Sitecore.Commerce.Core]], mscorlib","$values":[]},"ChildComponents":{"$type":"System.Collections.Generic.List`1[[Sitecore.Commerce.Core.Component, Sitecore.Commerce.Core]], mscorlib","$values":[]}}]},"DateCreated":"2018-02-27T15:31:01.3963568+00:00","DateUpdated":"2018-03-19T14:06:01.8624074+00:00","DisplayName":"NextCube Accessories","FriendlyId":"Habitat_Master-NextCube Accessories","Id":"Entity-Category-Habitat_Master-NextCube Accessories","Version":5,"IsPersisted":true,"Name":"NextCube Accessories","Policies":{"$type":"System.Collections.Generic.List`1[[Sitecore.Commerce.Core.Policy, Sitecore.Commerce.Core]], mscorlib","$values":[]}},{"$type":"Sitecore.Commerce.Plugin.Catalog.Category, Sitecore.Commerce.Plugin.Catalog","Description":"","SitecoreId":"f84e5567-a37a-36b3-d2df-edb8730eb259","ParentCatalogList":"59ddadc1-9b88-727e-9e14-3f6cf321ae0f","ParentCategoryList":"c1114488-2d5f-39c7-5e16-42f64d5f2d4a","ChildrenSellableItemList":"57e31714-635f-4232-964c-f405ff5424a2|4389608f-a7fa-78ab-c731-18f10e005b0f|984124ea-2714-f146-ea05-74692457c826|5cd6d5d2-b2f0-ff23-a31e-4ab5f93f60ee|9d744ed1-3039-2dae-aa3a-97a6e4e18fdc|744fd05a-43e6-bec7-d364-c258b8dafcae|cf52784e-44cb-d53c-13a6-8ba0464a45a0|c58e6717-ed3f-7b77-f6d1-b48560267936|489bd80f-6a05-98d4-b75f-f984bfe947f3|f1b42e8e-9c63-8a2c-1eae-1f18570b4e5f|5b6250f0-e30a-c1d8-ef7c-7c42ca211896|ecda7c6a-69b5-a90c-a942-7e208129cfd9|0aa3786e-0d7c-ca6c-56d5-279d15730b14|2648e3db-2926-f7c8-f1f4-5e2aa6ff7980|b65fb716-ce99-4fb6-45f1-4e46f2e849a7|da8a841f-ba5a-b3df-2295-3f09b5a58ad8|e3c5ca87-45a8-bc22-5824-a1a9c298bd53|f9506c8e-fde9-9f6b-a653-bcc5bc91b9f5|550118dc-e465-1494-944b-f705246e33a9|ab373121-14e4-293d-1a18-e6e584e2581c|e7e8c70d-5e10-80a4-2610-66468060d023|2dbbfff5-b934-1519-d6e0-af9471471a3a|d601d506-06ad-37df-6232-2f7a43bd5440|3f3db683-d2a0-eb62-21e5-caa4ff670f8d|5b3b2b0b-5856-d428-6fd9-f1c3601eeed5|b891488f-2d73-f299-5fd3-9f0c264a5061|78b946b8-b52a-8de3-297a-aea964685fb8|18fe58ed-5d47-b75f-4494-d73ef166c569|3f89d08d-1634-0fd6-c73f-297da605d6fa|23684343-fccc-b1fa-eba6-b99ae9c0254f|634a63a0-8e2f-f4ea-9a42-980834e1f50c|c7b0e909-fa6c-b9b9-d48e-396b95cb21ad|e37aff75-07ef-e920-3265-8aac9c381624|9fa4d628-1990-50d8-9739-53a10d839e0a|2e6c309a-fc36-e9b2-8b14-bc483fedc436|d11744b4-f059-24bd-85cb-ac2a8c024f86|b28ec849-0388-1aae-9913-455bdbf648b7|c867b273-7cc9-05ab-60e5-3299bf6a1e90|fce95338-71f1-84cf-7639-24619ed5bd4c|4c00e1a5-cad6-0fd5-817d-8ce9ba604c5d|35dcb2bd-d4f6-4ab5-89a2-382b843ac25b|ba4943ef-e3be-ef24-66e8-a9deaad90570|fb444154-f6c5-7321-255e-54f86987eedd|0e1fc0e0-9b9b-a432-191e-ffa3c4cb84dd|fa77157a-d39b-5042-262a-77043afdfde1|dd743c03-c97a-7f11-a167-70a84886e5c7|17e67904-1b7e-58fa-6604-30faff803d3c|5277ea60-d96c-62e5-67b0-4f571e7cf217|cc7daea5-4ac7-963b-a062-93c97109eeeb|fd05d43d-174f-3aa6-b558-96dabb51aa3d|4edc9345-1006-56fd-1d9f-31bc24609a2c|af53ef1f-9503-3b80-a2e6-a63d2c23e233|c7aa44d6-bd31-2a61-4189-64b520a881fd|23ad0751-59e1-c5f0-b49e-163f902e2a5a|b03abc86-c522-3750-46a8-18c59d7d0249|794162ac-2f91-0100-5eed-7d229f251a66|b2dff672-fd86-889b-0b9a-1afb4b78aaa6|178d53b0-43f8-d0aa-5b22-ce66687554a2|290b39f5-9938-17c7-88b9-ceba6a981ccd|a97b6a12-d2ee-a6b3-3a2a-e4a064729431|1a18112e-29ed-dfd5-e384-2727702e5e6c|66bf66ba-5262-3ff0-5fe3-5a3ed022bc65|bd6fafe9-1711-92b8-c7ee-025af2865987|54ba24b5-37d4-a2fd-7cdf-a89b59bf5832|fa7b9558-5cca-08d0-54db-afa21ce18f81|a6dda2ea-cb61-f64b-8acf-96eae4153293|140c8615-ec62-acf7-f399-acc1cc094667|0870a660-b1e0-be83-8528-8e7a136b4eda|80bf831c-b68d-3ab8-48ea-a5a59068f3cf|e74eccc5-1cbb-a984-1b40-7e0de9524712|42aaf399-4feb-6419-2cbb-54cba276d6cf|c0b4bffa-c232-a3be-54e3-a97dd8f0f7dc|1e5a4205-8f01-36ec-414c-f7ec49ae52ab|af182f96-2c66-413b-019a-23a872407a37|d8948a10-ffdf-7425-1cd1-ac4df70690eb|1e49c200-e732-f3bc-9711-8f643e0f3b13|72013579-a5ff-c8eb-ef24-c99129df048a|05ef55d1-4f51-70b4-ec09-831091f34163|439cc42a-5fcf-9d16-36cb-59711334c4cd|dfaadb11-3890-a79a-7f59-4aa60c0c519e|8f48e186-2de0-6396-9ea6-a49155fec45d|cd9e747a-f343-405c-a99b-93280009af3d|8d70acae-367c-4228-4830-ba64b2e4aa62|a3b3a4ce-6730-b76c-4571-9079ee6b2057|1de57fc5-9bc8-aadd-eee6-28a9ff4f2d0a|94b57729-a804-0037-a665-5afeb6f42596|d15a7cca-1004-3c3d-1369-e93e7465b436|7b45eab8-d168-cac1-a394-eb13b0e60510|a41b0f97-ee10-6d53-aee0-927a6ac3b664|b19d5afa-f60e-8cb3-85fe-10f54feb62be|f3e5489a-3b81-f3ed-6e10-e04d91bc8411|622eb3cb-6210-d446-4008-5b7a7b7b4667|96167f8b-a9b6-7246-1da3-68012bbf5baa|d21e0bff-c54c-4c4b-6048-255fcd1d5ac1|aa01e789-83e2-6324-8c90-bec0ec24749e|7af40f40-8f15-1fbd-e643-cf6290e8505d|40c24a90-7fca-2b9c-82f0-86cadc0b363d|5ef8a90c-c7e6-4500-7144-b3262668fbf5|c673c299-04a2-bc3d-411d-4a88f3d13a3e|13cbc0f1-7d9c-4cb6-6487-03dc72572066|58aa656f-ad4a-c05f-2a27-2e1225070a1d|9bacc4e6-0ce0-a79e-de28-041218c7dca5|181864f6-f864-5aa6-ca68-bcb8f10cb9be|de3dca90-eb21-74ef-3b7e-725e0e934a8f|e5526c4b-4e93-f350-7865-796fa779e23f","Components":{"$type":"System.Collections.Generic.List`1[[Sitecore.Commerce.Core.Component, Sitecore.Commerce.Core]], mscorlib","$values":[{"$type":"Sitecore.Commerce.Core.LocalizedEntityComponent, Sitecore.Commerce.Core","Entity":{"$type":"Sitecore.Commerce.Core.EntityReference, Sitecore.Commerce.Core","Name":"","EntityTarget":"Entity-LocalizationEntity-2fd77b9da7564e11ba3f7e10f1704e74","Policies":{"$type":"System.Collections.Generic.List`1[[Sitecore.Commerce.Core.Policy, Sitecore.Commerce.Core]], mscorlib","$values":[]}},"Id":"69a6c4dd772943d7a91d33a5c5314621","Name":"","Comments":"","Policies":{"$type":"System.Collections.Generic.List`1[[Sitecore.Commerce.Core.Policy, Sitecore.Commerce.Core]], mscorlib","$values":[]},"ChildComponents":{"$type":"System.Collections.Generic.List`1[[Sitecore.Commerce.Core.Component, Sitecore.Commerce.Core]], mscorlib","$values":[]}},{"$type":"Sitecore.Commerce.Plugin.ManagedLists.ListMembershipsComponent, Sitecore.Commerce.Plugin.ManagedLists","Memberships":{"$type":"System.Collections.Generic.List`1[[System.String, mscorlib]], mscorlib","$values":["Categories","CatalogItems"]},"Id":"f88ad35dfdf946cd823029b91e73cb12","Name":"","Comments":"","Policies":{"$type":"System.Collections.Generic.List`1[[Sitecore.Commerce.Core.Policy, Sitecore.Commerce.Core]], mscorlib","$values":[]},"ChildComponents":{"$type":"System.Collections.Generic.List`1[[Sitecore.Commerce.Core.Component, Sitecore.Commerce.Core]], mscorlib","$values":[]}},{"$type":"Sitecore.Commerce.Plugin.Catalog.RelationshipsComponent, Sitecore.Commerce.Plugin.Catalog","Relationships":{"$type":"System.Collections.Generic.List`1[[Sitecore.Commerce.Plugin.Catalog.Models.Relationship, Sitecore.Commerce.Plugin.Catalog]], mscorlib","$values":[]},"Id":"ccfd309cb7b94081b3d5010e1fa84c6a","Name":"","Comments":"","Policies":{"$type":"System.Collections.Generic.List`1[[Sitecore.Commerce.Core.Policy, Sitecore.Commerce.Core]], mscorlib","$values":[]},"ChildComponents":{"$type":"System.Collections.Generic.List`1[[Sitecore.Commerce.Core.Component, Sitecore.Commerce.Core]], mscorlib","$values":[]}}]},"DateCreated":"2018-02-27T15:31:01.7794009+00:00","DateUpdated":"2018-03-19T14:07:27.945306+00:00","DisplayName":"NextCube_InGame","FriendlyId":"Habitat_Master-NextCube_InGame","Id":"Entity-Category-Habitat_Master-NextCube_InGame","Version":23,"IsPersisted":true,"Name":"NextCube_InGame","Policies":{"$type":"System.Collections.Generic.List`1[[Sitecore.Commerce.Core.Policy, Sitecore.Commerce.Core]], mscorlib","$values":[]}}]}