{"$type":"System.Collections.Generic.List`1[[Sitecore.Commerce.Plugin.Catalog.Category, Sitecore.Commerce.Plugin.Catalog]], mscorlib","$values":[{"$type":"Sitecore.Commerce.Plugin.Catalog.Category, Sitecore.Commerce.Plugin.Catalog","Description":"Check out Habitat's noise cancelling headphones.","SitecoreId":"cc4e2600-273a-f541-c891-0b26a323fd42","ParentCatalogList":"59ddadc1-9b88-727e-9e14-3f6cf321ae0f","ParentCategoryList":"a0860c27-2a32-841f-7014-75b163b9471e","ChildrenSellableItemList":"7f32a049-064a-ef5c-89a7-aa53efc459ff","Components":{"$type":"System.Collections.Generic.List`1[[Sitecore.Commerce.Core.Component, Sitecore.Commerce.Core]], mscorlib","$values":[{"$type":"Sitecore.Commerce.Core.LocalizedEntityComponent, Sitecore.Commerce.Core","Entity":{"$type":"Sitecore.Commerce.Core.EntityReference, Sitecore.Commerce.Core","Name":"","EntityTarget":"Entity-LocalizationEntity-e2fde9f8ca6446d0806ebbeb4059a1c9","Policies":{"$type":"System.Collections.Generic.List`1[[Sitecore.Commerce.Core.Policy, Sitecore.Commerce.Core]], mscorlib","$values":[]}},"Id":"a19ab700240a4d7bbad939f989e67fc1","Name":"","Comments":"","Policies":{"$type":"System.Collections.Generic.List`1[[Sitecore.Commerce.Core.Policy, Sitecore.Commerce.Core]], mscorlib","$values":[]},"ChildComponents":{"$type":"System.Collections.Generic.List`1[[Sitecore.Commerce.Core.Component, Sitecore.Commerce.Core]], mscorlib","$values":[]}},{"$type":"Sitecore.Commerce.Plugin.ManagedLists.ListMembershipsComponent, Sitecore.Commerce.Plugin.ManagedLists","Memberships":{"$type":"System.Collections.Generic.List`1[[System.String, mscorlib]], mscorlib","$values":["Categories","CatalogItems"]},"Id":"b78697f80ae6432d8c73148a59a80f0a","Name":"","Comments":"","Policies":{"$type":"System.Collections.Generic.List`1[[Sitecore.Commerce.Core.Policy, Sitecore.Commerce.Core]], mscorlib","$values":[]},"ChildComponents":{"$type":"System.Collections.Generic.List`1[[Sitecore.Commerce.Core.Component, Sitecore.Commerce.Core]], mscorlib","$values":[]}},{"$type":"Sitecore.Commerce.Plugin.Catalog.RelationshipsComponent, Sitecore.Commerce.Plugin.Catalog","Relationships":{"$type":"System.Collections.Generic.List`1[[Sitecore.Commerce.Plugin.Catalog.Models.Relationship, Sitecore.Commerce.Plugin.Catalog]], mscorlib","$values":[]},"Id":"0004dae762214ea18aced6ada11cebea","Name":"","Comments":"","Policies":{"$type":"System.Collections.Generic.List`1[[Sitecore.Commerce.Core.Policy, Sitecore.Commerce.Core]], mscorlib","$values":[]},"ChildComponents":{"$type":"System.Collections.Generic.List`1[[Sitecore.Commerce.Core.Component, Sitecore.Commerce.Core]], mscorlib","$values":[]}}]},"DateCreated":"2018-02-27T15:31:01.1973296+00:00","DateUpdated":"2018-03-19T14:04:44.7524174+00:00","DisplayName":"Noise-canceling headphones","FriendlyId":"Habitat_Master-Noise canceling headphones","Id":"Entity-Category-Habitat_Master-Noise canceling headphones","Version":3,"IsPersisted":true,"Name":"Noise canceling headphones","Policies":{"$type":"System.Collections.Generic.List`1[[Sitecore.Commerce.Core.Policy, Sitecore.Commerce.Core]], mscorlib","$values":[]}},{"$type":"Sitecore.Commerce.Plugin.Catalog.Category, Sitecore.Commerce.Plugin.Catalog","Description":"Take a look at Habitat's Phones.","SitecoreId":"2cfd42ad-7e53-d5e5-66e6-43b47ec243ac","ParentCatalogList":"59ddadc1-9b88-727e-9e14-3f6cf321ae0f","ParentCategoryList":"8e456d84-4251-dba1-4b86-ce103dedcd02","ChildrenSellableItemList":"ba349a7d-2b04-b718-6d44-38cb801f261d|4d8ab438-8922-aa3e-3bca-81ffabd68ca0|ac8d258a-2696-c71e-75b4-baa62165073f|7e5e9368-32b0-0763-35ef-71c71e8ff616|bdd26d6c-3c54-33e7-e623-fc654444a5aa|6d8fb7a7-516b-5fd8-2e22-d0ff51191132","Components":{"$type":"System.Collections.Generic.List`1[[Sitecore.Commerce.Core.Component, Sitecore.Commerce.Core]], mscorlib","$values":[{"$type":"Sitecore.Commerce.Core.LocalizedEntityComponent, Sitecore.Commerce.Core","Entity":{"$type":"Sitecore.Commerce.Core.EntityReference, Sitecore.Commerce.Core","Name":"","EntityTarget":"Entity-LocalizationEntity-4a1ec3b42937462db76b7e14c008cde1","Policies":{"$type":"System.Collections.Generic.List`1[[Sitecore.Commerce.Core.Policy, Sitecore.Commerce.Core]], mscorlib","$values":[]}},"Id":"e3aa801e9f744292b46b3adba1ee04e1","Name":"","Comments":"","Policies":{"$type":"System.Collections.Generic.List`1[[Sitecore.Commerce.Core.Policy, Sitecore.Commerce.Core]], mscorlib","$values":[]},"ChildComponents":{"$type":"System.Collections.Generic.List`1[[Sitecore.Commerce.Core.Component, Sitecore.Commerce.Core]], mscorlib","$values":[]}},{"$type":"Sitecore.Commerce.Plugin.ManagedLists.ListMembershipsComponent, Sitecore.Commerce.Plugin.ManagedLists","Memberships":{"$type":"System.Collections.Generic.List`1[[System.String, mscorlib]], mscorlib","$values":["Categories","CatalogItems"]},"Id":"04bc87d69ef9440fa7b7646127c816d9","Name":"","Comments":"","Policies":{"$type":"System.Collections.Generic.List`1[[Sitecore.Commerce.Core.Policy, Sitecore.Commerce.Core]], mscorlib","$values":[]},"ChildComponents":{"$type":"System.Collections.Generic.List`1[[Sitecore.Commerce.Core.Component, Sitecore.Commerce.Core]], mscorlib","$values":[]}},{"$type":"Sitecore.Commerce.Plugin.Catalog.RelationshipsComponent, Sitecore.Commerce.Plugin.Catalog","Relationships":{"$type":"System.Collections.Generic.List`1[[Sitecore.Commerce.Plugin.Catalog.Models.Relationship, Sitecore.Commerce.Plugin.Catalog]], mscorlib","$values":[]},"Id":"e1c337e99f174fa7b1449dc17d6e0f75","Name":"","Comments":"","Policies":{"$type":"System.Collections.Generic.List`1[[Sitecore.Commerce.Core.Policy, Sitecore.Commerce.Core]], mscorlib","$values":[]},"ChildComponents":{"$type":"System.Collections.Generic.List`1[[Sitecore.Commerce.Core.Component, Sitecore.Commerce.Core]], mscorlib","$values":[]}}]},"DateCreated":"2018-02-27T15:31:01.6461498+00:00","DateUpdated":"2018-03-19T14:07:09.5628864+00:00","DisplayName":"Other Phones","FriendlyId":"Habitat_Master-Other Phones","Id":"Entity-Category-Habitat_Master-Other Phones","Version":4,"IsPersisted":true,"Name":"Other Phones","Policies":{"$type":"System.Collections.Generic.List`1[[Sitecore.Commerce.Core.Policy, Sitecore.Commerce.Core]], mscorlib","$values":[]}},{"$type":"Sitecore.Commerce.Plugin.Catalog.Category, Sitecore.Commerce.Plugin.Catalog","Description":"Take  your game to all new heights.","SitecoreId":"f8c5fd55-5530-486d-8851-83a78e1c398e","ParentCatalogList":"59ddadc1-9b88-727e-9e14-3f6cf321ae0f","ChildrenSellableItemList":"0d90bd3d-d37f-833d-29db-fe55636c3948|888f7102-287b-690b-9fb2-e0c4b1faa875|f2b0874d-3467-f796-f73f-e1e61d9d23bb|4c5bf625-bca5-ab00-de98-0338cf27cc04","Components":{"$type":"System.Collections.Generic.List`1[[Sitecore.Commerce.Core.Component, Sitecore.Commerce.Core]], mscorlib","$values":[{"$type":"Sitecore.Commerce.Core.LocalizedEntityComponent, Sitecore.Commerce.Core","Entity":{"$type":"Sitecore.Commerce.Core.EntityReference, Sitecore.Commerce.Core","Name":"","EntityTarget":"Entity-LocalizationEntity-163633e32a104490ad9fb7f706abc2e6","Policies":{"$type":"System.Collections.Generic.List`1[[Sitecore.Commerce.Core.Policy, Sitecore.Commerce.Core]], mscorlib","$values":[]}},"Id":"74bfbe24a7134f7db0624e2e9afd59ad","Name":"","Comments":"","Policies":{"$type":"System.Collections.Generic.List`1[[Sitecore.Commerce.Core.Policy, Sitecore.Commerce.Core]], mscorlib","$values":[]},"ChildComponents":{"$type":"System.Collections.Generic.List`1[[Sitecore.Commerce.Core.Component, Sitecore.Commerce.Core]], mscorlib","$values":[]}},{"$type":"Sitecore.Commerce.Plugin.ManagedLists.ListMembershipsComponent, Sitecore.Commerce.Plugin.ManagedLists","Memberships":{"$type":"System.Collections.Generic.List`1[[System.String, mscorlib]], mscorlib","$values":["Categories","CatalogItems"]},"Id":"35396ea576b14dc0a84f10da62ca521e","Name":"","Comments":"","Policies":{"$type":"System.Collections.Generic.List`1[[Sitecore.Commerce.Core.Policy, Sitecore.Commerce.Core]], mscorlib","$values":[]},"ChildComponents":{"$type":"System.Collections.Generic.List`1[[Sitecore.Commerce.Core.Component, Sitecore.Commerce.Core]], mscorlib","$values":[]}},{"$type":"Sitecore.Commerce.Plugin.Catalog.RelationshipsComponent, Sitecore.Commerce.Plugin.Catalog","Relationships":{"$type":"System.Collections.Generic.List`1[[Sitecore.Commerce.Plugin.Catalog.Models.Relationship, Sitecore.Commerce.Plugin.Catalog]], mscorlib","$values":[]},"Id":"ed1067e87cc744f9a7b40649db7403ca","Name":"","Comments":"","Policies":{"$type":"System.Collections.Generic.List`1[[Sitecore.Commerce.Core.Policy, Sitecore.Commerce.Core]], mscorlib","$values":[]},"ChildComponents":{"$type":"System.Collections.Generic.List`1[[Sitecore.Commerce.Core.Component, Sitecore.Commerce.Core]], mscorlib","$values":[]}}]},"DateCreated":"2018-02-27T15:31:01.7814048+00:00","DateUpdated":"2018-03-19T14:07:28.4413219+00:00","DisplayName":"NextCube Performance Gaming Accessories","FriendlyId":"Habitat_Master-Performance Accessories","Id":"Entity-Category-Habitat_Master-Performance Accessories","Version":3,"IsPersisted":true,"Name":"Performance Accessories","Policies":{"$type":"System.Collections.Generic.List`1[[Sitecore.Commerce.Core.Policy, Sitecore.Commerce.Core]], mscorlib","$values":[]}},{"$type":"Sitecore.Commerce.Plugin.Catalog.Category, Sitecore.Commerce.Plugin.Catalog","Description":"Stay connected no matter where you are. Surf the web, take photos, and conduct business with Habitat mobile and smartphones. Powerful processors and intuitive interfaces give you an enhanced mobile experience.","SitecoreId":"8e456d84-4251-dba1-4b86-ce103dedcd02","ParentCatalogList":"59ddadc1-9b88-727e-9e14-3f6cf321ae0f","ParentCategoryList":"b893c063-6238-ed57-700d-72862c56038d","ChildrenCategoryList":"c2bfaf91-7825-4846-0ad3-0479cdf7b607|2cfd42ad-7e53-d5e5-66e6-43b47ec243ac|3198ffe4-83d3-a856-6964-62a6a2e9b488|2bb3dc73-126b-2819-a630-c91dd564ed68","ChildrenSellableItemList":"f8ed989e-bbb7-e321-a855-5cf5b7a3ab94|6f1315cf-d2aa-10a7-7e27-988b84656c27|a1c493ab-1fb5-8617-1050-d5977468e021|3883aecd-dd98-7840-4e32-539d8a130b53|306754c9-a39a-eb2b-e8c4-9b391145ceed|b8608a92-c842-110a-efdf-d2d8376ce7cd|b8e0a717-0e21-e245-e56d-80a872eaeff5|18056f53-d667-87e5-3b91-43f7c2f04446|e20f063f-5cd7-f018-b1b6-8f1d08e73ffd|ee848309-5353-220a-38a3-014beee11738|ba349a7d-2b04-b718-6d44-38cb801f261d|4d8ab438-8922-aa3e-3bca-81ffabd68ca0|ac8d258a-2696-c71e-75b4-baa62165073f|7e5e9368-32b0-0763-35ef-71c71e8ff616|bdd26d6c-3c54-33e7-e623-fc654444a5aa|6d8fb7a7-516b-5fd8-2e22-d0ff51191132|528fe976-ce08-4573-e8c5-d377d528fe3b|1bdc1612-167b-a4ea-e186-f6e5c5ffd0ec|4611566c-587e-64df-43f8-4c4033c6441a|af88fbec-fd51-6c74-7dc1-ed5476b8f941|7b679716-0a1a-2beb-af45-f900735b2470|4682a728-f866-5b74-f885-bccbb9ab476c|c6553043-9ec4-2769-629f-a1fcec3d527f|a48b10e7-1c42-55b5-44d2-0801c18b4d09|51e9a9bc-8385-86a6-bdb7-07b107a6a631|c1936d7b-12cb-2245-34f8-e7370d807007|d9b7fc37-4125-79cb-6e9b-2314b3e46554|30feb837-f83f-10d0-514a-dcec9bf8a21a|4a6404a3-139a-2aac-739e-d79779251607|cddca9d9-68f3-7da8-8166-bf7a26a476d2|817becb1-2193-76a6-e7ea-7e0d290bd711|fe67af6f-00e1-2fcc-2c31-a5637fb4032b|8cd98330-4d76-e0d4-ae90-741e151310fe|dabaf6b2-6f8b-5d8d-a9d1-fa1c33bb5ad8|5df5eb62-4226-249b-fe92-4e4bec2eb284|fc1fc8d4-f5f0-78b2-7564-68fe71a81a4d|25aecd4a-390d-9a7c-32fb-9d89b7759d26|bb06dc3f-6d74-abab-a4b3-729c5deb18a9|458cc8a9-7736-b414-a7f0-69347d6f37ff|e0f9dfc9-808c-4ba2-e975-af246f30655f|bf5c0bce-7ae3-f1d4-67fe-b039aff6ad13|7fcf80a8-67a2-c8a8-e0df-8267f1ddebaa|ebdde3ca-86c7-557c-34c1-4cd03e8d55ec|b0ee8c88-f1b7-50e0-4efd-30fbfed75901","Components":{"$type":"System.Collections.Generic.List`1[[Sitecore.Commerce.Core.Component, Sitecore.Commerce.Core]], mscorlib","$values":[{"$type":"Sitecore.Commerce.Core.LocalizedEntityComponent, Sitecore.Commerce.Core","Entity":{"$type":"Sitecore.Commerce.Core.EntityReference, Sitecore.Commerce.Core","Name":"","EntityTarget":"Entity-LocalizationEntity-1251c7f128924880bc3305a04f46de21","Policies":{"$type":"System.Collections.Generic.List`1[[Sitecore.Commerce.Core.Policy, Sitecore.Commerce.Core]], mscorlib","$values":[]}},"Id":"f5f85596e7b04924b3638100e86cf841","Name":"","Comments":"","Policies":{"$type":"System.Collections.Generic.List`1[[Sitecore.Commerce.Core.Policy, Sitecore.Commerce.Core]], mscorlib","$values":[]},"ChildComponents":{"$type":"System.Collections.Generic.List`1[[Sitecore.Commerce.Core.Component, Sitecore.Commerce.Core]], mscorlib","$values":[]}},{"$type":"Sitecore.Commerce.Plugin.ManagedLists.ListMembershipsComponent, Sitecore.Commerce.Plugin.ManagedLists","Memberships":{"$type":"System.Collections.Generic.List`1[[System.String, mscorlib]], mscorlib","$values":["Categories","CatalogItems"]},"Id":"4791b727f16743e3882bd81f0945b9cf","Name":"","Comments":"","Policies":{"$type":"System.Collections.Generic.List`1[[Sitecore.Commerce.Core.Policy, Sitecore.Commerce.Core]], mscorlib","$values":[]},"ChildComponents":{"$type":"System.Collections.Generic.List`1[[Sitecore.Commerce.Core.Component, Sitecore.Commerce.Core]], mscorlib","$values":[]}},{"$type":"Sitecore.Commerce.Plugin.Catalog.RelationshipsComponent, Sitecore.Commerce.Plugin.Catalog","Relationships":{"$type":"System.Collections.Generic.List`1[[Sitecore.Commerce.Plugin.Catalog.Models.Relationship, Sitecore.Commerce.Plugin.Catalog]], mscorlib","$values":[]},"Id":"bdc2624e729c49baa59d6a013b73fae7","Name":"","Comments":"","Policies":{"$type":"System.Collections.Generic.List`1[[Sitecore.Commerce.Core.Policy, Sitecore.Commerce.Core]], mscorlib","$values":[]},"ChildComponents":{"$type":"System.Collections.Generic.List`1[[Sitecore.Commerce.Core.Component, Sitecore.Commerce.Core]], mscorlib","$values":[]}}]},"DateCreated":"2018-02-27T15:31:01.6212291+00:00","DateUpdated":"2018-03-19T14:07:15.4717517+00:00","DisplayName":"Phones","FriendlyId":"Habitat_Master-Phones","Id":"Entity-Category-Habitat_Master-Phones","Version":10,"IsPersisted":true,"Name":"Phones","Policies":{"$type":"System.Collections.Generic.List`1[[Sitecore.Commerce.Core.Policy, Sitecore.Commerce.Core]], mscorlib","$values":[]}},{"$type":"Sitecore.Commerce.Plugin.Catalog.Category, Sitecore.Commerce.Plugin.Catalog","Description":"Have a peak at Habitat's cameras.","SitecoreId":"8deb6d8d-48b0-63b3-56c6-8115c39862ef","ParentCatalogList":"59ddadc1-9b88-727e-9e14-3f6cf321ae0f","ParentCategoryList":"e9f2e3a7-0575-0632-b67e-5e65092230c3","ChildrenSellableItemList":"46455327-796c-8125-b838-f6d7f678303d|44ead3af-7807-5285-5075-e87c0d3c2668|c10fd6ac-4461-4462-786f-57083d2e0bda|b600aac3-8d01-7803-a32b-56bf8b1ed368","Components":{"$type":"System.Collections.Generic.List`1[[Sitecore.Commerce.Core.Component, Sitecore.Commerce.Core]], mscorlib","$values":[{"$type":"Sitecore.Commerce.Core.LocalizedEntityComponent, Sitecore.Commerce.Core","Entity":{"$type":"Sitecore.Commerce.Core.EntityReference, Sitecore.Commerce.Core","Name":"","EntityTarget":"Entity-LocalizationEntity-a3ee0b4372b441ed9abd2b5bf7080800","Policies":{"$type":"System.Collections.Generic.List`1[[Sitecore.Commerce.Core.Policy, Sitecore.Commerce.Core]], mscorlib","$values":[]}},"Id":"2d6a8796d2a349198759cb91b5934add","Name":"","Comments":"","Policies":{"$type":"System.Collections.Generic.List`1[[Sitecore.Commerce.Core.Policy, Sitecore.Commerce.Core]], mscorlib","$values":[]},"ChildComponents":{"$type":"System.Collections.Generic.List`1[[Sitecore.Commerce.Core.Component, Sitecore.Commerce.Core]], mscorlib","$values":[]}},{"$type":"Sitecore.Commerce.Plugin.ManagedLists.ListMembershipsComponent, Sitecore.Commerce.Plugin.ManagedLists","Memberships":{"$type":"System.Collections.Generic.List`1[[System.String, mscorlib]], mscorlib","$values":["Categories","CatalogItems"]},"Id":"60967ba645f14947940b7eec3ddb45d7","Name":"","Comments":"","Policies":{"$type":"System.Collections.Generic.List`1[[Sitecore.Commerce.Core.Policy, Sitecore.Commerce.Core]], mscorlib","$values":[]},"ChildComponents":{"$type":"System.Collections.Generic.List`1[[Sitecore.Commerce.Core.Component, Sitecore.Commerce.Core]], mscorlib","$values":[]}},{"$type":"Sitecore.Commerce.Plugin.Catalog.RelationshipsComponent, Sitecore.Commerce.Plugin.Catalog","Relationships":{"$type":"System.Collections.Generic.List`1[[Sitecore.Commerce.Plugin.Catalog.Models.Relationship, Sitecore.Commerce.Plugin.Catalog]], mscorlib","$values":[]},"Id":"a5b8132b552c48ffb7d15404c8d06d1f","Name":"","Comments":"","Policies":{"$type":"System.Collections.Generic.List`1[[Sitecore.Commerce.Core.Policy, Sitecore.Commerce.Core]], mscorlib","$values":[]},"ChildComponents":{"$type":"System.Collections.Generic.List`1[[Sitecore.Commerce.Core.Component, Sitecore.Commerce.Core]], mscorlib","$values":[]}}]},"DateCreated":"2018-02-27T15:31:01.2665285+00:00","DateUpdated":"2018-03-19T14:05:05.1696399+00:00","DisplayName":"Point and shoot","FriendlyId":"Habitat_Master-Point and shoot","Id":"Entity-Category-Habitat_Master-Point and shoot","Version":3,"IsPersisted":true,"Name":"Point and shoot","Policies":{"$type":"System.Collections.Generic.List`1[[Sitecore.Commerce.Core.Policy, Sitecore.Commerce.Core]], mscorlib","$values":[]}},{"$type":"Sitecore.Commerce.Plugin.Catalog.Category, Sitecore.Commerce.Plugin.Catalog","Description":"Habitat Centerpiece ranges offer rear convection for even heat distribution. Gas or electric stovetops boil in record time. Best of all, a compatible app gives you programmable control.","SitecoreId":"a7e7736a-b442-8ed5-f5d2-f4a0d588e65a","ParentCatalogList":"59ddadc1-9b88-727e-9e14-3f6cf321ae0f","ParentCategoryList":"06f5147b-9e24-fa33-20fb-d4b7d8d21392","ChildrenSellableItemList":"d1e7e48c-4cd1-39ac-031e-0c5443d6acb9|3a3ec3e8-6d1f-b81c-d11d-57d5d322e727|d19c7297-1d9c-5592-f06c-4c5b6f99b8fe|911026a1-2d8e-eefa-86c2-a10e355a0ab9|fc549e48-c1ca-52a8-213c-898c663c9f34|2ca29c9e-e134-ef9f-39ce-23850d49d60b","Components":{"$type":"System.Collections.Generic.List`1[[Sitecore.Commerce.Core.Component, Sitecore.Commerce.Core]], mscorlib","$values":[{"$type":"Sitecore.Commerce.Core.LocalizedEntityComponent, Sitecore.Commerce.Core","Entity":{"$type":"Sitecore.Commerce.Core.EntityReference, Sitecore.Commerce.Core","Name":"","EntityTarget":"Entity-LocalizationEntity-d526a0a7c4044c1dbe6fb8d9c25f8835","Policies":{"$type":"System.Collections.Generic.List`1[[Sitecore.Commerce.Core.Policy, Sitecore.Commerce.Core]], mscorlib","$values":[]}},"Id":"f33e542a32ce4ee89e7234b34af185a1","Name":"","Comments":"","Policies":{"$type":"System.Collections.Generic.List`1[[Sitecore.Commerce.Core.Policy, Sitecore.Commerce.Core]], mscorlib","$values":[]},"ChildComponents":{"$type":"System.Collections.Generic.List`1[[Sitecore.Commerce.Core.Component, Sitecore.Commerce.Core]], mscorlib","$values":[]}},{"$type":"Sitecore.Commerce.Plugin.ManagedLists.ListMembershipsComponent, Sitecore.Commerce.Plugin.ManagedLists","Memberships":{"$type":"System.Collections.Generic.List`1[[System.String, mscorlib]], mscorlib","$values":["Categories","CatalogItems"]},"Id":"0787467120604571874aa2bf12d9d305","Name":"","Comments":"","Policies":{"$type":"System.Collections.Generic.List`1[[Sitecore.Commerce.Core.Policy, Sitecore.Commerce.Core]], mscorlib","$values":[]},"ChildComponents":{"$type":"System.Collections.Generic.List`1[[Sitecore.Commerce.Core.Component, Sitecore.Commerce.Core]], mscorlib","$values":[]}},{"$type":"Sitecore.Commerce.Plugin.Catalog.RelationshipsComponent, Sitecore.Commerce.Plugin.Catalog","Relationships":{"$type":"System.Collections.Generic.List`1[[Sitecore.Commerce.Plugin.Catalog.Models.Relationship, Sitecore.Commerce.Plugin.Catalog]], mscorlib","$values":[]},"Id":"5dd33c12543b46509cc44e11609ec3c5","Name":"","Comments":"","Policies":{"$type":"System.Collections.Generic.List`1[[Sitecore.Commerce.Core.Policy, Sitecore.Commerce.Core]], mscorlib","$values":[]},"ChildComponents":{"$type":"System.Collections.Generic.List`1[[Sitecore.Commerce.Core.Component, Sitecore.Commerce.Core]], mscorlib","$values":[]}}]},"DateCreated":"2018-02-27T15:31:01.1441898+00:00","DateUpdated":"2018-03-19T14:04:26.2691193+00:00","DisplayName":"Ranges","FriendlyId":"Habitat_Master-Ranges","Id":"Entity-Category-Habitat_Master-Ranges","Version":4,"IsPersisted":true,"Name":"Ranges","Policies":{"$type":"System.Collections.Generic.List`1[[Sitecore.Commerce.Core.Policy, Sitecore.Commerce.Core]], mscorlib","$values":[]}},{"$type":"Sitecore.Commerce.Plugin.Catalog.Category, Sitecore.Commerce.Plugin.Catalog","Description":"Helix Viva refrigerators connect to your home network via our mobile app. Display family photos, keep track of food inventory, and control temperature with the push of a button.","SitecoreId":"440c1cd5-20c1-e0d1-3319-9766112ed9ca","ParentCatalogList":"59ddadc1-9b88-727e-9e14-3f6cf321ae0f","ParentCategoryList":"06f5147b-9e24-fa33-20fb-d4b7d8d21392","ChildrenSellableItemList":"7e76956b-d676-e497-bd4b-46f6a45aa2fd|841c9236-d8b1-aab4-4b9a-2ab8cfb2296f|a7932324-be99-90e7-b361-bb6b24361019|11ae7506-8eaf-bdd1-d0fe-b443e47aeb5e|a72e4408-2a14-a2fe-7bc7-874b01ac18d4|93c1e8d7-d8c9-ec5e-e85f-6ab2252af408|67725076-be9d-f4e9-fd2b-f97abcedfe3c|0dde8b45-89bc-e64c-e9c9-98b16241e8bb|4d10654f-84de-a229-7282-f5e2303b8d4d|559f88b0-4485-8006-b379-70192de9bc6d|2e3e504c-4e36-b97c-17ba-9b5c1163c6de|30b57e36-f00a-1778-b660-2064534eb134|7befad52-cd8a-1845-8f1c-0f4ef35974f7|12e798cf-4629-1ee7-09c2-4d9c17cc9b62|96c14150-1855-a79a-7a78-106e4dd660b5|3d9297ea-d528-f260-0b14-e62c6064c641|3af5578f-047a-6565-74ee-978afbb14aea|610f13ca-93c9-82f0-b822-031456c74bbf","Components":{"$type":"System.Collections.Generic.List`1[[Sitecore.Commerce.Core.Component, Sitecore.Commerce.Core]], mscorlib","$values":[{"$type":"Sitecore.Commerce.Core.LocalizedEntityComponent, Sitecore.Commerce.Core","Entity":{"$type":"Sitecore.Commerce.Core.EntityReference, Sitecore.Commerce.Core","Name":"","EntityTarget":"Entity-LocalizationEntity-897ed949ae8544538efc415c05c4288b","Policies":{"$type":"System.Collections.Generic.List`1[[Sitecore.Commerce.Core.Policy, Sitecore.Commerce.Core]], mscorlib","$values":[]}},"Id":"2d0cc4e1753e4f39bec1c1eedf60adee","Name":"","Comments":"","Policies":{"$type":"System.Collections.Generic.List`1[[Sitecore.Commerce.Core.Policy, Sitecore.Commerce.Core]], mscorlib","$values":[]},"ChildComponents":{"$type":"System.Collections.Generic.List`1[[Sitecore.Commerce.Core.Component, Sitecore.Commerce.Core]], mscorlib","$values":[]}},{"$type":"Sitecore.Commerce.Plugin.ManagedLists.ListMembershipsComponent, Sitecore.Commerce.Plugin.ManagedLists","Memberships":{"$type":"System.Collections.Generic.List`1[[System.String, mscorlib]], mscorlib","$values":["Categories","CatalogItems"]},"Id":"e06b4aeb1a954366b64a64a33a4142bf","Name":"","Comments":"","Policies":{"$type":"System.Collections.Generic.List`1[[Sitecore.Commerce.Core.Policy, Sitecore.Commerce.Core]], mscorlib","$values":[]},"ChildComponents":{"$type":"System.Collections.Generic.List`1[[Sitecore.Commerce.Core.Component, Sitecore.Commerce.Core]], mscorlib","$values":[]}},{"$type":"Sitecore.Commerce.Plugin.Catalog.RelationshipsComponent, Sitecore.Commerce.Plugin.Catalog","Relationships":{"$type":"System.Collections.Generic.List`1[[Sitecore.Commerce.Plugin.Catalog.Models.Relationship, Sitecore.Commerce.Plugin.Catalog]], mscorlib","$values":[]},"Id":"96d6692c9ac244b7b30e04a54cff8950","Name":"","Comments":"","Policies":{"$type":"System.Collections.Generic.List`1[[Sitecore.Commerce.Core.Policy, Sitecore.Commerce.Core]], mscorlib","$values":[]},"ChildComponents":{"$type":"System.Collections.Generic.List`1[[Sitecore.Commerce.Core.Component, Sitecore.Commerce.Core]], mscorlib","$values":[]}}]},"DateCreated":"2018-02-27T15:30:59.7572758+00:00","DateUpdated":"2018-03-19T14:04:20.1779209+00:00","DisplayName":"Refrigerators","FriendlyId":"Habitat_Master-Refrigerators","Id":"Entity-Category-Habitat_Master-Refrigerators","Version":5,"IsPersisted":true,"Name":"Refrigerators","Policies":{"$type":"System.Collections.Generic.List`1[[Sitecore.Commerce.Core.Policy, Sitecore.Commerce.Core]], mscorlib","$values":[]}},{"$type":"Sitecore.Commerce.Plugin.Catalog.Category, Sitecore.Commerce.Plugin.Catalog","Description":"Habitat Sentinel Security Cameras offer motion detection and selectable zoom to grab important footage. Multiple programs let you engage and monitor your security system from anywhere.","SitecoreId":"a4061541-80ef-738f-d600-e73a3b7c7d9e","ParentCatalogList":"59ddadc1-9b88-727e-9e14-3f6cf321ae0f","ParentCategoryList":"8174413c-c733-69a0-d61b-6ca583c234d4","ChildrenSellableItemList":"82ae6c27-e68d-fbcf-ba5f-62ab8d59f6e3|0e3f44bb-4507-28af-6ca6-8cf39f0795ed|273b5fd2-4a31-4a8f-eb04-b798de37d56c|9facd458-a64a-1557-69a9-e44282adceca|074d2346-45ee-8b75-f4b5-2ee9c4d7333c","Components":{"$type":"System.Collections.Generic.List`1[[Sitecore.Commerce.Core.Component, Sitecore.Commerce.Core]], mscorlib","$values":[{"$type":"Sitecore.Commerce.Core.LocalizedEntityComponent, Sitecore.Commerce.Core","Entity":{"$type":"Sitecore.Commerce.Core.EntityReference, Sitecore.Commerce.Core","Name":"","EntityTarget":"Entity-LocalizationEntity-dd77f2b943bf44799c9093a068976a9c","Policies":{"$type":"System.Collections.Generic.List`1[[Sitecore.Commerce.Core.Policy, Sitecore.Commerce.Core]], mscorlib","$values":[]}},"Id":"35b65dc742064eccb52350a5fb175915","Name":"","Comments":"","Policies":{"$type":"System.Collections.Generic.List`1[[Sitecore.Commerce.Core.Policy, Sitecore.Commerce.Core]], mscorlib","$values":[]},"ChildComponents":{"$type":"System.Collections.Generic.List`1[[Sitecore.Commerce.Core.Component, Sitecore.Commerce.Core]], mscorlib","$values":[]}},{"$type":"Sitecore.Commerce.Plugin.ManagedLists.ListMembershipsComponent, Sitecore.Commerce.Plugin.ManagedLists","Memberships":{"$type":"System.Collections.Generic.List`1[[System.String, mscorlib]], mscorlib","$values":["Categories","CatalogItems"]},"Id":"2671574efbf4479ab7d3909d22e4be0a","Name":"","Comments":"","Policies":{"$type":"System.Collections.Generic.List`1[[Sitecore.Commerce.Core.Policy, Sitecore.Commerce.Core]], mscorlib","$values":[]},"ChildComponents":{"$type":"System.Collections.Generic.List`1[[Sitecore.Commerce.Core.Component, Sitecore.Commerce.Core]], mscorlib","$values":[]}},{"$type":"Sitecore.Commerce.Plugin.Catalog.RelationshipsComponent, Sitecore.Commerce.Plugin.Catalog","Relationships":{"$type":"System.Collections.Generic.List`1[[Sitecore.Commerce.Plugin.Catalog.Models.Relationship, Sitecore.Commerce.Plugin.Catalog]], mscorlib","$values":[]},"Id":"9ac8b66e20db461986b8653a75fd7516","Name":"","Comments":"","Policies":{"$type":"System.Collections.Generic.List`1[[Sitecore.Commerce.Core.Policy, Sitecore.Commerce.Core]], mscorlib","$values":[]},"ChildComponents":{"$type":"System.Collections.Generic.List`1[[Sitecore.Commerce.Core.Component, Sitecore.Commerce.Core]], mscorlib","$values":[]}}]},"DateCreated":"2018-02-27T15:31:01.3861233+00:00","DateUpdated":"2018-03-19T14:05:53.9526718+00:00","DisplayName":"Security Cameras","FriendlyId":"Habitat_Master-Security Cameras","Id":"Entity-Category-Habitat_Master-Security Cameras","Version":3,"IsPersisted":true,"Name":"Security Cameras","Policies":{"$type":"System.Collections.Generic.List`1[[Sitecore.Commerce.Core.Policy, Sitecore.Commerce.Core]], mscorlib","$values":[]}},{"$type":"Sitecore.Commerce.Plugin.Catalog.Category, Sitecore.Commerce.Plugin.Catalog","Description":"Have a peak at some of the single game subscriptions offered by Habitat.","SitecoreId":"7199cb3b-5aa3-bc42-5d1b-1accf315d932","ParentCatalogList":"59ddadc1-9b88-727e-9e14-3f6cf321ae0f","ParentCategoryList":"c4623f4f-3167-0ef3-0b8d-d1884233ff53","ChildrenSellableItemList":"744fd05a-43e6-bec7-d364-c258b8dafcae|cf52784e-44cb-d53c-13a6-8ba0464a45a0|c58e6717-ed3f-7b77-f6d1-b48560267936|489bd80f-6a05-98d4-b75f-f984bfe947f3|f1b42e8e-9c63-8a2c-1eae-1f18570b4e5f|5b6250f0-e30a-c1d8-ef7c-7c42ca211896|ecda7c6a-69b5-a90c-a942-7e208129cfd9|0aa3786e-0d7c-ca6c-56d5-279d15730b14|2648e3db-2926-f7c8-f1f4-5e2aa6ff7980|b65fb716-ce99-4fb6-45f1-4e46f2e849a7|da8a841f-ba5a-b3df-2295-3f09b5a58ad8|e3c5ca87-45a8-bc22-5824-a1a9c298bd53|f9506c8e-fde9-9f6b-a653-bcc5bc91b9f5|550118dc-e465-1494-944b-f705246e33a9|ab373121-14e4-293d-1a18-e6e584e2581c|e7e8c70d-5e10-80a4-2610-66468060d023|2dbbfff5-b934-1519-d6e0-af9471471a3a|d601d506-06ad-37df-6232-2f7a43bd5440|3f3db683-d2a0-eb62-21e5-caa4ff670f8d|5b3b2b0b-5856-d428-6fd9-f1c3601eeed5|b891488f-2d73-f299-5fd3-9f0c264a5061|78b946b8-b52a-8de3-297a-aea964685fb8|18fe58ed-5d47-b75f-4494-d73ef166c569|3f89d08d-1634-0fd6-c73f-297da605d6fa|23684343-fccc-b1fa-eba6-b99ae9c0254f|634a63a0-8e2f-f4ea-9a42-980834e1f50c|c7b0e909-fa6c-b9b9-d48e-396b95cb21ad|e37aff75-07ef-e920-3265-8aac9c381624|9fa4d628-1990-50d8-9739-53a10d839e0a|2e6c309a-fc36-e9b2-8b14-bc483fedc436|d11744b4-f059-24bd-85cb-ac2a8c024f86|b28ec849-0388-1aae-9913-455bdbf648b7|c867b273-7cc9-05ab-60e5-3299bf6a1e90|fce95338-71f1-84cf-7639-24619ed5bd4c|4c00e1a5-cad6-0fd5-817d-8ce9ba604c5d|35dcb2bd-d4f6-4ab5-89a2-382b843ac25b|ba4943ef-e3be-ef24-66e8-a9deaad90570|fb444154-f6c5-7321-255e-54f86987eedd|0e1fc0e0-9b9b-a432-191e-ffa3c4cb84dd|fa77157a-d39b-5042-262a-77043afdfde1|dd743c03-c97a-7f11-a167-70a84886e5c7|17e67904-1b7e-58fa-6604-30faff803d3c|5277ea60-d96c-62e5-67b0-4f571e7cf217|cc7daea5-4ac7-963b-a062-93c97109eeeb|fd05d43d-174f-3aa6-b558-96dabb51aa3d|4edc9345-1006-56fd-1d9f-31bc24609a2c|af53ef1f-9503-3b80-a2e6-a63d2c23e233|c7aa44d6-bd31-2a61-4189-64b520a881fd|23ad0751-59e1-c5f0-b49e-163f902e2a5a|b03abc86-c522-3750-46a8-18c59d7d0249|794162ac-2f91-0100-5eed-7d229f251a66|b2dff672-fd86-889b-0b9a-1afb4b78aaa6|178d53b0-43f8-d0aa-5b22-ce66687554a2|290b39f5-9938-17c7-88b9-ceba6a981ccd|a97b6a12-d2ee-a6b3-3a2a-e4a064729431|1a18112e-29ed-dfd5-e384-2727702e5e6c|66bf66ba-5262-3ff0-5fe3-5a3ed022bc65|bd6fafe9-1711-92b8-c7ee-025af2865987|54ba24b5-37d4-a2fd-7cdf-a89b59bf5832|fa7b9558-5cca-08d0-54db-afa21ce18f81|a6dda2ea-cb61-f64b-8acf-96eae4153293|140c8615-ec62-acf7-f399-acc1cc094667|0870a660-b1e0-be83-8528-8e7a136b4eda|80bf831c-b68d-3ab8-48ea-a5a59068f3cf|e74eccc5-1cbb-a984-1b40-7e0de9524712|42aaf399-4feb-6419-2cbb-54cba276d6cf|c0b4bffa-c232-a3be-54e3-a97dd8f0f7dc|1e5a4205-8f01-36ec-414c-f7ec49ae52ab|af182f96-2c66-413b-019a-23a872407a37|d8948a10-ffdf-7425-1cd1-ac4df70690eb|1e49c200-e732-f3bc-9711-8f643e0f3b13|72013579-a5ff-c8eb-ef24-c99129df048a|05ef55d1-4f51-70b4-ec09-831091f34163|439cc42a-5fcf-9d16-36cb-59711334c4cd|dfaadb11-3890-a79a-7f59-4aa60c0c519e|8f48e186-2de0-6396-9ea6-a49155fec45d|cd9e747a-f343-405c-a99b-93280009af3d|8d70acae-367c-4228-4830-ba64b2e4aa62|a3b3a4ce-6730-b76c-4571-9079ee6b2057|1de57fc5-9bc8-aadd-eee6-28a9ff4f2d0a|94b57729-a804-0037-a665-5afeb6f42596|d15a7cca-1004-3c3d-1369-e93e7465b436|7b45eab8-d168-cac1-a394-eb13b0e60510|a41b0f97-ee10-6d53-aee0-927a6ac3b664|b19d5afa-f60e-8cb3-85fe-10f54feb62be|f3e5489a-3b81-f3ed-6e10-e04d91bc8411|622eb3cb-6210-d446-4008-5b7a7b7b4667|96167f8b-a9b6-7246-1da3-68012bbf5baa|d21e0bff-c54c-4c4b-6048-255fcd1d5ac1|aa01e789-83e2-6324-8c90-bec0ec24749e|7af40f40-8f15-1fbd-e643-cf6290e8505d|40c24a90-7fca-2b9c-82f0-86cadc0b363d|5ef8a90c-c7e6-4500-7144-b3262668fbf5|c673c299-04a2-bc3d-411d-4a88f3d13a3e|13cbc0f1-7d9c-4cb6-6487-03dc72572066|58aa656f-ad4a-c05f-2a27-2e1225070a1d|9bacc4e6-0ce0-a79e-de28-041218c7dca5|181864f6-f864-5aa6-ca68-bcb8f10cb9be|de3dca90-eb21-74ef-3b7e-725e0e934a8f|e5526c4b-4e93-f350-7865-796fa779e23f","Components":{"$type":"System.Collections.Generic.List`1[[Sitecore.Commerce.Core.Component, Sitecore.Commerce.Core]], mscorlib","$values":[{"$type":"Sitecore.Commerce.Core.LocalizedEntityComponent, Sitecore.Commerce.Core","Entity":{"$type":"Sitecore.Commerce.Core.EntityReference, Sitecore.Commerce.Core","Name":"","EntityTarget":"Entity-LocalizationEntity-52d98dfcd83542d89a9fe620e69dcc31","Policies":{"$type":"System.Collections.Generic.List`1[[Sitecore.Commerce.Core.Policy, Sitecore.Commerce.Core]], mscorlib","$values":[]}},"Id":"9860ed2085cb4260856acbaf6df142ba","Name":"","Comments":"","Policies":{"$type":"System.Collections.Generic.List`1[[Sitecore.Commerce.Core.Policy, Sitecore.Commerce.Core]], mscorlib","$values":[]},"ChildComponents":{"$type":"System.Collections.Generic.List`1[[Sitecore.Commerce.Core.Component, Sitecore.Commerce.Core]], mscorlib","$values":[]}},{"$type":"Sitecore.Commerce.Plugin.ManagedLists.ListMembershipsComponent, Sitecore.Commerce.Plugin.ManagedLists","Memberships":{"$type":"System.Collections.Generic.List`1[[System.String, mscorlib]], mscorlib","$values":["Categories","CatalogItems"]},"Id":"e2fc833603a94aa4bc49171e04535b67","Name":"","Comments":"","Policies":{"$type":"System.Collections.Generic.List`1[[Sitecore.Commerce.Core.Policy, Sitecore.Commerce.Core]], mscorlib","$values":[]},"ChildComponents":{"$type":"System.Collections.Generic.List`1[[Sitecore.Commerce.Core.Component, Sitecore.Commerce.Core]], mscorlib","$values":[]}},{"$type":"Sitecore.Commerce.Plugin.Catalog.RelationshipsComponent, Sitecore.Commerce.Plugin.Catalog","Relationships":{"$type":"System.Collections.Generic.List`1[[Sitecore.Commerce.Plugin.Catalog.Models.Relationship, Sitecore.Commerce.Plugin.Catalog]], mscorlib","$values":[]},"Id":"d2bc57d68b1e4bf0960a436b65e77af9","Name":"","Comments":"","Policies":{"$type":"System.Collections.Generic.List`1[[Sitecore.Commerce.Core.Policy, Sitecore.Commerce.Core]], mscorlib","$values":[]},"ChildComponents":{"$type":"System.Collections.Generic.List`1[[Sitecore.Commerce.Core.Component, Sitecore.Commerce.Core]], mscorlib","$values":[]}}]},"DateCreated":"2018-02-27T15:31:01.4214299+00:00","DateUpdated":"2018-03-19T14:06:45.3230474+00:00","DisplayName":"Single Game Subscriptions","FriendlyId":"Habitat_Master-Single Game Subscriptions","Id":"Entity-Category-Habitat_Master-Single Game Subscriptions","Version":21,"IsPersisted":true,"Name":"Single Game Subscriptions","Policies":{"$type":"System.Collections.Generic.List`1[[Sitecore.Commerce.Core.Policy, Sitecore.Commerce.Core]], mscorlib","$values":[]}},{"$type":"Sitecore.Commerce.Plugin.Catalog.Category, Sitecore.Commerce.Plugin.Catalog","Description":"Even the simplest appliances make a big impact. Habitat Dwell steam mops and vacuums eliminate dirt, dust, and allergens for a healthier home. Ten- and 12-speed mixers give you the perfect dough every time.","SitecoreId":"4891a307-9383-1576-0fab-5d5fbabc2c5d","ParentCatalogList":"59ddadc1-9b88-727e-9e14-3f6cf321ae0f","ParentCategoryList":"06f5147b-9e24-fa33-20fb-d4b7d8d21392","ChildrenSellableItemList":"ab28583f-5961-3ff8-91b2-0fde679fdd34|00451eef-f7af-7561-7e32-673f1183d0fb|5f3a96ea-8bcf-8530-4c36-42b3a98d5961|7ef15681-fb4c-f5e0-1206-88f154391fb0|086367ff-6829-b481-aedd-a3ee23215bfd|332ea0c2-499e-d55f-021f-e7afb8f9c7f5|adc11a75-e85f-58ac-ce86-6b4195c69f7c|bb7c992b-90b7-8a57-c4c6-d3864bd9f8d9|1e483b51-83fe-5029-e873-087b7f92318e|2afb9c97-1440-a0f3-1fea-ba7b560ed3ef|e1612bf9-d7fe-ccb5-8dfd-57c8ca4f0b8c|8f82cb41-4e5a-3a82-c4f1-a5f6bfd0ad8e|4bc2f153-e14d-cccf-08b1-500c11a078c3|a4c6d5be-1e18-149c-126e-43c06b564e1e|3f100b8d-29bb-dd6c-7123-11564ba3ba72|6ed5545d-f852-efbe-213a-8c3d4439e0aa|3f8a95a7-9175-1a5a-4287-05c3876f3ee8|ee973338-22a4-f9ba-1c14-ec4591e924ff|db9dfcdd-aa5c-ba2e-4c17-e2676839d08b|5943bdda-e981-726d-a6eb-26c14c3aea29|e2028f69-fbe7-6dfb-3dbb-22d730eef226|f1664eea-0631-67c4-51be-10316351b582|4ba65c38-1289-5cee-94ac-8edaffed47d5|a508cc9e-7007-3078-a926-3f989f66a843|4c853fcb-3800-7d91-a711-23a005f6adbe|f041a9a0-f2b2-e6fa-f1a1-cdba2b9dd0b5|d91b2f80-89b4-4d5f-8f18-b75effb9b556|29e68cdc-af56-612f-e047-6fd0dd11068c|99cac8ae-c4eb-5752-741d-47ae781f5bb1|dfe3179d-2fa6-b06b-6098-4ae8dcd8496f|8c491f02-c150-970d-ff95-90a269559510|acffbace-ea71-c245-6d96-c32a77b429a4|f104d74b-54a5-569e-d230-b1dd4828ee02|e415ad1a-33ba-a02d-53e6-77eba0ade3e6","Components":{"$type":"System.Collections.Generic.List`1[[Sitecore.Commerce.Core.Component, Sitecore.Commerce.Core]], mscorlib","$values":[{"$type":"Sitecore.Commerce.Core.LocalizedEntityComponent, Sitecore.Commerce.Core","Entity":{"$type":"Sitecore.Commerce.Core.EntityReference, Sitecore.Commerce.Core","Name":"","EntityTarget":"Entity-LocalizationEntity-de4eb2112cc147a28ce19425103c622f","Policies":{"$type":"System.Collections.Generic.List`1[[Sitecore.Commerce.Core.Policy, Sitecore.Commerce.Core]], mscorlib","$values":[]}},"Id":"91390ee3f3e54607a9a8418fdabf0514","Name":"","Comments":"","Policies":{"$type":"System.Collections.Generic.List`1[[Sitecore.Commerce.Core.Policy, Sitecore.Commerce.Core]], mscorlib","$values":[]},"ChildComponents":{"$type":"System.Collections.Generic.List`1[[Sitecore.Commerce.Core.Component, Sitecore.Commerce.Core]], mscorlib","$values":[]}},{"$type":"Sitecore.Commerce.Plugin.ManagedLists.ListMembershipsComponent, Sitecore.Commerce.Plugin.ManagedLists","Memberships":{"$type":"System.Collections.Generic.List`1[[System.String, mscorlib]], mscorlib","$values":["Categories","CatalogItems"]},"Id":"253cdf4eb9c24ffbbb371cbe1813d4d6","Name":"","Comments":"","Policies":{"$type":"System.Collections.Generic.List`1[[Sitecore.Commerce.Core.Policy, Sitecore.Commerce.Core]], mscorlib","$values":[]},"ChildComponents":{"$type":"System.Collections.Generic.List`1[[Sitecore.Commerce.Core.Component, Sitecore.Commerce.Core]], mscorlib","$values":[]}},{"$type":"Sitecore.Commerce.Plugin.Catalog.RelationshipsComponent, Sitecore.Commerce.Plugin.Catalog","Relationships":{"$type":"System.Collections.Generic.List`1[[Sitecore.Commerce.Plugin.Catalog.Models.Relationship, Sitecore.Commerce.Plugin.Catalog]], mscorlib","$values":[]},"Id":"4ca3dad65d1d484bbb2648a3a3c43823","Name":"","Comments":"","Policies":{"$type":"System.Collections.Generic.List`1[[Sitecore.Commerce.Core.Policy, Sitecore.Commerce.Core]], mscorlib","$values":[]},"ChildComponents":{"$type":"System.Collections.Generic.List`1[[Sitecore.Commerce.Core.Component, Sitecore.Commerce.Core]], mscorlib","$values":[]}}]},"DateCreated":"2018-02-27T15:31:01.1512061+00:00","DateUpdated":"2018-03-19T14:04:38.7107774+00:00","DisplayName":"Small Appliances","FriendlyId":"Habitat_Master-Small Appliances","Id":"Entity-Category-Habitat_Master-Small Appliances","Version":6,"IsPersisted":true,"Name":"Small Appliances","Policies":{"$type":"System.Collections.Generic.List`1[[Sitecore.Commerce.Core.Policy, Sitecore.Commerce.Core]], mscorlib","$values":[]}}]}