{"$type":"System.Collections.Generic.List`1[[Sitecore.Commerce.Plugin.Catalog.Category, Sitecore.Commerce.Plugin.Catalog]], mscorlib","$values":[{"$type":"Sitecore.Commerce.Plugin.Catalog.Category, Sitecore.Commerce.Plugin.Catalog","Description":"Check out Habitat's Bluetooth Speakers.","SitecoreId":"1e813648-abfb-80d3-2d7c-695dced89ab0","ParentCatalogList":"59ddadc1-9b88-727e-9e14-3f6cf321ae0f","ParentCategoryList":"a0860c27-2a32-841f-7014-75b163b9471e","ChildrenSellableItemList":"20c25bbd-9d34-e8aa-bea8-6f5dffd96add|74caf800-dfa6-6766-91dc-b3fc39deab83|47da9c05-47a1-f6a4-6639-fd97e9fc5d57","Components":{"$type":"System.Collections.Generic.List`1[[Sitecore.Commerce.Core.Component, Sitecore.Commerce.Core]], mscorlib","$values":[{"$type":"Sitecore.Commerce.Core.LocalizedEntityComponent, Sitecore.Commerce.Core","Entity":{"$type":"Sitecore.Commerce.Core.EntityReference, Sitecore.Commerce.Core","Name":"","EntityTarget":"Entity-LocalizationEntity-9f74d8a4a8554a339202284229020dc1","Policies":{"$type":"System.Collections.Generic.List`1[[Sitecore.Commerce.Core.Policy, Sitecore.Commerce.Core]], mscorlib","$values":[]}},"Id":"bf62675574534537bcbbbb637cc1411a","Name":"","Comments":"","Policies":{"$type":"System.Collections.Generic.List`1[[Sitecore.Commerce.Core.Policy, Sitecore.Commerce.Core]], mscorlib","$values":[]},"ChildComponents":{"$type":"System.Collections.Generic.List`1[[Sitecore.Commerce.Core.Component, Sitecore.Commerce.Core]], mscorlib","$values":[]}},{"$type":"Sitecore.Commerce.Plugin.ManagedLists.ListMembershipsComponent, Sitecore.Commerce.Plugin.ManagedLists","Memberships":{"$type":"System.Collections.Generic.List`1[[System.String, mscorlib]], mscorlib","$values":["Categories","CatalogItems"]},"Id":"3795aabb1d14470d9d76b3e44065e93e","Name":"","Comments":"","Policies":{"$type":"System.Collections.Generic.List`1[[Sitecore.Commerce.Core.Policy, Sitecore.Commerce.Core]], mscorlib","$values":[]},"ChildComponents":{"$type":"System.Collections.Generic.List`1[[Sitecore.Commerce.Core.Component, Sitecore.Commerce.Core]], mscorlib","$values":[]}},{"$type":"Sitecore.Commerce.Plugin.Catalog.RelationshipsComponent, Sitecore.Commerce.Plugin.Catalog","Relationships":{"$type":"System.Collections.Generic.List`1[[Sitecore.Commerce.Plugin.Catalog.Models.Relationship, Sitecore.Commerce.Plugin.Catalog]], mscorlib","$values":[]},"Id":"7846c9167fd74d7992119674faf13573","Name":"","Comments":"","Policies":{"$type":"System.Collections.Generic.List`1[[Sitecore.Commerce.Core.Policy, Sitecore.Commerce.Core]], mscorlib","$values":[]},"ChildComponents":{"$type":"System.Collections.Generic.List`1[[Sitecore.Commerce.Core.Component, Sitecore.Commerce.Core]], mscorlib","$values":[]}}]},"DateCreated":"2018-02-27T15:31:01.2314389+00:00","DateUpdated":"2018-03-27T11:53:41.2538815+00:00","DisplayName":"Bluetooth Speakers","FriendlyId":"Habitat_Master-Bluetooth Speakers","Id":"Entity-Category-Habitat_Master-Bluetooth Speakers","Version":1,"IsPersisted":true,"Name":"Bluetooth Speakers","Policies":{"$type":"System.Collections.Generic.List`1[[Sitecore.Commerce.Core.Policy, Sitecore.Commerce.Core]], mscorlib","$values":[]}},{"$type":"Sitecore.Commerce.Plugin.Catalog.Category, Sitecore.Commerce.Plugin.Catalog","Description":"Check out Habitat's camcorders.","SitecoreId":"7a8bdb1c-2976-02d7-0541-bf45307ea54a","ParentCatalogList":"59ddadc1-9b88-727e-9e14-3f6cf321ae0f","ParentCategoryList":"e9f2e3a7-0575-0632-b67e-5e65092230c3","ChildrenSellableItemList":"0f297cd8-ba37-5c2c-51ce-9cee009907f9|a5d9ddc2-7166-9fbb-7c7b-e61c47e09f2b|1cb7ba40-e2c9-7802-bfd0-5211b9ebe59d|1f000d3a-7309-0f34-3471-2f1ff3b8ba00|ac52a737-d24e-ab04-ac8e-40c66de96468|675c6faf-3498-dab1-8dae-0cf390d69975|9e2f49c7-d8ec-a7d5-178e-f4f641911acd|8b60cf50-6a65-0387-e46c-ef2b7bcf1f73|0736ef8c-4e6b-b79c-d328-ffed1b87418d|8aebe114-66ed-1918-a829-3f5beec112bd|4123e467-fc5b-d9ed-d855-2a6b341d53c2|f461397d-f475-5e40-114a-e3341ad866e0|5341331f-934e-c0d7-3c3c-cdbc9ca4d398","Components":{"$type":"System.Collections.Generic.List`1[[Sitecore.Commerce.Core.Component, Sitecore.Commerce.Core]], mscorlib","$values":[{"$type":"Sitecore.Commerce.Core.LocalizedEntityComponent, Sitecore.Commerce.Core","Entity":{"$type":"Sitecore.Commerce.Core.EntityReference, Sitecore.Commerce.Core","Name":"","EntityTarget":"Entity-LocalizationEntity-d9edcc10cf544dbd94edf193cc1afc43","Policies":{"$type":"System.Collections.Generic.List`1[[Sitecore.Commerce.Core.Policy, Sitecore.Commerce.Core]], mscorlib","$values":[]}},"Id":"7950586ae75c4f598786e7481ab5d866","Name":"","Comments":"","Policies":{"$type":"System.Collections.Generic.List`1[[Sitecore.Commerce.Core.Policy, Sitecore.Commerce.Core]], mscorlib","$values":[]},"ChildComponents":{"$type":"System.Collections.Generic.List`1[[Sitecore.Commerce.Core.Component, Sitecore.Commerce.Core]], mscorlib","$values":[]}},{"$type":"Sitecore.Commerce.Plugin.ManagedLists.ListMembershipsComponent, Sitecore.Commerce.Plugin.ManagedLists","Memberships":{"$type":"System.Collections.Generic.List`1[[System.String, mscorlib]], mscorlib","$values":["Categories","CatalogItems"]},"Id":"f71f9de1705545408e42c98286d2742a","Name":"","Comments":"","Policies":{"$type":"System.Collections.Generic.List`1[[Sitecore.Commerce.Core.Policy, Sitecore.Commerce.Core]], mscorlib","$values":[]},"ChildComponents":{"$type":"System.Collections.Generic.List`1[[Sitecore.Commerce.Core.Component, Sitecore.Commerce.Core]], mscorlib","$values":[]}},{"$type":"Sitecore.Commerce.Plugin.Catalog.RelationshipsComponent, Sitecore.Commerce.Plugin.Catalog","Relationships":{"$type":"System.Collections.Generic.List`1[[Sitecore.Commerce.Plugin.Catalog.Models.Relationship, Sitecore.Commerce.Plugin.Catalog]], mscorlib","$values":[]},"Id":"d36b669c0a1949ad957cb3a577536e17","Name":"","Comments":"","Policies":{"$type":"System.Collections.Generic.List`1[[Sitecore.Commerce.Core.Policy, Sitecore.Commerce.Core]], mscorlib","$values":[]},"ChildComponents":{"$type":"System.Collections.Generic.List`1[[Sitecore.Commerce.Core.Component, Sitecore.Commerce.Core]], mscorlib","$values":[]}}]},"DateCreated":"2018-02-27T15:31:01.2875686+00:00","DateUpdated":"2018-03-27T11:53:41.2538815+00:00","DisplayName":"Camcorders","FriendlyId":"Habitat_Master-Camcorders","Id":"Entity-Category-Habitat_Master-Camcorders","Version":1,"IsPersisted":true,"Name":"Camcorders","Policies":{"$type":"System.Collections.Generic.List`1[[Sitecore.Commerce.Core.Policy, Sitecore.Commerce.Core]], mscorlib","$values":[]}},{"$type":"Sitecore.Commerce.Plugin.Catalog.Category, Sitecore.Commerce.Plugin.Catalog","Description":"Looking for a spare battery? A tripod? Check out Habitat's Camera Accessories ","SitecoreId":"9bf95fed-d29e-e85d-5eee-94c7f378fa34","ParentCatalogList":"59ddadc1-9b88-727e-9e14-3f6cf321ae0f","ParentCategoryList":"e9f2e3a7-0575-0632-b67e-5e65092230c3","ChildrenSellableItemList":"66b98407-efbe-99a5-8e2d-371b9d562bc9|445cc8f8-010d-d273-5f4b-2540fba23183|72b8809c-ff17-ef64-faf3-813e75e0d728|00676b07-8cea-a9db-ac20-da1314cb67da|59cf2a98-63d4-b502-9781-200a9b1b0a02|8897e068-c583-9e4a-a5f9-ff341685c54b|c73b2562-14c7-dba4-2b63-4f3881513e92|21daef3d-c5cb-8625-b929-175d1c3aef59|24d1827a-03be-62c6-2e56-c886b0b2864b|d563419b-db13-4e4e-5761-b39410598118|28a9aba4-7ffe-d6e5-a52e-32bad32b7a58|439e1f96-1dfd-9a12-192a-0ad81612fb13|80a320c7-86f8-323b-0098-f8b8f1860d23|3ca52e9f-66ab-0fb7-1802-a46a2d30c7c9|2b66aa95-a7b5-983e-9ceb-ce438f9ce230|de37c669-bb4f-757f-4eef-08a2849cbd2b|bf0fd865-ea09-f9f0-c463-4d542cd0f522|447a7a56-8892-c21b-67eb-7b1d529903f8|de88e946-a37b-0262-0784-91a129a75225|e9f8e2d7-8e81-5d0a-715d-556a1c96e393|0a4d6b2e-5a96-bcf1-9f57-b4c76d637bff|f0e89bd1-e49b-d862-caa4-0a9308846f84|410cfbd0-b55a-bbca-a029-1f931d242849|ec0e4cb6-43d2-d882-e8cb-8a3b42ccc6b2|1f0e4449-f5e2-661d-7946-54b2afdd95c3|15793178-e183-32fa-8460-e55a5cadf03a|8f6fbe76-b839-492d-22cf-79b71dc82a8f|f8c3f20b-8f3c-9010-a27f-e3d6b21ae9b4|777e88dd-fb1b-1659-f4ba-f3d60b9f143e|db442699-1c0b-51be-77e2-9db0c4d31329|00645b0b-2538-b4dd-d839-ec54e0c1bd0b","Components":{"$type":"System.Collections.Generic.List`1[[Sitecore.Commerce.Core.Component, Sitecore.Commerce.Core]], mscorlib","$values":[{"$type":"Sitecore.Commerce.Core.LocalizedEntityComponent, Sitecore.Commerce.Core","Entity":{"$type":"Sitecore.Commerce.Core.EntityReference, Sitecore.Commerce.Core","Name":"","EntityTarget":"Entity-LocalizationEntity-a3df9e00efb54ec8bc789a068f79f68a","Policies":{"$type":"System.Collections.Generic.List`1[[Sitecore.Commerce.Core.Policy, Sitecore.Commerce.Core]], mscorlib","$values":[]}},"Id":"38793031bdf946ad8c3e0ee7bd6a8a57","Name":"","Comments":"","Policies":{"$type":"System.Collections.Generic.List`1[[Sitecore.Commerce.Core.Policy, Sitecore.Commerce.Core]], mscorlib","$values":[]},"ChildComponents":{"$type":"System.Collections.Generic.List`1[[Sitecore.Commerce.Core.Component, Sitecore.Commerce.Core]], mscorlib","$values":[]}},{"$type":"Sitecore.Commerce.Plugin.ManagedLists.ListMembershipsComponent, Sitecore.Commerce.Plugin.ManagedLists","Memberships":{"$type":"System.Collections.Generic.List`1[[System.String, mscorlib]], mscorlib","$values":["Categories","CatalogItems"]},"Id":"ab051c03d0a6404781065e8b62532a63","Name":"","Comments":"","Policies":{"$type":"System.Collections.Generic.List`1[[Sitecore.Commerce.Core.Policy, Sitecore.Commerce.Core]], mscorlib","$values":[]},"ChildComponents":{"$type":"System.Collections.Generic.List`1[[Sitecore.Commerce.Core.Component, Sitecore.Commerce.Core]], mscorlib","$values":[]}},{"$type":"Sitecore.Commerce.Plugin.Catalog.RelationshipsComponent, Sitecore.Commerce.Plugin.Catalog","Relationships":{"$type":"System.Collections.Generic.List`1[[Sitecore.Commerce.Plugin.Catalog.Models.Relationship, Sitecore.Commerce.Plugin.Catalog]], mscorlib","$values":[]},"Id":"8b4efcb0a9ff4d73a3946f74e80e6629","Name":"","Comments":"","Policies":{"$type":"System.Collections.Generic.List`1[[Sitecore.Commerce.Core.Policy, Sitecore.Commerce.Core]], mscorlib","$values":[]},"ChildComponents":{"$type":"System.Collections.Generic.List`1[[Sitecore.Commerce.Core.Component, Sitecore.Commerce.Core]], mscorlib","$values":[]}}]},"DateCreated":"2018-02-27T15:31:01.3061156+00:00","DateUpdated":"2018-03-27T11:53:41.2538815+00:00","DisplayName":"Camera Accessories","FriendlyId":"Habitat_Master-Camera Accessories","Id":"Entity-Category-Habitat_Master-Camera Accessories","Version":1,"IsPersisted":true,"Name":"Camera Accessories","Policies":{"$type":"System.Collections.Generic.List`1[[Sitecore.Commerce.Core.Policy, Sitecore.Commerce.Core]], mscorlib","$values":[]}},{"$type":"Sitecore.Commerce.Plugin.Catalog.Category, Sitecore.Commerce.Plugin.Catalog","Description":"Image is everything and Habitat makes yours perfect","SitecoreId":"e9f2e3a7-0575-0632-b67e-5e65092230c3","ParentCatalogList":"59ddadc1-9b88-727e-9e14-3f6cf321ae0f","ParentCategoryList":"b893c063-6238-ed57-700d-72862c56038d","ChildrenCategoryList":"8deb6d8d-48b0-63b3-56c6-8115c39862ef|61f78e95-8d5f-24e9-4bdb-257144202d81|dd4484cb-6b5f-b647-a41b-f246ec72fdcf|9296eda1-89f4-5662-3679-b74ce5bbdd51|2257fa3a-4385-e528-3027-4494ef335348|a46cfe91-d7b9-0246-ccb6-827c71d1e80e|7a8bdb1c-2976-02d7-0541-bf45307ea54a|dc456a04-4709-48a5-fdbb-ead9bd1e957b|9bf95fed-d29e-e85d-5eee-94c7f378fa34|90deffb1-c749-6b99-342e-42c37c63375d","ChildrenSellableItemList":"46455327-796c-8125-b838-f6d7f678303d|44ead3af-7807-5285-5075-e87c0d3c2668|c10fd6ac-4461-4462-786f-57083d2e0bda|b600aac3-8d01-7803-a32b-56bf8b1ed368|b992a831-fb31-bd4d-e5d0-7ae5bc3e4505|86ec562d-8fd2-d38d-c97e-80f94b5d875d|7afee7e9-1189-a589-0151-6a036ac3d99e|3d0b1f86-c166-1e3d-2919-8eb93421c8c3|3e251e5e-adcb-2b03-d852-be96241d05f7|02861ca6-f9f6-6d19-52aa-79162236522b|3b0c92e7-8067-64d3-4088-0b557b6949fa|ddb03368-14a2-8d6b-3ed5-8270e910a344|16eaf2e1-9daa-b7a9-835f-51358e72058b|aebd1a52-fecc-cda8-efdf-cd00839e368f|315217c1-612c-f700-3261-1adce4efc642|83cd3a3c-ca9f-63df-d944-5c80ce026ecc|a2f03af0-a212-32d7-d4cf-cac04aede463|4ae10c3c-2aaf-0a5c-efe8-a98656964483|5983deab-9427-7026-a87d-9992258d7581|a8dc39d1-192c-c5f2-e276-3736e3fb0093|e9d5e2ef-8889-6b75-ca26-7fea56655811|c2dd4812-117b-bfcb-0a5e-8c95c89620a1|89fc47a8-c3fc-8480-4243-e6f3117db36e|36f2f3a9-4016-21d8-67ec-cc6a9c0f5bfb|1ec8a7ca-b749-07c0-c942-2eb99e7bbaed|4bbaf644-9ca4-1b0d-4dd5-0e12e40b9f77|8ef8b960-8b3b-0c5c-2158-5324ef9638f6|1d63fe4c-c319-4e93-558e-1fd66a677cfd|b9b873c9-15b1-a586-5905-48652db649c4|bcc9fb42-494c-4e72-64a8-c915cc67828a|1e51a86a-91fe-1eca-3cc6-bee7daaeb536|7b5b7f95-9b41-446d-5ae0-b02c9342a6fb|e5c42772-b2fd-dc3d-ab07-e53f9e68e80c|6a6aba07-e474-6abd-724c-f7a2df2adf78|140a251a-b663-e1d2-ab4d-fd99347c49fe|99a27a60-e865-e328-4ecd-73b5df962032|60c7886d-5aca-2d53-6999-a0a1881dd2ae|afed5a9a-a9e3-dfbb-d3ea-e0dd9544846b|0f297cd8-ba37-5c2c-51ce-9cee009907f9|a5d9ddc2-7166-9fbb-7c7b-e61c47e09f2b|1cb7ba40-e2c9-7802-bfd0-5211b9ebe59d|1f000d3a-7309-0f34-3471-2f1ff3b8ba00|ac52a737-d24e-ab04-ac8e-40c66de96468|675c6faf-3498-dab1-8dae-0cf390d69975|9e2f49c7-d8ec-a7d5-178e-f4f641911acd|8b60cf50-6a65-0387-e46c-ef2b7bcf1f73|0736ef8c-4e6b-b79c-d328-ffed1b87418d|8aebe114-66ed-1918-a829-3f5beec112bd|4123e467-fc5b-d9ed-d855-2a6b341d53c2|f461397d-f475-5e40-114a-e3341ad866e0|5341331f-934e-c0d7-3c3c-cdbc9ca4d398|4469d090-320d-9d51-efc3-20de29699e6e|9d100531-dd4e-b4a0-f951-e2f913c21f96|c6b3bffc-fcb0-a2b4-3a36-e3d20709f470|58051c31-a7f6-9001-e1df-eead0c77ba95|83f80412-c352-c14e-cb9f-52a3ad896981|1fa7a8a3-fcc2-cb2b-4181-d636ffa490db|4cbafc57-db7f-2e83-275d-eb834c486636|66b98407-efbe-99a5-8e2d-371b9d562bc9|445cc8f8-010d-d273-5f4b-2540fba23183|72b8809c-ff17-ef64-faf3-813e75e0d728|00676b07-8cea-a9db-ac20-da1314cb67da|59cf2a98-63d4-b502-9781-200a9b1b0a02|8897e068-c583-9e4a-a5f9-ff341685c54b|c73b2562-14c7-dba4-2b63-4f3881513e92|21daef3d-c5cb-8625-b929-175d1c3aef59|24d1827a-03be-62c6-2e56-c886b0b2864b|d563419b-db13-4e4e-5761-b39410598118|28a9aba4-7ffe-d6e5-a52e-32bad32b7a58|439e1f96-1dfd-9a12-192a-0ad81612fb13|80a320c7-86f8-323b-0098-f8b8f1860d23|3ca52e9f-66ab-0fb7-1802-a46a2d30c7c9|2b66aa95-a7b5-983e-9ceb-ce438f9ce230|de37c669-bb4f-757f-4eef-08a2849cbd2b|bf0fd865-ea09-f9f0-c463-4d542cd0f522|447a7a56-8892-c21b-67eb-7b1d529903f8|de88e946-a37b-0262-0784-91a129a75225|e9f8e2d7-8e81-5d0a-715d-556a1c96e393|0a4d6b2e-5a96-bcf1-9f57-b4c76d637bff|f0e89bd1-e49b-d862-caa4-0a9308846f84|410cfbd0-b55a-bbca-a029-1f931d242849|ec0e4cb6-43d2-d882-e8cb-8a3b42ccc6b2|1f0e4449-f5e2-661d-7946-54b2afdd95c3|15793178-e183-32fa-8460-e55a5cadf03a|8f6fbe76-b839-492d-22cf-79b71dc82a8f|f8c3f20b-8f3c-9010-a27f-e3d6b21ae9b4|777e88dd-fb1b-1659-f4ba-f3d60b9f143e|db442699-1c0b-51be-77e2-9db0c4d31329|00645b0b-2538-b4dd-d839-ec54e0c1bd0b|c7e24e9f-614a-f314-81be-58deada94fcc|341e6613-646f-f0b9-02f0-b3cb7eef6833","Components":{"$type":"System.Collections.Generic.List`1[[Sitecore.Commerce.Core.Component, Sitecore.Commerce.Core]], mscorlib","$values":[{"$type":"Sitecore.Commerce.Core.LocalizedEntityComponent, Sitecore.Commerce.Core","Entity":{"$type":"Sitecore.Commerce.Core.EntityReference, Sitecore.Commerce.Core","Name":"","EntityTarget":"Entity-LocalizationEntity-9f1784cbb24a40ee93087c91b4be1f6d","Policies":{"$type":"System.Collections.Generic.List`1[[Sitecore.Commerce.Core.Policy, Sitecore.Commerce.Core]], mscorlib","$values":[]}},"Id":"2265e27761e4419082a303a54e01c68c","Name":"","Comments":"","Policies":{"$type":"System.Collections.Generic.List`1[[Sitecore.Commerce.Core.Policy, Sitecore.Commerce.Core]], mscorlib","$values":[]},"ChildComponents":{"$type":"System.Collections.Generic.List`1[[Sitecore.Commerce.Core.Component, Sitecore.Commerce.Core]], mscorlib","$values":[]}},{"$type":"Sitecore.Commerce.Plugin.ManagedLists.ListMembershipsComponent, Sitecore.Commerce.Plugin.ManagedLists","Memberships":{"$type":"System.Collections.Generic.List`1[[System.String, mscorlib]], mscorlib","$values":["Categories","CatalogItems"]},"Id":"da10acceaaaa4414b0b5b1c4214cdd75","Name":"","Comments":"","Policies":{"$type":"System.Collections.Generic.List`1[[Sitecore.Commerce.Core.Policy, Sitecore.Commerce.Core]], mscorlib","$values":[]},"ChildComponents":{"$type":"System.Collections.Generic.List`1[[Sitecore.Commerce.Core.Component, Sitecore.Commerce.Core]], mscorlib","$values":[]}},{"$type":"Sitecore.Commerce.Plugin.Catalog.RelationshipsComponent, Sitecore.Commerce.Plugin.Catalog","Relationships":{"$type":"System.Collections.Generic.List`1[[Sitecore.Commerce.Plugin.Catalog.Models.Relationship, Sitecore.Commerce.Plugin.Catalog]], mscorlib","$values":[]},"Id":"8c8b84448eb8426b9a804afd581679cf","Name":"","Comments":"","Policies":{"$type":"System.Collections.Generic.List`1[[Sitecore.Commerce.Core.Policy, Sitecore.Commerce.Core]], mscorlib","$values":[]},"ChildComponents":{"$type":"System.Collections.Generic.List`1[[Sitecore.Commerce.Core.Component, Sitecore.Commerce.Core]], mscorlib","$values":[]}}]},"DateCreated":"2018-02-27T15:31:01.2665285+00:00","DateUpdated":"2018-03-27T11:53:41.2548804+00:00","DisplayName":"Cameras","FriendlyId":"Habitat_Master-Cameras","Id":"Entity-Category-Habitat_Master-Cameras","Version":1,"IsPersisted":true,"Name":"Cameras","Policies":{"$type":"System.Collections.Generic.List`1[[Sitecore.Commerce.Core.Policy, Sitecore.Commerce.Core]], mscorlib","$values":[]}},{"$type":"Sitecore.Commerce.Plugin.Catalog.Category, Sitecore.Commerce.Plugin.Catalog","Description":"Take your auto's sound system from zero to sixty with a Habitat XSound system. Audiophile-quality speakers envelop you in pristine audio, transforming your driving experience.","SitecoreId":"cde0bf20-688e-6452-2b7f-4d672a8e1707","ParentCatalogList":"59ddadc1-9b88-727e-9e14-3f6cf321ae0f","ParentCategoryList":"a0860c27-2a32-841f-7014-75b163b9471e","ChildrenSellableItemList":"68adafdd-66f5-8a76-c6c9-a70010375a7e|55a9bd63-4773-8c61-4844-232054cdfaa5|c64598ab-17d3-9125-3009-6e1de25994e5","Components":{"$type":"System.Collections.Generic.List`1[[Sitecore.Commerce.Core.Component, Sitecore.Commerce.Core]], mscorlib","$values":[{"$type":"Sitecore.Commerce.Core.LocalizedEntityComponent, Sitecore.Commerce.Core","Entity":{"$type":"Sitecore.Commerce.Core.EntityReference, Sitecore.Commerce.Core","Name":"","EntityTarget":"Entity-LocalizationEntity-fdef6135e24a42d8815395b715065a47","Policies":{"$type":"System.Collections.Generic.List`1[[Sitecore.Commerce.Core.Policy, Sitecore.Commerce.Core]], mscorlib","$values":[]}},"Id":"ba55b6b290cd465dbf687202432ff77f","Name":"","Comments":"","Policies":{"$type":"System.Collections.Generic.List`1[[Sitecore.Commerce.Core.Policy, Sitecore.Commerce.Core]], mscorlib","$values":[]},"ChildComponents":{"$type":"System.Collections.Generic.List`1[[Sitecore.Commerce.Core.Component, Sitecore.Commerce.Core]], mscorlib","$values":[]}},{"$type":"Sitecore.Commerce.Plugin.ManagedLists.ListMembershipsComponent, Sitecore.Commerce.Plugin.ManagedLists","Memberships":{"$type":"System.Collections.Generic.List`1[[System.String, mscorlib]], mscorlib","$values":["Categories","CatalogItems"]},"Id":"fbb4dc950c714465907faa4a7bcbf548","Name":"","Comments":"","Policies":{"$type":"System.Collections.Generic.List`1[[Sitecore.Commerce.Core.Policy, Sitecore.Commerce.Core]], mscorlib","$values":[]},"ChildComponents":{"$type":"System.Collections.Generic.List`1[[Sitecore.Commerce.Core.Component, Sitecore.Commerce.Core]], mscorlib","$values":[]}},{"$type":"Sitecore.Commerce.Plugin.Catalog.RelationshipsComponent, Sitecore.Commerce.Plugin.Catalog","Relationships":{"$type":"System.Collections.Generic.List`1[[Sitecore.Commerce.Plugin.Catalog.Models.Relationship, Sitecore.Commerce.Plugin.Catalog]], mscorlib","$values":[]},"Id":"382e64473b3d445aaad4e0a394309df4","Name":"","Comments":"","Policies":{"$type":"System.Collections.Generic.List`1[[Sitecore.Commerce.Core.Policy, Sitecore.Commerce.Core]], mscorlib","$values":[]},"ChildComponents":{"$type":"System.Collections.Generic.List`1[[Sitecore.Commerce.Core.Component, Sitecore.Commerce.Core]], mscorlib","$values":[]}}]},"DateCreated":"2018-02-27T15:31:01.2404387+00:00","DateUpdated":"2018-03-27T11:53:41.2538815+00:00","DisplayName":"Car Audio Receiver Packages","FriendlyId":"Habitat_Master-Car Audio Receiver Packages","Id":"Entity-Category-Habitat_Master-Car Audio Receiver Packages","Version":1,"IsPersisted":true,"Name":"Car Audio Receiver Packages","Policies":{"$type":"System.Collections.Generic.List`1[[Sitecore.Commerce.Core.Policy, Sitecore.Commerce.Core]], mscorlib","$values":[]}},{"$type":"Sitecore.Commerce.Plugin.Catalog.Category, Sitecore.Commerce.Plugin.Catalog","Description":"Take your auto's sound system from zero to sixty with a Habitat XSound system. Audiophile-quality speakers envelop you in pristine audio, transforming your driving experience.","SitecoreId":"b0da0513-b3cc-31ec-f6d3-c7c665387472","ParentCatalogList":"59ddadc1-9b88-727e-9e14-3f6cf321ae0f","ParentCategoryList":"a0860c27-2a32-841f-7014-75b163b9471e","ChildrenSellableItemList":"1c195851-72c2-8ace-d5d0-f1e38971ae37|8553a4b9-3623-aa05-9373-02fc55648b7d|36b0a741-d265-a4ef-c9fe-078a014c32e3|6fbe49e5-2f01-3f53-a2ec-04dff62bc41e|803529ed-4cea-8fad-63f6-119c71ff6901|f442835b-4d4a-ca2a-1741-24344fa3e17c|05f81d61-d4f3-7c04-10d4-dc24673e7862","Components":{"$type":"System.Collections.Generic.List`1[[Sitecore.Commerce.Core.Component, Sitecore.Commerce.Core]], mscorlib","$values":[{"$type":"Sitecore.Commerce.Core.LocalizedEntityComponent, Sitecore.Commerce.Core","Entity":{"$type":"Sitecore.Commerce.Core.EntityReference, Sitecore.Commerce.Core","Name":"","EntityTarget":"Entity-LocalizationEntity-dacf0fb96d4542778893b2c28036eb44","Policies":{"$type":"System.Collections.Generic.List`1[[Sitecore.Commerce.Core.Policy, Sitecore.Commerce.Core]], mscorlib","$values":[]}},"Id":"ad2a455bf8a24776bc5ee98bfcc097fd","Name":"","Comments":"","Policies":{"$type":"System.Collections.Generic.List`1[[Sitecore.Commerce.Core.Policy, Sitecore.Commerce.Core]], mscorlib","$values":[]},"ChildComponents":{"$type":"System.Collections.Generic.List`1[[Sitecore.Commerce.Core.Component, Sitecore.Commerce.Core]], mscorlib","$values":[]}},{"$type":"Sitecore.Commerce.Plugin.ManagedLists.ListMembershipsComponent, Sitecore.Commerce.Plugin.ManagedLists","Memberships":{"$type":"System.Collections.Generic.List`1[[System.String, mscorlib]], mscorlib","$values":["Categories","CatalogItems"]},"Id":"2a203692ded84532b508a410569baf7d","Name":"","Comments":"","Policies":{"$type":"System.Collections.Generic.List`1[[Sitecore.Commerce.Core.Policy, Sitecore.Commerce.Core]], mscorlib","$values":[]},"ChildComponents":{"$type":"System.Collections.Generic.List`1[[Sitecore.Commerce.Core.Component, Sitecore.Commerce.Core]], mscorlib","$values":[]}},{"$type":"Sitecore.Commerce.Plugin.Catalog.RelationshipsComponent, Sitecore.Commerce.Plugin.Catalog","Relationships":{"$type":"System.Collections.Generic.List`1[[Sitecore.Commerce.Plugin.Catalog.Models.Relationship, Sitecore.Commerce.Plugin.Catalog]], mscorlib","$values":[]},"Id":"42041c750d02412b905429604ae692e8","Name":"","Comments":"","Policies":{"$type":"System.Collections.Generic.List`1[[Sitecore.Commerce.Core.Policy, Sitecore.Commerce.Core]], mscorlib","$values":[]},"ChildComponents":{"$type":"System.Collections.Generic.List`1[[Sitecore.Commerce.Core.Component, Sitecore.Commerce.Core]], mscorlib","$values":[]}}]},"DateCreated":"2018-02-27T15:31:01.2364291+00:00","DateUpdated":"2018-03-27T11:53:41.2538815+00:00","DisplayName":"Car Audio Receivers","FriendlyId":"Habitat_Master-Car Audio Receivers","Id":"Entity-Category-Habitat_Master-Car Audio Receivers","Version":1,"IsPersisted":true,"Name":"Car Audio Receivers","Policies":{"$type":"System.Collections.Generic.List`1[[Sitecore.Commerce.Core.Policy, Sitecore.Commerce.Core]], mscorlib","$values":[]}},{"$type":"Sitecore.Commerce.Plugin.Catalog.Category, Sitecore.Commerce.Plugin.Catalog","Description":"Take your auto's sound system from zero to sixty with a Habitat XSound system. Audiophile-quality speakers envelop you in pristine audio, transforming your driving experience.","SitecoreId":"5381ac75-377b-2bdb-1a3d-bcc4b730d6e7","ParentCatalogList":"59ddadc1-9b88-727e-9e14-3f6cf321ae0f","ParentCategoryList":"a0860c27-2a32-841f-7014-75b163b9471e","ChildrenSellableItemList":"81357ee9-b747-4df1-1c2c-ea8cf9b0e276|142826cc-69bf-87f5-ce96-8e801ff2985d|5ea4a681-a33a-ef00-9bdb-232d91c58785|2f32a878-0dd6-6823-daeb-51fcfdfc7585|c24248ca-20d9-2dd2-4902-2920d85c244f|e6c5b54d-398f-0e7d-91d4-7e6567ca80ba|ad89db97-e34e-6220-ea57-5df93f741657|736523bf-292c-5104-d2e9-a54654af4e6d|6e868ec1-3419-4a7b-b762-043bf73f926d","Components":{"$type":"System.Collections.Generic.List`1[[Sitecore.Commerce.Core.Component, Sitecore.Commerce.Core]], mscorlib","$values":[{"$type":"Sitecore.Commerce.Core.LocalizedEntityComponent, Sitecore.Commerce.Core","Entity":{"$type":"Sitecore.Commerce.Core.EntityReference, Sitecore.Commerce.Core","Name":"","EntityTarget":"Entity-LocalizationEntity-7289d309edf34008af31f71d30b23dc9","Policies":{"$type":"System.Collections.Generic.List`1[[Sitecore.Commerce.Core.Policy, Sitecore.Commerce.Core]], mscorlib","$values":[]}},"Id":"e3f9a3687db743e5b05834376abc2a8e","Name":"","Comments":"","Policies":{"$type":"System.Collections.Generic.List`1[[Sitecore.Commerce.Core.Policy, Sitecore.Commerce.Core]], mscorlib","$values":[]},"ChildComponents":{"$type":"System.Collections.Generic.List`1[[Sitecore.Commerce.Core.Component, Sitecore.Commerce.Core]], mscorlib","$values":[]}},{"$type":"Sitecore.Commerce.Plugin.ManagedLists.ListMembershipsComponent, Sitecore.Commerce.Plugin.ManagedLists","Memberships":{"$type":"System.Collections.Generic.List`1[[System.String, mscorlib]], mscorlib","$values":["Categories","CatalogItems"]},"Id":"3358099f0c2740d99d794ced41bd20b8","Name":"","Comments":"","Policies":{"$type":"System.Collections.Generic.List`1[[Sitecore.Commerce.Core.Policy, Sitecore.Commerce.Core]], mscorlib","$values":[]},"ChildComponents":{"$type":"System.Collections.Generic.List`1[[Sitecore.Commerce.Core.Component, Sitecore.Commerce.Core]], mscorlib","$values":[]}},{"$type":"Sitecore.Commerce.Plugin.Catalog.RelationshipsComponent, Sitecore.Commerce.Plugin.Catalog","Relationships":{"$type":"System.Collections.Generic.List`1[[Sitecore.Commerce.Plugin.Catalog.Models.Relationship, Sitecore.Commerce.Plugin.Catalog]], mscorlib","$values":[]},"Id":"8ca43d5699d74bd89fd5a70b00d693fd","Name":"","Comments":"","Policies":{"$type":"System.Collections.Generic.List`1[[Sitecore.Commerce.Core.Policy, Sitecore.Commerce.Core]], mscorlib","$values":[]},"ChildComponents":{"$type":"System.Collections.Generic.List`1[[Sitecore.Commerce.Core.Component, Sitecore.Commerce.Core]], mscorlib","$values":[]}}]},"DateCreated":"2018-02-27T15:31:01.2414561+00:00","DateUpdated":"2018-03-27T11:53:41.2538815+00:00","DisplayName":"Car Speakers","FriendlyId":"Habitat_Master-Car Speakers","Id":"Entity-Category-Habitat_Master-Car Speakers","Version":1,"IsPersisted":true,"Name":"Car Speakers","Policies":{"$type":"System.Collections.Generic.List`1[[Sitecore.Commerce.Core.Policy, Sitecore.Commerce.Core]], mscorlib","$values":[]}},{"$type":"Sitecore.Commerce.Plugin.Catalog.Category, Sitecore.Commerce.Plugin.Catalog","Description":"A warm, fresh-brewed cup of coffee waits for you. Habitat Dwell multicup coffee makers let you control brew strength and timing. Single-serve models provide grab-and-go convenience and easy cleanup.","SitecoreId":"59704f14-85ae-65fb-d605-ab312736759d","ParentCatalogList":"59ddadc1-9b88-727e-9e14-3f6cf321ae0f","ParentCategoryList":"06f5147b-9e24-fa33-20fb-d4b7d8d21392","ChildrenSellableItemList":"e1612bf9-d7fe-ccb5-8dfd-57c8ca4f0b8c|8f82cb41-4e5a-3a82-c4f1-a5f6bfd0ad8e|4bc2f153-e14d-cccf-08b1-500c11a078c3|a4c6d5be-1e18-149c-126e-43c06b564e1e","Components":{"$type":"System.Collections.Generic.List`1[[Sitecore.Commerce.Core.Component, Sitecore.Commerce.Core]], mscorlib","$values":[{"$type":"Sitecore.Commerce.Core.LocalizedEntityComponent, Sitecore.Commerce.Core","Entity":{"$type":"Sitecore.Commerce.Core.EntityReference, Sitecore.Commerce.Core","Name":"","EntityTarget":"Entity-LocalizationEntity-94c18054a54e4b888e79f27f5ea90d7a","Policies":{"$type":"System.Collections.Generic.List`1[[Sitecore.Commerce.Core.Policy, Sitecore.Commerce.Core]], mscorlib","$values":[]}},"Id":"34a5c82623cb441cb7cee7a517c46c4e","Name":"","Comments":"","Policies":{"$type":"System.Collections.Generic.List`1[[Sitecore.Commerce.Core.Policy, Sitecore.Commerce.Core]], mscorlib","$values":[]},"ChildComponents":{"$type":"System.Collections.Generic.List`1[[Sitecore.Commerce.Core.Component, Sitecore.Commerce.Core]], mscorlib","$values":[]}},{"$type":"Sitecore.Commerce.Plugin.ManagedLists.ListMembershipsComponent, Sitecore.Commerce.Plugin.ManagedLists","Memberships":{"$type":"System.Collections.Generic.List`1[[System.String, mscorlib]], mscorlib","$values":["Categories","CatalogItems"]},"Id":"6463364b1f78481091f1136cf5d5b0d2","Name":"","Comments":"","Policies":{"$type":"System.Collections.Generic.List`1[[Sitecore.Commerce.Core.Policy, Sitecore.Commerce.Core]], mscorlib","$values":[]},"ChildComponents":{"$type":"System.Collections.Generic.List`1[[Sitecore.Commerce.Core.Component, Sitecore.Commerce.Core]], mscorlib","$values":[]}},{"$type":"Sitecore.Commerce.Plugin.Catalog.RelationshipsComponent, Sitecore.Commerce.Plugin.Catalog","Relationships":{"$type":"System.Collections.Generic.List`1[[Sitecore.Commerce.Plugin.Catalog.Models.Relationship, Sitecore.Commerce.Plugin.Catalog]], mscorlib","$values":[]},"Id":"ce2ea5d28cf649e885ce179e697765c6","Name":"","Comments":"","Policies":{"$type":"System.Collections.Generic.List`1[[Sitecore.Commerce.Core.Policy, Sitecore.Commerce.Core]], mscorlib","$values":[]},"ChildComponents":{"$type":"System.Collections.Generic.List`1[[Sitecore.Commerce.Core.Component, Sitecore.Commerce.Core]], mscorlib","$values":[]}}]},"DateCreated":"2018-02-27T15:31:01.7794009+00:00","DateUpdated":"2018-03-27T11:53:41.2538815+00:00","DisplayName":"Coffee Makers","FriendlyId":"Habitat_Master-Coffee Makers","Id":"Entity-Category-Habitat_Master-Coffee Makers","Version":1,"IsPersisted":true,"Name":"Coffee Makers","Policies":{"$type":"System.Collections.Generic.List`1[[Sitecore.Commerce.Core.Policy, Sitecore.Commerce.Core]], mscorlib","$values":[]}},{"$type":"Sitecore.Commerce.Plugin.Catalog.Category, Sitecore.Commerce.Plugin.Catalog","Description":"Check out Habitat's computer speakers.","SitecoreId":"78e318a6-33cb-0a42-f4e5-fbf84a36e0de","ParentCatalogList":"59ddadc1-9b88-727e-9e14-3f6cf321ae0f","ParentCategoryList":"a0860c27-2a32-841f-7014-75b163b9471e","ChildrenSellableItemList":"cbd67901-be5f-0211-16f7-e387c178d2de|ce6657c2-b3a4-d8f8-c279-c8351c04b0a6|d2d3bed9-dc41-6c7c-06f0-7ed0ad1431af|1885b274-09c7-87ab-898b-594851a05a0f|37c4476c-9a61-5baa-f025-7bc78b5de8d9|ad2ebda8-0eae-5cb5-152c-1d867287c237","Components":{"$type":"System.Collections.Generic.List`1[[Sitecore.Commerce.Core.Component, Sitecore.Commerce.Core]], mscorlib","$values":[{"$type":"Sitecore.Commerce.Core.LocalizedEntityComponent, Sitecore.Commerce.Core","Entity":{"$type":"Sitecore.Commerce.Core.EntityReference, Sitecore.Commerce.Core","Name":"","EntityTarget":"Entity-LocalizationEntity-c4288b153f1a492e8377e13ae359d22e","Policies":{"$type":"System.Collections.Generic.List`1[[Sitecore.Commerce.Core.Policy, Sitecore.Commerce.Core]], mscorlib","$values":[]}},"Id":"fd56a01e56294a70b165d2ae7f0194b2","Name":"","Comments":"","Policies":{"$type":"System.Collections.Generic.List`1[[Sitecore.Commerce.Core.Policy, Sitecore.Commerce.Core]], mscorlib","$values":[]},"ChildComponents":{"$type":"System.Collections.Generic.List`1[[Sitecore.Commerce.Core.Component, Sitecore.Commerce.Core]], mscorlib","$values":[]}},{"$type":"Sitecore.Commerce.Plugin.ManagedLists.ListMembershipsComponent, Sitecore.Commerce.Plugin.ManagedLists","Memberships":{"$type":"System.Collections.Generic.List`1[[System.String, mscorlib]], mscorlib","$values":["Categories","CatalogItems"]},"Id":"1a71b28f8c3d46b98f98b2121b9f6f00","Name":"","Comments":"","Policies":{"$type":"System.Collections.Generic.List`1[[Sitecore.Commerce.Core.Policy, Sitecore.Commerce.Core]], mscorlib","$values":[]},"ChildComponents":{"$type":"System.Collections.Generic.List`1[[Sitecore.Commerce.Core.Component, Sitecore.Commerce.Core]], mscorlib","$values":[]}},{"$type":"Sitecore.Commerce.Plugin.Catalog.RelationshipsComponent, Sitecore.Commerce.Plugin.Catalog","Relationships":{"$type":"System.Collections.Generic.List`1[[Sitecore.Commerce.Plugin.Catalog.Models.Relationship, Sitecore.Commerce.Plugin.Catalog]], mscorlib","$values":[]},"Id":"4bde8bb6e9fb4739ad2112ac61c2ff5b","Name":"","Comments":"","Policies":{"$type":"System.Collections.Generic.List`1[[Sitecore.Commerce.Core.Policy, Sitecore.Commerce.Core]], mscorlib","$values":[]},"ChildComponents":{"$type":"System.Collections.Generic.List`1[[Sitecore.Commerce.Core.Component, Sitecore.Commerce.Core]], mscorlib","$values":[]}}]},"DateCreated":"2018-02-27T15:31:01.2341134+00:00","DateUpdated":"2018-03-27T11:53:41.2538815+00:00","DisplayName":"Computer Speakers","FriendlyId":"Habitat_Master-Computer Speakers","Id":"Entity-Category-Habitat_Master-Computer Speakers","Version":1,"IsPersisted":true,"Name":"Computer Speakers","Policies":{"$type":"System.Collections.Generic.List`1[[Sitecore.Commerce.Core.Policy, Sitecore.Commerce.Core]], mscorlib","$values":[]}},{"$type":"Sitecore.Commerce.Plugin.Catalog.Category, Sitecore.Commerce.Plugin.Catalog","Description":"Beautiful, stylish and powerful computing power","SitecoreId":"994ec8cb-fe90-5071-a631-4458b1e83db3","ParentCatalogList":"59ddadc1-9b88-727e-9e14-3f6cf321ae0f","ParentCategoryList":"b893c063-6238-ed57-700d-72862c56038d","ChildrenCategoryList":"d7f45dfb-f7c0-ddca-a689-b402eacdddcd|d3b75bfd-df0f-723a-d9ea-1fd1209cbc41|f9c1fbf9-0a17-4723-5ba4-f97ab9ee1969|91c3f435-581a-facc-378e-78f7cc4c05e2|b035e970-3358-9bc3-9964-26fc663eb941|1a08462b-9089-cdd6-f751-6eb09c13d948|64f0b62e-2b0b-c80f-97e5-626db9d3c6df|1e660ba0-96b1-fb0f-7b08-d89957cf5920","ChildrenSellableItemList":"50df105f-4261-0e11-5934-0f902b1181ae|8dcb7d40-0134-fc8b-b905-bf7d5eff11a0|fd296f24-900c-0a1f-686f-cf13a127016e|a59ade41-926b-ab04-640a-3e609cba4423|39ced455-f74f-4c8d-18ed-146876c69c4d|7af175a9-fcf8-e23e-c31a-92fbdca357cb|7afe9362-61d1-2fd8-335e-24e99da61849|4f1b464e-28e4-7d75-c161-b2e52ad728b6|92a7d2cc-91ad-5223-26ba-cb88c8612c71|ce6e1ae4-bdd4-0097-2b28-1a5602b14407|09f503ba-d8f9-74bc-91c5-047c61243577|f5cd0a2e-bb1d-f6ab-6c96-925a4d4be610|3624a3b9-67ec-54f9-a2c6-a08b794fb935|251e2d19-1cd9-51d2-d34d-a1ccd5c0baa2|12e1623e-91ab-a77b-141a-48094ce79493|dfa5fce3-41b1-45d5-aa8f-9a9ecd40a113|bf77cc91-9cff-0716-9df8-a933e5a2522c|f141cb94-d0b4-df81-9e1b-97c6f8a5fa36|f62d3f0a-8805-f874-a309-fea9584e0628|9035f78f-c12c-2fd0-1728-8a5d3bea5c91|8013bd3a-fc82-d19e-e743-d12dd6bc2e0a|fb617148-72ec-099d-ff1d-4c9be802bbb3|cc64146d-8217-9bd1-aa1a-a0848453a8af|c6ccf94e-7c87-da1d-a515-e96f022b84b9|b4cb59e3-603f-b754-02dd-929fc8716815|8d67a004-259a-478a-cdcc-1fbf41842411|7cf78cac-e8ac-e653-112b-ab606a889cf6|dd273d02-a496-6e40-608d-dda380bc2407|3428ea36-a47b-5717-3837-ed295c9a2e42|d4e07b4e-13ba-c202-f519-0a787e71379b|8811a85a-9f27-0242-fb1c-b90426706742|a4a293d6-27b7-6ed6-da09-585478ae5b52|fe4e613f-a712-8cea-bf0b-98e6ec48b900|a39d158f-828f-611b-c029-08842b3a88e5|f92320b9-db7b-9ac6-14e9-68ee9f3832d5|3c56fa06-f978-bc65-ff85-5bcdd2ec1c70|17ff768f-aa59-c7c8-e6fe-3fe3e8a0fe9a|0831c154-10d8-416d-ff52-a32585d1ac21|eeec172a-c7ea-118e-17a0-a0cf94651a43|44a7d362-a0fe-898e-4e94-6da034b33e10|576fa50a-2b1f-808a-103e-36a5ed292332|6ccb1d18-76b8-1dfb-dc52-384ca3e5348e|23f443c9-dd26-5959-21a1-7ca3a4137604|b2d74163-bafd-1432-d857-22575e0324f6|f1e55329-78d7-2980-974a-7c68f64408be|48ddafe3-ab81-dd1d-a85c-85a66edeabeb|75c16e98-e71b-d88c-91c7-3d6ac0fb0275|7b5dda2f-be7f-41b8-860b-153ede91727a|cf2923f6-aea3-c6bf-b20e-e21a6cba16b2|59f4429f-d5a0-ee0f-f382-81c80080a781|bf477d0c-e00c-6b02-f5be-62b332675120|bb515d29-4d7f-4699-1aa4-a4be54c69bad|711b562a-351c-f205-ac26-8e6c1bb69463|47d73126-e8ac-b27f-8a6d-225ea549e2f0|91b09876-d90a-4dcf-5ff5-72dbb63fbb54|2b10f4c0-6909-aaa5-65ff-b5f65f40d0be|9ddd5b33-18fa-c6ca-3ca0-94c1c218690d|1e548ea1-5aca-896d-b8cb-77f084cf1f36|4833eb6b-a08e-4b16-8a74-c9385cd9258e|21ff5396-9669-7e1a-5653-8f452f1456d1|0579924a-66bf-0787-caf1-0f0f07ff17dd|d80e8919-c7d5-46da-7953-c304de042e62|55a80fc4-9dfe-c60a-42a0-631d875c502e|92c1a0f3-be99-e61e-6e7b-410348a2761b|13b819b5-f1db-e510-8188-8ae61a910d9e|487dd191-e26f-8edd-366d-373130a4f1e2|20bb91f2-6be5-652a-72c1-a785bde859c9","Components":{"$type":"System.Collections.Generic.List`1[[Sitecore.Commerce.Core.Component, Sitecore.Commerce.Core]], mscorlib","$values":[{"$type":"Sitecore.Commerce.Core.LocalizedEntityComponent, Sitecore.Commerce.Core","Entity":{"$type":"Sitecore.Commerce.Core.EntityReference, Sitecore.Commerce.Core","Name":"","EntityTarget":"Entity-LocalizationEntity-ba62b1a33caa46078cc29441a2134abd","Policies":{"$type":"System.Collections.Generic.List`1[[Sitecore.Commerce.Core.Policy, Sitecore.Commerce.Core]], mscorlib","$values":[]}},"Id":"cac0bdd1e2554e3eb6f7e974aa8a2683","Name":"","Comments":"","Policies":{"$type":"System.Collections.Generic.List`1[[Sitecore.Commerce.Core.Policy, Sitecore.Commerce.Core]], mscorlib","$values":[]},"ChildComponents":{"$type":"System.Collections.Generic.List`1[[Sitecore.Commerce.Core.Component, Sitecore.Commerce.Core]], mscorlib","$values":[]}},{"$type":"Sitecore.Commerce.Plugin.ManagedLists.ListMembershipsComponent, Sitecore.Commerce.Plugin.ManagedLists","Memberships":{"$type":"System.Collections.Generic.List`1[[System.String, mscorlib]], mscorlib","$values":["Categories","CatalogItems"]},"Id":"04ae831c4e61413ebbe4c25397a88c20","Name":"","Comments":"","Policies":{"$type":"System.Collections.Generic.List`1[[Sitecore.Commerce.Core.Policy, Sitecore.Commerce.Core]], mscorlib","$values":[]},"ChildComponents":{"$type":"System.Collections.Generic.List`1[[Sitecore.Commerce.Core.Component, Sitecore.Commerce.Core]], mscorlib","$values":[]}},{"$type":"Sitecore.Commerce.Plugin.Catalog.RelationshipsComponent, Sitecore.Commerce.Plugin.Catalog","Relationships":{"$type":"System.Collections.Generic.List`1[[Sitecore.Commerce.Plugin.Catalog.Models.Relationship, Sitecore.Commerce.Plugin.Catalog]], mscorlib","$values":[]},"Id":"7ba441e09a1244fd8274993585cc750f","Name":"","Comments":"","Policies":{"$type":"System.Collections.Generic.List`1[[Sitecore.Commerce.Core.Policy, Sitecore.Commerce.Core]], mscorlib","$values":[]},"ChildComponents":{"$type":"System.Collections.Generic.List`1[[Sitecore.Commerce.Core.Component, Sitecore.Commerce.Core]], mscorlib","$values":[]}}]},"DateCreated":"2018-02-27T15:31:01.3331852+00:00","DateUpdated":"2018-03-27T11:53:41.2548804+00:00","DisplayName":"Computers and Tablets","FriendlyId":"Habitat_Master-Computers and Tablets","Id":"Entity-Category-Habitat_Master-Computers and Tablets","Version":1,"IsPersisted":true,"Name":"Computers and Tablets","Policies":{"$type":"System.Collections.Generic.List`1[[Sitecore.Commerce.Core.Policy, Sitecore.Commerce.Core]], mscorlib","$values":[]}}]}