{"$type":"System.Collections.Generic.List`1[[Sitecore.Commerce.Plugin.Catalog.Category, Sitecore.Commerce.Plugin.Catalog]], mscorlib","$values":[{"$type":"Sitecore.Commerce.Plugin.Catalog.Category, Sitecore.Commerce.Plugin.Catalog","Description":"Be in finger tip control of everything","SitecoreId":"8174413c-c733-69a0-d61b-6ca583c234d4","ParentCatalogList":"59ddadc1-9b88-727e-9e14-3f6cf321ae0f","ParentCategoryList":"b893c063-6238-ed57-700d-72862c56038d","ChildrenCategoryList":"32212d24-9dae-601c-6b39-670a4848e5d8|a4061541-80ef-738f-d600-e73a3b7c7d9e|3c7b1bd6-d364-e069-9f9b-1cc01d1d7b6c|9b96f91a-93bd-07b3-ff38-ee81dc3337cd","ChildrenSellableItemList":"ab0b7d24-e450-9629-d5ba-e1606d2857bc|428b5292-0ff7-732d-9dfc-b547aa435aba|91ff5b7f-c739-0f20-79ad-348494e6b307|34f3758f-bded-e682-6bdf-56525c8d66a8|82ae6c27-e68d-fbcf-ba5f-62ab8d59f6e3|0e3f44bb-4507-28af-6ca6-8cf39f0795ed|273b5fd2-4a31-4a8f-eb04-b798de37d56c|9facd458-a64a-1557-69a9-e44282adceca|074d2346-45ee-8b75-f4b5-2ee9c4d7333c|2a09a7eb-9d58-71e8-37fe-fcc5a36d1bcd|e524a3f9-294b-cd65-5e22-e6baa3d61a23|16b19964-1a8a-a8a9-7df7-64c6bdaaa579|0872ff01-b393-c09a-5614-8a2de2b9b43a|d486ffe1-49e7-d63e-fc8a-b2a6573a20a1|c0d743f5-464a-7c40-3901-a64373396e2c","Components":{"$type":"System.Collections.Generic.List`1[[Sitecore.Commerce.Core.Component, Sitecore.Commerce.Core]], mscorlib","$values":[{"$type":"Sitecore.Commerce.Core.LocalizedEntityComponent, Sitecore.Commerce.Core","Entity":{"$type":"Sitecore.Commerce.Core.EntityReference, Sitecore.Commerce.Core","Name":"","EntityTarget":"Entity-LocalizationEntity-fadbddb72e304d98a8ebbb0e300bf3cf","Policies":{"$type":"System.Collections.Generic.List`1[[Sitecore.Commerce.Core.Policy, Sitecore.Commerce.Core]], mscorlib","$values":[]}},"Id":"b06fccfa4b5f47b8b92e46930acf75bc","Name":"","Comments":"","Policies":{"$type":"System.Collections.Generic.List`1[[Sitecore.Commerce.Core.Policy, Sitecore.Commerce.Core]], mscorlib","$values":[]},"ChildComponents":{"$type":"System.Collections.Generic.List`1[[Sitecore.Commerce.Core.Component, Sitecore.Commerce.Core]], mscorlib","$values":[]}},{"$type":"Sitecore.Commerce.Plugin.ManagedLists.ListMembershipsComponent, Sitecore.Commerce.Plugin.ManagedLists","Memberships":{"$type":"System.Collections.Generic.List`1[[System.String, mscorlib]], mscorlib","$values":["Categories","CatalogItems"]},"Id":"71f42de4da984e1db58246aacf143d8f","Name":"","Comments":"","Policies":{"$type":"System.Collections.Generic.List`1[[Sitecore.Commerce.Core.Policy, Sitecore.Commerce.Core]], mscorlib","$values":[]},"ChildComponents":{"$type":"System.Collections.Generic.List`1[[Sitecore.Commerce.Core.Component, Sitecore.Commerce.Core]], mscorlib","$values":[]}},{"$type":"Sitecore.Commerce.Plugin.Catalog.RelationshipsComponent, Sitecore.Commerce.Plugin.Catalog","Relationships":{"$type":"System.Collections.Generic.List`1[[Sitecore.Commerce.Plugin.Catalog.Models.Relationship, Sitecore.Commerce.Plugin.Catalog]], mscorlib","$values":[]},"Id":"8d65d16d59414d27ad51084ca391b794","Name":"","Comments":"","Policies":{"$type":"System.Collections.Generic.List`1[[Sitecore.Commerce.Core.Policy, Sitecore.Commerce.Core]], mscorlib","$values":[]},"ChildComponents":{"$type":"System.Collections.Generic.List`1[[Sitecore.Commerce.Core.Component, Sitecore.Commerce.Core]], mscorlib","$values":[]}}]},"DateCreated":"2018-02-27T15:31:01.3843208+00:00","DateUpdated":"2018-03-19T14:05:55.1829506+00:00","DisplayName":"Connected home","FriendlyId":"Habitat_Master-Connected home","Id":"Entity-Category-Habitat_Master-Connected home","Version":6,"IsPersisted":true,"Name":"Connected home","Policies":{"$type":"System.Collections.Generic.List`1[[Sitecore.Commerce.Core.Policy, Sitecore.Commerce.Core]], mscorlib","$values":[]}},{"$type":"Sitecore.Commerce.Plugin.Catalog.Category, Sitecore.Commerce.Plugin.Catalog","Description":"Take a look at Habitat's Consoles","SitecoreId":"0a73a68b-09d3-170b-bcae-2ad8b74da488","ParentCatalogList":"59ddadc1-9b88-727e-9e14-3f6cf321ae0f","ParentCategoryList":"c4623f4f-3167-0ef3-0b8d-d1884233ff53","ChildrenSellableItemList":"507f8ed2-ce2d-f426-b211-6033f291bf62|7024fb0d-66d8-58ae-2a95-371e57d22db1|2d3c1fba-2de6-b81d-4357-29e34dac983d","Components":{"$type":"System.Collections.Generic.List`1[[Sitecore.Commerce.Core.Component, Sitecore.Commerce.Core]], mscorlib","$values":[{"$type":"Sitecore.Commerce.Core.LocalizedEntityComponent, Sitecore.Commerce.Core","Entity":{"$type":"Sitecore.Commerce.Core.EntityReference, Sitecore.Commerce.Core","Name":"","EntityTarget":"Entity-LocalizationEntity-0f91a11842dd4eadb21a42c4158248b3","Policies":{"$type":"System.Collections.Generic.List`1[[Sitecore.Commerce.Core.Policy, Sitecore.Commerce.Core]], mscorlib","$values":[]}},"Id":"4b12a64c072545708749bc0cd75ecff8","Name":"","Comments":"","Policies":{"$type":"System.Collections.Generic.List`1[[Sitecore.Commerce.Core.Policy, Sitecore.Commerce.Core]], mscorlib","$values":[]},"ChildComponents":{"$type":"System.Collections.Generic.List`1[[Sitecore.Commerce.Core.Component, Sitecore.Commerce.Core]], mscorlib","$values":[]}},{"$type":"Sitecore.Commerce.Plugin.ManagedLists.ListMembershipsComponent, Sitecore.Commerce.Plugin.ManagedLists","Memberships":{"$type":"System.Collections.Generic.List`1[[System.String, mscorlib]], mscorlib","$values":["Categories","CatalogItems"]},"Id":"6d16ebccc35f4e02af96bb39ea464cd5","Name":"","Comments":"","Policies":{"$type":"System.Collections.Generic.List`1[[Sitecore.Commerce.Core.Policy, Sitecore.Commerce.Core]], mscorlib","$values":[]},"ChildComponents":{"$type":"System.Collections.Generic.List`1[[Sitecore.Commerce.Core.Component, Sitecore.Commerce.Core]], mscorlib","$values":[]}},{"$type":"Sitecore.Commerce.Plugin.Catalog.RelationshipsComponent, Sitecore.Commerce.Plugin.Catalog","Relationships":{"$type":"System.Collections.Generic.List`1[[Sitecore.Commerce.Plugin.Catalog.Models.Relationship, Sitecore.Commerce.Plugin.Catalog]], mscorlib","$values":[]},"Id":"9b8322e2ab1f462f8a3c9f1e15f2ef98","Name":"","Comments":"","Policies":{"$type":"System.Collections.Generic.List`1[[Sitecore.Commerce.Core.Policy, Sitecore.Commerce.Core]], mscorlib","$values":[]},"ChildComponents":{"$type":"System.Collections.Generic.List`1[[Sitecore.Commerce.Core.Component, Sitecore.Commerce.Core]], mscorlib","$values":[]}}]},"DateCreated":"2018-02-27T15:31:01.3941188+00:00","DateUpdated":"2018-03-19T14:05:58.2976886+00:00","DisplayName":"Consoles","FriendlyId":"Habitat_Master-Consoles","Id":"Entity-Category-Habitat_Master-Consoles","Version":3,"IsPersisted":true,"Name":"Consoles","Policies":{"$type":"System.Collections.Generic.List`1[[Sitecore.Commerce.Core.Policy, Sitecore.Commerce.Core]], mscorlib","$values":[]}},{"$type":"Sitecore.Commerce.Plugin.Catalog.Category, Sitecore.Commerce.Plugin.Catalog","Description":"Check out Habitat's assortment of Curved UHD TVs.","SitecoreId":"582ce5a6-06b8-3569-5777-c40b65801619","ParentCatalogList":"59ddadc1-9b88-727e-9e14-3f6cf321ae0f","ParentCategoryList":"9c13fb93-c115-34ea-e2a1-6d4f315591ed","ChildrenSellableItemList":"e619a0ab-697b-af30-e4dc-e683de7ed08e|50bcae09-fd1b-4d94-10eb-f91d7667d77d|f00e7505-49a6-2f16-6565-c75bf20278d5|f15a5e05-dc87-3c75-bf10-47488c7d5cb5","Components":{"$type":"System.Collections.Generic.List`1[[Sitecore.Commerce.Core.Component, Sitecore.Commerce.Core]], mscorlib","$values":[{"$type":"Sitecore.Commerce.Core.LocalizedEntityComponent, Sitecore.Commerce.Core","Entity":{"$type":"Sitecore.Commerce.Core.EntityReference, Sitecore.Commerce.Core","Name":"","EntityTarget":"Entity-LocalizationEntity-c63c5990e66c456db84f2aebdc16e1c4","Policies":{"$type":"System.Collections.Generic.List`1[[Sitecore.Commerce.Core.Policy, Sitecore.Commerce.Core]], mscorlib","$values":[]}},"Id":"16b5e3e49a60402b947fcac2883d82ab","Name":"","Comments":"","Policies":{"$type":"System.Collections.Generic.List`1[[Sitecore.Commerce.Core.Policy, Sitecore.Commerce.Core]], mscorlib","$values":[]},"ChildComponents":{"$type":"System.Collections.Generic.List`1[[Sitecore.Commerce.Core.Component, Sitecore.Commerce.Core]], mscorlib","$values":[]}},{"$type":"Sitecore.Commerce.Plugin.ManagedLists.ListMembershipsComponent, Sitecore.Commerce.Plugin.ManagedLists","Memberships":{"$type":"System.Collections.Generic.List`1[[System.String, mscorlib]], mscorlib","$values":["Categories","CatalogItems"]},"Id":"735297f626be4ad68924d626e85aa8e4","Name":"","Comments":"","Policies":{"$type":"System.Collections.Generic.List`1[[Sitecore.Commerce.Core.Policy, Sitecore.Commerce.Core]], mscorlib","$values":[]},"ChildComponents":{"$type":"System.Collections.Generic.List`1[[Sitecore.Commerce.Core.Component, Sitecore.Commerce.Core]], mscorlib","$values":[]}},{"$type":"Sitecore.Commerce.Plugin.Catalog.RelationshipsComponent, Sitecore.Commerce.Plugin.Catalog","Relationships":{"$type":"System.Collections.Generic.List`1[[Sitecore.Commerce.Plugin.Catalog.Models.Relationship, Sitecore.Commerce.Plugin.Catalog]], mscorlib","$values":[]},"Id":"f399b9d1c1be471181183f7b74040eea","Name":"","Comments":"","Policies":{"$type":"System.Collections.Generic.List`1[[Sitecore.Commerce.Core.Policy, Sitecore.Commerce.Core]], mscorlib","$values":[]},"ChildComponents":{"$type":"System.Collections.Generic.List`1[[Sitecore.Commerce.Core.Component, Sitecore.Commerce.Core]], mscorlib","$values":[]}}]},"DateCreated":"2018-02-27T15:31:01.735239+00:00","DateUpdated":"2018-03-19T14:07:23.8061613+00:00","DisplayName":"Curved UHD TVs","FriendlyId":"Habitat_Master-Curved UHD TVs","Id":"Entity-Category-Habitat_Master-Curved UHD TVs","Version":3,"IsPersisted":true,"Name":"Curved UHD TVs","Policies":{"$type":"System.Collections.Generic.List`1[[Sitecore.Commerce.Core.Policy, Sitecore.Commerce.Core]], mscorlib","$values":[]}},{"$type":"Sitecore.Commerce.Plugin.Catalog.Category, Sitecore.Commerce.Plugin.Catalog","Description":"","SitecoreId":"e5e9207c-58cd-0735-2a79-b5d2b199ea7a","ParentCatalogList":"59ddadc1-9b88-727e-9e14-3f6cf321ae0f","ParentCategoryList":"c1114488-2d5f-39c7-5e16-42f64d5f2d4a","ChildrenSellableItemList":"2495594a-9914-4d13-9ffd-aff5484ac57c|16eaf2e1-9daa-b7a9-835f-51358e72058b|92a7d2cc-91ad-5223-26ba-cb88c8612c71|ab0b7d24-e450-9629-d5ba-e1606d2857bc|428b5292-0ff7-732d-9dfc-b547aa435aba|507f8ed2-ce2d-f426-b211-6033f291bf62|73ad9c55-def7-c1ff-5efc-cb3e9c74d101|8fd88e39-5060-b596-dd58-662f127e9c50|1298810a-459d-88a3-c786-64e7d36e58cc|b8608a92-c842-110a-efdf-d2d8376ce7cd|50bcae09-fd1b-4d94-10eb-f91d7667d77d","Components":{"$type":"System.Collections.Generic.List`1[[Sitecore.Commerce.Core.Component, Sitecore.Commerce.Core]], mscorlib","$values":[{"$type":"Sitecore.Commerce.Core.LocalizedEntityComponent, Sitecore.Commerce.Core","Entity":{"$type":"Sitecore.Commerce.Core.EntityReference, Sitecore.Commerce.Core","Name":"","EntityTarget":"Entity-LocalizationEntity-28a0e42d13d34395b262ea3ac38c54e9","Policies":{"$type":"System.Collections.Generic.List`1[[Sitecore.Commerce.Core.Policy, Sitecore.Commerce.Core]], mscorlib","$values":[]}},"Id":"3ed1ef6621c74b43893da8df4f2d570c","Name":"","Comments":"","Policies":{"$type":"System.Collections.Generic.List`1[[Sitecore.Commerce.Core.Policy, Sitecore.Commerce.Core]], mscorlib","$values":[]},"ChildComponents":{"$type":"System.Collections.Generic.List`1[[Sitecore.Commerce.Core.Component, Sitecore.Commerce.Core]], mscorlib","$values":[]}},{"$type":"Sitecore.Commerce.Plugin.ManagedLists.ListMembershipsComponent, Sitecore.Commerce.Plugin.ManagedLists","Memberships":{"$type":"System.Collections.Generic.List`1[[System.String, mscorlib]], mscorlib","$values":["Categories","CatalogItems"]},"Id":"c3dc22b158c649f99a2e000dbbcc8381","Name":"","Comments":"","Policies":{"$type":"System.Collections.Generic.List`1[[Sitecore.Commerce.Core.Policy, Sitecore.Commerce.Core]], mscorlib","$values":[]},"ChildComponents":{"$type":"System.Collections.Generic.List`1[[Sitecore.Commerce.Core.Component, Sitecore.Commerce.Core]], mscorlib","$values":[]}},{"$type":"Sitecore.Commerce.Plugin.Catalog.RelationshipsComponent, Sitecore.Commerce.Plugin.Catalog","Relationships":{"$type":"System.Collections.Generic.List`1[[Sitecore.Commerce.Plugin.Catalog.Models.Relationship, Sitecore.Commerce.Plugin.Catalog]], mscorlib","$values":[]},"Id":"b41bc177d6244ed2856c3b5900f4d2cf","Name":"","Comments":"","Policies":{"$type":"System.Collections.Generic.List`1[[Sitecore.Commerce.Core.Policy, Sitecore.Commerce.Core]], mscorlib","$values":[]},"ChildComponents":{"$type":"System.Collections.Generic.List`1[[Sitecore.Commerce.Core.Component, Sitecore.Commerce.Core]], mscorlib","$values":[]}}]},"DateCreated":"2018-02-27T15:30:59.756269+00:00","DateUpdated":"2018-03-19T14:07:24.042171+00:00","DisplayName":"DefaultRecommendations","FriendlyId":"Habitat_Master-DefaultRecommendations","Id":"Entity-Category-Habitat_Master-DefaultRecommendations","Version":11,"IsPersisted":true,"Name":"DefaultRecommendations","Policies":{"$type":"System.Collections.Generic.List`1[[Sitecore.Commerce.Core.Policy, Sitecore.Commerce.Core]], mscorlib","$values":[]}},{"$type":"Sitecore.Commerce.Plugin.Catalog.Category, Sitecore.Commerce.Plugin.Catalog","Description":"","SitecoreId":"b893c063-6238-ed57-700d-72862c56038d","ParentCatalogList":"59ddadc1-9b88-727e-9e14-3f6cf321ae0f","ChildrenCategoryList":"06f5147b-9e24-fa33-20fb-d4b7d8d21392|a0860c27-2a32-841f-7014-75b163b9471e|e9f2e3a7-0575-0632-b67e-5e65092230c3|994ec8cb-fe90-5071-a631-4458b1e83db3|8174413c-c733-69a0-d61b-6ca583c234d4|c4623f4f-3167-0ef3-0b8d-d1884233ff53|6caac735-ab5e-f522-7e4a-7be69ae08c74|0bde885c-c3aa-7bf3-9cab-d93a2af168ac|57585cf7-7af6-f5e3-eb7e-a57736343091|8e456d84-4251-dba1-4b86-ce103dedcd02|9c13fb93-c115-34ea-e2a1-6d4f315591ed","Components":{"$type":"System.Collections.Generic.List`1[[Sitecore.Commerce.Core.Component, Sitecore.Commerce.Core]], mscorlib","$values":[{"$type":"Sitecore.Commerce.Core.LocalizedEntityComponent, Sitecore.Commerce.Core","Entity":{"$type":"Sitecore.Commerce.Core.EntityReference, Sitecore.Commerce.Core","Name":"","EntityTarget":"Entity-LocalizationEntity-5ff5e45412714509af9e6847d0d3d075","Policies":{"$type":"System.Collections.Generic.List`1[[Sitecore.Commerce.Core.Policy, Sitecore.Commerce.Core]], mscorlib","$values":[]}},"Id":"aa9a7b317c9644a0a65469e0336a5063","Name":"","Comments":"","Policies":{"$type":"System.Collections.Generic.List`1[[Sitecore.Commerce.Core.Policy, Sitecore.Commerce.Core]], mscorlib","$values":[]},"ChildComponents":{"$type":"System.Collections.Generic.List`1[[Sitecore.Commerce.Core.Component, Sitecore.Commerce.Core]], mscorlib","$values":[]}},{"$type":"Sitecore.Commerce.Plugin.ManagedLists.ListMembershipsComponent, Sitecore.Commerce.Plugin.ManagedLists","Memberships":{"$type":"System.Collections.Generic.List`1[[System.String, mscorlib]], mscorlib","$values":["Categories","CatalogItems"]},"Id":"f0411f252faf44698e414a1191b4abce","Name":"","Comments":"","Policies":{"$type":"System.Collections.Generic.List`1[[Sitecore.Commerce.Core.Policy, Sitecore.Commerce.Core]], mscorlib","$values":[]},"ChildComponents":{"$type":"System.Collections.Generic.List`1[[Sitecore.Commerce.Core.Component, Sitecore.Commerce.Core]], mscorlib","$values":[]}},{"$type":"Sitecore.Commerce.Plugin.Catalog.RelationshipsComponent, Sitecore.Commerce.Plugin.Catalog","Relationships":{"$type":"System.Collections.Generic.List`1[[Sitecore.Commerce.Plugin.Catalog.Models.Relationship, Sitecore.Commerce.Plugin.Catalog]], mscorlib","$values":[]},"Id":"67d6791ca241438198391f5fbc830eb5","Name":"","Comments":"","Policies":{"$type":"System.Collections.Generic.List`1[[Sitecore.Commerce.Core.Policy, Sitecore.Commerce.Core]], mscorlib","$values":[]},"ChildComponents":{"$type":"System.Collections.Generic.List`1[[Sitecore.Commerce.Core.Component, Sitecore.Commerce.Core]], mscorlib","$values":[]}}]},"DateCreated":"2018-02-27T15:30:59.6471464+00:00","DateUpdated":"2018-03-19T14:07:17.0348209+00:00","DisplayName":"Departments","FriendlyId":"Habitat_Master-Departments","Id":"Entity-Category-Habitat_Master-Departments","Version":12,"IsPersisted":true,"Name":"Departments","Policies":{"$type":"System.Collections.Generic.List`1[[Sitecore.Commerce.Core.Policy, Sitecore.Commerce.Core]], mscorlib","$values":[]}},{"$type":"Sitecore.Commerce.Plugin.Catalog.Category, Sitecore.Commerce.Plugin.Catalog","Description":"Check out Habitat's Desktop Packages","SitecoreId":"1e660ba0-96b1-fb0f-7b08-d89957cf5920","ParentCatalogList":"59ddadc1-9b88-727e-9e14-3f6cf321ae0f","ParentCategoryList":"994ec8cb-fe90-5071-a631-4458b1e83db3","ChildrenSellableItemList":"92c1a0f3-be99-e61e-6e7b-410348a2761b|13b819b5-f1db-e510-8188-8ae61a910d9e|487dd191-e26f-8edd-366d-373130a4f1e2","Components":{"$type":"System.Collections.Generic.List`1[[Sitecore.Commerce.Core.Component, Sitecore.Commerce.Core]], mscorlib","$values":[{"$type":"Sitecore.Commerce.Core.LocalizedEntityComponent, Sitecore.Commerce.Core","Entity":{"$type":"Sitecore.Commerce.Core.EntityReference, Sitecore.Commerce.Core","Name":"","EntityTarget":"Entity-LocalizationEntity-2490979021e344c49e6b02b4226e770c","Policies":{"$type":"System.Collections.Generic.List`1[[Sitecore.Commerce.Core.Policy, Sitecore.Commerce.Core]], mscorlib","$values":[]}},"Id":"2b67a38e26a34a1e8f644e22929e2387","Name":"","Comments":"","Policies":{"$type":"System.Collections.Generic.List`1[[Sitecore.Commerce.Core.Policy, Sitecore.Commerce.Core]], mscorlib","$values":[]},"ChildComponents":{"$type":"System.Collections.Generic.List`1[[Sitecore.Commerce.Core.Component, Sitecore.Commerce.Core]], mscorlib","$values":[]}},{"$type":"Sitecore.Commerce.Plugin.ManagedLists.ListMembershipsComponent, Sitecore.Commerce.Plugin.ManagedLists","Memberships":{"$type":"System.Collections.Generic.List`1[[System.String, mscorlib]], mscorlib","$values":["Categories","CatalogItems"]},"Id":"e6254a5f5ad94c6ba4ab407f47e22298","Name":"","Comments":"","Policies":{"$type":"System.Collections.Generic.List`1[[Sitecore.Commerce.Core.Policy, Sitecore.Commerce.Core]], mscorlib","$values":[]},"ChildComponents":{"$type":"System.Collections.Generic.List`1[[Sitecore.Commerce.Core.Component, Sitecore.Commerce.Core]], mscorlib","$values":[]}},{"$type":"Sitecore.Commerce.Plugin.Catalog.RelationshipsComponent, Sitecore.Commerce.Plugin.Catalog","Relationships":{"$type":"System.Collections.Generic.List`1[[Sitecore.Commerce.Plugin.Catalog.Models.Relationship, Sitecore.Commerce.Plugin.Catalog]], mscorlib","$values":[]},"Id":"f5b3738007bb429fa69b81e5d049b9b0","Name":"","Comments":"","Policies":{"$type":"System.Collections.Generic.List`1[[Sitecore.Commerce.Core.Policy, Sitecore.Commerce.Core]], mscorlib","$values":[]},"ChildComponents":{"$type":"System.Collections.Generic.List`1[[Sitecore.Commerce.Core.Component, Sitecore.Commerce.Core]], mscorlib","$values":[]}}]},"DateCreated":"2018-02-27T15:31:01.3793098+00:00","DateUpdated":"2018-03-19T14:05:50.1066376+00:00","DisplayName":"Desktop Packages","FriendlyId":"Habitat_Master-Desktop Packages","Id":"Entity-Category-Habitat_Master-Desktop Packages","Version":3,"IsPersisted":true,"Name":"Desktop Packages","Policies":{"$type":"System.Collections.Generic.List`1[[Sitecore.Commerce.Core.Policy, Sitecore.Commerce.Core]], mscorlib","$values":[]}},{"$type":"Sitecore.Commerce.Plugin.Catalog.Category, Sitecore.Commerce.Plugin.Catalog","Description":"Ultra-high performance, expanded storage, and a generous display. You won't accept anything less. Habitat Spark desktop computers deliver, and with an attractive price point that fits your budget. ","SitecoreId":"1a08462b-9089-cdd6-f751-6eb09c13d948","ParentCatalogList":"59ddadc1-9b88-727e-9e14-3f6cf321ae0f","ParentCategoryList":"994ec8cb-fe90-5071-a631-4458b1e83db3","ChildrenSellableItemList":"bf477d0c-e00c-6b02-f5be-62b332675120|bb515d29-4d7f-4699-1aa4-a4be54c69bad|711b562a-351c-f205-ac26-8e6c1bb69463|47d73126-e8ac-b27f-8a6d-225ea549e2f0|91b09876-d90a-4dcf-5ff5-72dbb63fbb54","Components":{"$type":"System.Collections.Generic.List`1[[Sitecore.Commerce.Core.Component, Sitecore.Commerce.Core]], mscorlib","$values":[{"$type":"Sitecore.Commerce.Core.LocalizedEntityComponent, Sitecore.Commerce.Core","Entity":{"$type":"Sitecore.Commerce.Core.EntityReference, Sitecore.Commerce.Core","Name":"","EntityTarget":"Entity-LocalizationEntity-8c988c2d781443bd9231950e31f0b20f","Policies":{"$type":"System.Collections.Generic.List`1[[Sitecore.Commerce.Core.Policy, Sitecore.Commerce.Core]], mscorlib","$values":[]}},"Id":"ba293be887ab4d0aad1f3ca4a95022f3","Name":"","Comments":"","Policies":{"$type":"System.Collections.Generic.List`1[[Sitecore.Commerce.Core.Policy, Sitecore.Commerce.Core]], mscorlib","$values":[]},"ChildComponents":{"$type":"System.Collections.Generic.List`1[[Sitecore.Commerce.Core.Component, Sitecore.Commerce.Core]], mscorlib","$values":[]}},{"$type":"Sitecore.Commerce.Plugin.ManagedLists.ListMembershipsComponent, Sitecore.Commerce.Plugin.ManagedLists","Memberships":{"$type":"System.Collections.Generic.List`1[[System.String, mscorlib]], mscorlib","$values":["Categories","CatalogItems"]},"Id":"f0075adf98124efca961918ce98d9255","Name":"","Comments":"","Policies":{"$type":"System.Collections.Generic.List`1[[Sitecore.Commerce.Core.Policy, Sitecore.Commerce.Core]], mscorlib","$values":[]},"ChildComponents":{"$type":"System.Collections.Generic.List`1[[Sitecore.Commerce.Core.Component, Sitecore.Commerce.Core]], mscorlib","$values":[]}},{"$type":"Sitecore.Commerce.Plugin.Catalog.RelationshipsComponent, Sitecore.Commerce.Plugin.Catalog","Relationships":{"$type":"System.Collections.Generic.List`1[[Sitecore.Commerce.Plugin.Catalog.Models.Relationship, Sitecore.Commerce.Plugin.Catalog]], mscorlib","$values":[]},"Id":"ab12137be01044d7ae416b3b820bd557","Name":"","Comments":"","Policies":{"$type":"System.Collections.Generic.List`1[[Sitecore.Commerce.Core.Policy, Sitecore.Commerce.Core]], mscorlib","$values":[]},"ChildComponents":{"$type":"System.Collections.Generic.List`1[[Sitecore.Commerce.Core.Component, Sitecore.Commerce.Core]], mscorlib","$values":[]}}]},"DateCreated":"2018-02-27T15:31:01.3721801+00:00","DateUpdated":"2018-03-19T14:05:46.1892973+00:00","DisplayName":"Desktops","FriendlyId":"Habitat_Master-Desktops","Id":"Entity-Category-Habitat_Master-Desktops","Version":3,"IsPersisted":true,"Name":"Desktops","Policies":{"$type":"System.Collections.Generic.List`1[[Sitecore.Commerce.Core.Policy, Sitecore.Commerce.Core]], mscorlib","$values":[]}},{"$type":"Sitecore.Commerce.Plugin.Catalog.Category, Sitecore.Commerce.Plugin.Catalog","Description":"Take a look at Habitat's digital scales.","SitecoreId":"9008b511-7815-fda8-5a83-927bbf70cabf","ParentCatalogList":"59ddadc1-9b88-727e-9e14-3f6cf321ae0f","ParentCategoryList":"0bde885c-c3aa-7bf3-9cab-d93a2af168ac","ChildrenSellableItemList":"4390359d-ce17-a05d-0c41-e6dc213db146|0a4138cd-50f9-72ae-529a-af6ca4cab4cf","Components":{"$type":"System.Collections.Generic.List`1[[Sitecore.Commerce.Core.Component, Sitecore.Commerce.Core]], mscorlib","$values":[{"$type":"Sitecore.Commerce.Core.LocalizedEntityComponent, Sitecore.Commerce.Core","Entity":{"$type":"Sitecore.Commerce.Core.EntityReference, Sitecore.Commerce.Core","Name":"","EntityTarget":"Entity-LocalizationEntity-2dbbf3bb7c5e44cfb001764adf92441f","Policies":{"$type":"System.Collections.Generic.List`1[[Sitecore.Commerce.Core.Policy, Sitecore.Commerce.Core]], mscorlib","$values":[]}},"Id":"514a9034e2b046ec9128eb9f346d152c","Name":"","Comments":"","Policies":{"$type":"System.Collections.Generic.List`1[[Sitecore.Commerce.Core.Policy, Sitecore.Commerce.Core]], mscorlib","$values":[]},"ChildComponents":{"$type":"System.Collections.Generic.List`1[[Sitecore.Commerce.Core.Component, Sitecore.Commerce.Core]], mscorlib","$values":[]}},{"$type":"Sitecore.Commerce.Plugin.ManagedLists.ListMembershipsComponent, Sitecore.Commerce.Plugin.ManagedLists","Memberships":{"$type":"System.Collections.Generic.List`1[[System.String, mscorlib]], mscorlib","$values":["Categories","CatalogItems"]},"Id":"0597ff9b26b14ec1bbacae5d93776fe5","Name":"","Comments":"","Policies":{"$type":"System.Collections.Generic.List`1[[Sitecore.Commerce.Core.Policy, Sitecore.Commerce.Core]], mscorlib","$values":[]},"ChildComponents":{"$type":"System.Collections.Generic.List`1[[Sitecore.Commerce.Core.Component, Sitecore.Commerce.Core]], mscorlib","$values":[]}},{"$type":"Sitecore.Commerce.Plugin.Catalog.RelationshipsComponent, Sitecore.Commerce.Plugin.Catalog","Relationships":{"$type":"System.Collections.Generic.List`1[[Sitecore.Commerce.Plugin.Catalog.Models.Relationship, Sitecore.Commerce.Plugin.Catalog]], mscorlib","$values":[]},"Id":"7235c2f9eb61459389c308f60a617bad","Name":"","Comments":"","Policies":{"$type":"System.Collections.Generic.List`1[[Sitecore.Commerce.Core.Policy, Sitecore.Commerce.Core]], mscorlib","$values":[]},"ChildComponents":{"$type":"System.Collections.Generic.List`1[[Sitecore.Commerce.Core.Component, Sitecore.Commerce.Core]], mscorlib","$values":[]}}]},"DateCreated":"2018-02-27T15:31:01.5843581+00:00","DateUpdated":"2018-03-19T14:06:55.4462554+00:00","DisplayName":"Digital Scales","FriendlyId":"Habitat_Master-Digital Scales","Id":"Entity-Category-Habitat_Master-Digital Scales","Version":3,"IsPersisted":true,"Name":"Digital Scales","Policies":{"$type":"System.Collections.Generic.List`1[[Sitecore.Commerce.Core.Policy, Sitecore.Commerce.Core]], mscorlib","$values":[]}},{"$type":"Sitecore.Commerce.Plugin.Catalog.Category, Sitecore.Commerce.Plugin.Catalog","Description":"Check out Habitat's Digital Subscriptions.","SitecoreId":"9f7b4376-1be2-bd1e-a25d-e16643463fe4","ParentCatalogList":"59ddadc1-9b88-727e-9e14-3f6cf321ae0f","ParentCategoryList":"0bde885c-c3aa-7bf3-9cab-d93a2af168ac","ChildrenSellableItemList":"5482fce9-e303-16d9-3e50-403085f849be|b7e272e7-c42a-d9fd-de88-b66a656c9992|1dcc6bf7-d4ea-a1b1-b6f8-18eadb2f1c1e|9ae94605-0ebf-d7f3-5d1a-f9cfc4b11bb7|8f636a5c-0f81-e625-f196-cf9bceadc70a|87683746-e225-e626-d3ca-8ea4f02e22da|11e20ae2-7b2a-a45b-a0cf-52061facee41|5846fa13-244d-8ea3-48c2-9be733eea7fa","Components":{"$type":"System.Collections.Generic.List`1[[Sitecore.Commerce.Core.Component, Sitecore.Commerce.Core]], mscorlib","$values":[{"$type":"Sitecore.Commerce.Core.LocalizedEntityComponent, Sitecore.Commerce.Core","Entity":{"$type":"Sitecore.Commerce.Core.EntityReference, Sitecore.Commerce.Core","Name":"","EntityTarget":"Entity-LocalizationEntity-f3bf5bb208b64793ac92dc9beca5c4dd","Policies":{"$type":"System.Collections.Generic.List`1[[Sitecore.Commerce.Core.Policy, Sitecore.Commerce.Core]], mscorlib","$values":[]}},"Id":"0ec3a868a5094c16bd45d7481c5b3c81","Name":"","Comments":"","Policies":{"$type":"System.Collections.Generic.List`1[[Sitecore.Commerce.Core.Policy, Sitecore.Commerce.Core]], mscorlib","$values":[]},"ChildComponents":{"$type":"System.Collections.Generic.List`1[[Sitecore.Commerce.Core.Component, Sitecore.Commerce.Core]], mscorlib","$values":[]}},{"$type":"Sitecore.Commerce.Plugin.ManagedLists.ListMembershipsComponent, Sitecore.Commerce.Plugin.ManagedLists","Memberships":{"$type":"System.Collections.Generic.List`1[[System.String, mscorlib]], mscorlib","$values":["Categories","CatalogItems"]},"Id":"678609ce6b304ec489229aeed872bc76","Name":"","Comments":"","Policies":{"$type":"System.Collections.Generic.List`1[[Sitecore.Commerce.Core.Policy, Sitecore.Commerce.Core]], mscorlib","$values":[]},"ChildComponents":{"$type":"System.Collections.Generic.List`1[[Sitecore.Commerce.Core.Component, Sitecore.Commerce.Core]], mscorlib","$values":[]}},{"$type":"Sitecore.Commerce.Plugin.Catalog.RelationshipsComponent, Sitecore.Commerce.Plugin.Catalog","Relationships":{"$type":"System.Collections.Generic.List`1[[Sitecore.Commerce.Plugin.Catalog.Models.Relationship, Sitecore.Commerce.Plugin.Catalog]], mscorlib","$values":[]},"Id":"8dafb7c2cb214177b12fa087f85ad7a0","Name":"","Comments":"","Policies":{"$type":"System.Collections.Generic.List`1[[Sitecore.Commerce.Core.Policy, Sitecore.Commerce.Core]], mscorlib","$values":[]},"ChildComponents":{"$type":"System.Collections.Generic.List`1[[Sitecore.Commerce.Core.Component, Sitecore.Commerce.Core]], mscorlib","$values":[]}}]},"DateCreated":"2018-02-27T15:31:01.569323+00:00","DateUpdated":"2018-03-19T14:36:25.4450695+00:00","DisplayName":"Digital Subscriptions","FriendlyId":"Habitat_Master-Digital Subscriptions","Id":"Entity-Category-Habitat_Master-Digital Subscriptions","Version":8,"IsPersisted":true,"Name":"Digital Subscriptions","Policies":{"$type":"System.Collections.Generic.List`1[[Sitecore.Commerce.Core.Policy, Sitecore.Commerce.Core]], mscorlib","$values":[]}},{"$type":"Sitecore.Commerce.Plugin.Catalog.Category, Sitecore.Commerce.Plugin.Catalog","Description":"Take pictures...with a drone!","SitecoreId":"dc456a04-4709-48a5-fdbb-ead9bd1e957b","ParentCatalogList":"59ddadc1-9b88-727e-9e14-3f6cf321ae0f","ParentCategoryList":"e9f2e3a7-0575-0632-b67e-5e65092230c3","ChildrenSellableItemList":"4469d090-320d-9d51-efc3-20de29699e6e|9d100531-dd4e-b4a0-f951-e2f913c21f96|c6b3bffc-fcb0-a2b4-3a36-e3d20709f470|58051c31-a7f6-9001-e1df-eead0c77ba95|83f80412-c352-c14e-cb9f-52a3ad896981|1fa7a8a3-fcc2-cb2b-4181-d636ffa490db|4cbafc57-db7f-2e83-275d-eb834c486636","Components":{"$type":"System.Collections.Generic.List`1[[Sitecore.Commerce.Core.Component, Sitecore.Commerce.Core]], mscorlib","$values":[{"$type":"Sitecore.Commerce.Core.LocalizedEntityComponent, Sitecore.Commerce.Core","Entity":{"$type":"Sitecore.Commerce.Core.EntityReference, Sitecore.Commerce.Core","Name":"","EntityTarget":"Entity-LocalizationEntity-3e3538858e7047af9063178298c6d7fa","Policies":{"$type":"System.Collections.Generic.List`1[[Sitecore.Commerce.Core.Policy, Sitecore.Commerce.Core]], mscorlib","$values":[]}},"Id":"a870bc24149c486388272613accb72e2","Name":"","Comments":"","Policies":{"$type":"System.Collections.Generic.List`1[[Sitecore.Commerce.Core.Policy, Sitecore.Commerce.Core]], mscorlib","$values":[]},"ChildComponents":{"$type":"System.Collections.Generic.List`1[[Sitecore.Commerce.Core.Component, Sitecore.Commerce.Core]], mscorlib","$values":[]}},{"$type":"Sitecore.Commerce.Plugin.ManagedLists.ListMembershipsComponent, Sitecore.Commerce.Plugin.ManagedLists","Memberships":{"$type":"System.Collections.Generic.List`1[[System.String, mscorlib]], mscorlib","$values":["Categories","CatalogItems"]},"Id":"7ff72ab64440457d8164415c44098969","Name":"","Comments":"","Policies":{"$type":"System.Collections.Generic.List`1[[Sitecore.Commerce.Core.Policy, Sitecore.Commerce.Core]], mscorlib","$values":[]},"ChildComponents":{"$type":"System.Collections.Generic.List`1[[Sitecore.Commerce.Core.Component, Sitecore.Commerce.Core]], mscorlib","$values":[]}},{"$type":"Sitecore.Commerce.Plugin.Catalog.RelationshipsComponent, Sitecore.Commerce.Plugin.Catalog","Relationships":{"$type":"System.Collections.Generic.List`1[[Sitecore.Commerce.Plugin.Catalog.Models.Relationship, Sitecore.Commerce.Plugin.Catalog]], mscorlib","$values":[]},"Id":"65fed416ac3840daa54e402c3b17ba8e","Name":"","Comments":"","Policies":{"$type":"System.Collections.Generic.List`1[[Sitecore.Commerce.Core.Policy, Sitecore.Commerce.Core]], mscorlib","$values":[]},"ChildComponents":{"$type":"System.Collections.Generic.List`1[[Sitecore.Commerce.Core.Component, Sitecore.Commerce.Core]], mscorlib","$values":[]}}]},"DateCreated":"2018-02-27T15:31:01.294105+00:00","DateUpdated":"2018-03-19T14:05:21.8485691+00:00","DisplayName":"Drones","FriendlyId":"Habitat_Master-Drones","Id":"Entity-Category-Habitat_Master-Drones","Version":3,"IsPersisted":true,"Name":"Drones","Policies":{"$type":"System.Collections.Generic.List`1[[Sitecore.Commerce.Core.Policy, Sitecore.Commerce.Core]], mscorlib","$values":[]}}]}