{"$type":"System.Collections.Generic.List`1[[Sitecore.Commerce.Plugin.Catalog.Category, Sitecore.Commerce.Plugin.Catalog]], mscorlib","$values":[{"$type":"Sitecore.Commerce.Plugin.Catalog.Category, Sitecore.Commerce.Plugin.Catalog","Description":"Take a look at the 2-in-1's offered by Habitat.","SitecoreId":"d3b75bfd-df0f-723a-d9ea-1fd1209cbc41","ParentCatalogList":"59ddadc1-9b88-727e-9e14-3f6cf321ae0f","ParentCategoryList":"994ec8cb-fe90-5071-a631-4458b1e83db3","ChildrenSellableItemList":"f5cd0a2e-bb1d-f6ab-6c96-925a4d4be610|3624a3b9-67ec-54f9-a2c6-a08b794fb935|251e2d19-1cd9-51d2-d34d-a1ccd5c0baa2|12e1623e-91ab-a77b-141a-48094ce79493|dfa5fce3-41b1-45d5-aa8f-9a9ecd40a113|bf77cc91-9cff-0716-9df8-a933e5a2522c|f141cb94-d0b4-df81-9e1b-97c6f8a5fa36|f62d3f0a-8805-f874-a309-fea9584e0628","Components":{"$type":"System.Collections.Generic.List`1[[Sitecore.Commerce.Core.Component, Sitecore.Commerce.Core]], mscorlib","$values":[{"$type":"Sitecore.Commerce.Core.LocalizedEntityComponent, Sitecore.Commerce.Core","Entity":{"$type":"Sitecore.Commerce.Core.EntityReference, Sitecore.Commerce.Core","Name":"","EntityTarget":"Entity-LocalizationEntity-f44bcc6d2c1d4a0a84e2a4d9f132c9f4","Policies":{"$type":"System.Collections.Generic.List`1[[Sitecore.Commerce.Core.Policy, Sitecore.Commerce.Core]], mscorlib","$values":[]}},"Id":"6c0181d84c7e42cd8c3d01ca58dfe569","Name":"","Comments":"","Policies":{"$type":"System.Collections.Generic.List`1[[Sitecore.Commerce.Core.Policy, Sitecore.Commerce.Core]], mscorlib","$values":[]},"ChildComponents":{"$type":"System.Collections.Generic.List`1[[Sitecore.Commerce.Core.Component, Sitecore.Commerce.Core]], mscorlib","$values":[]}},{"$type":"Sitecore.Commerce.Plugin.ManagedLists.ListMembershipsComponent, Sitecore.Commerce.Plugin.ManagedLists","Memberships":{"$type":"System.Collections.Generic.List`1[[System.String, mscorlib]], mscorlib","$values":["Categories","CatalogItems"]},"Id":"2916717c83014fa38131e74c7bd37055","Name":"","Comments":"","Policies":{"$type":"System.Collections.Generic.List`1[[Sitecore.Commerce.Core.Policy, Sitecore.Commerce.Core]], mscorlib","$values":[]},"ChildComponents":{"$type":"System.Collections.Generic.List`1[[Sitecore.Commerce.Core.Component, Sitecore.Commerce.Core]], mscorlib","$values":[]}},{"$type":"Sitecore.Commerce.Plugin.Catalog.RelationshipsComponent, Sitecore.Commerce.Plugin.Catalog","Relationships":{"$type":"System.Collections.Generic.List`1[[Sitecore.Commerce.Plugin.Catalog.Models.Relationship, Sitecore.Commerce.Plugin.Catalog]], mscorlib","$values":[]},"Id":"6e76d3dd8e7b4209b59ef37ffdba8fe0","Name":"","Comments":"","Policies":{"$type":"System.Collections.Generic.List`1[[Sitecore.Commerce.Core.Policy, Sitecore.Commerce.Core]], mscorlib","$values":[]},"ChildComponents":{"$type":"System.Collections.Generic.List`1[[Sitecore.Commerce.Core.Component, Sitecore.Commerce.Core]], mscorlib","$values":[]}}]},"DateCreated":"2018-02-27T15:31:01.3391214+00:00","DateUpdated":"2018-03-26T19:22:32.0926696+00:00","DisplayName":"2-in-1","FriendlyId":"Habitat_Master-2 in 1","Id":"Entity-Category-Habitat_Master-2 in 1","Version":1,"IsPersisted":true,"Name":"2 in 1","Policies":{"$type":"System.Collections.Generic.List`1[[Sitecore.Commerce.Core.Policy, Sitecore.Commerce.Core]], mscorlib","$values":[]}},{"$type":"Sitecore.Commerce.Plugin.Catalog.Category, Sitecore.Commerce.Plugin.Catalog","Description":"Enter the third dimension, with Habitat's 3D TVs.","SitecoreId":"526cffae-176c-49cf-cf7e-e0c0bd92b6ca","ParentCatalogList":"59ddadc1-9b88-727e-9e14-3f6cf321ae0f","ParentCategoryList":"9c13fb93-c115-34ea-e2a1-6d4f315591ed","ChildrenSellableItemList":"13275468-9d8e-baba-b5a1-f96eee2c919a|7ef326c5-4fb7-a86f-1f9e-0b0a615ec55f|9df84cdc-adfa-f5c8-849c-0fcc47163b1c|1ad6d690-cd63-e551-fe72-59988ee06607","Components":{"$type":"System.Collections.Generic.List`1[[Sitecore.Commerce.Core.Component, Sitecore.Commerce.Core]], mscorlib","$values":[{"$type":"Sitecore.Commerce.Core.LocalizedEntityComponent, Sitecore.Commerce.Core","Entity":{"$type":"Sitecore.Commerce.Core.EntityReference, Sitecore.Commerce.Core","Name":"","EntityTarget":"Entity-LocalizationEntity-726983cd502b4e80a81f417046b61242","Policies":{"$type":"System.Collections.Generic.List`1[[Sitecore.Commerce.Core.Policy, Sitecore.Commerce.Core]], mscorlib","$values":[]}},"Id":"7a5df5d4c6234209a25bfbb90e60bba3","Name":"","Comments":"","Policies":{"$type":"System.Collections.Generic.List`1[[Sitecore.Commerce.Core.Policy, Sitecore.Commerce.Core]], mscorlib","$values":[]},"ChildComponents":{"$type":"System.Collections.Generic.List`1[[Sitecore.Commerce.Core.Component, Sitecore.Commerce.Core]], mscorlib","$values":[]}},{"$type":"Sitecore.Commerce.Plugin.ManagedLists.ListMembershipsComponent, Sitecore.Commerce.Plugin.ManagedLists","Memberships":{"$type":"System.Collections.Generic.List`1[[System.String, mscorlib]], mscorlib","$values":["Categories","CatalogItems"]},"Id":"bdb16a25c6bb47d094eac3b2556577dc","Name":"","Comments":"","Policies":{"$type":"System.Collections.Generic.List`1[[Sitecore.Commerce.Core.Policy, Sitecore.Commerce.Core]], mscorlib","$values":[]},"ChildComponents":{"$type":"System.Collections.Generic.List`1[[Sitecore.Commerce.Core.Component, Sitecore.Commerce.Core]], mscorlib","$values":[]}},{"$type":"Sitecore.Commerce.Plugin.Catalog.RelationshipsComponent, Sitecore.Commerce.Plugin.Catalog","Relationships":{"$type":"System.Collections.Generic.List`1[[Sitecore.Commerce.Plugin.Catalog.Models.Relationship, Sitecore.Commerce.Plugin.Catalog]], mscorlib","$values":[]},"Id":"3df14db7460746609d27b90767d2e3e5","Name":"","Comments":"","Policies":{"$type":"System.Collections.Generic.List`1[[Sitecore.Commerce.Core.Policy, Sitecore.Commerce.Core]], mscorlib","$values":[]},"ChildComponents":{"$type":"System.Collections.Generic.List`1[[Sitecore.Commerce.Core.Component, Sitecore.Commerce.Core]], mscorlib","$values":[]}}]},"DateCreated":"2018-02-27T15:31:01.7533432+00:00","DateUpdated":"2018-03-26T19:22:32.09417+00:00","DisplayName":"3D TVs","FriendlyId":"Habitat_Master-3D TVs","Id":"Entity-Category-Habitat_Master-3D TVs","Version":1,"IsPersisted":true,"Name":"3D TVs","Policies":{"$type":"System.Collections.Generic.List`1[[Sitecore.Commerce.Core.Policy, Sitecore.Commerce.Core]], mscorlib","$values":[]}},{"$type":"Sitecore.Commerce.Plugin.Catalog.Category, Sitecore.Commerce.Plugin.Catalog","Description":"High definition clarity for the best view","SitecoreId":"3a3977f3-ba7d-85c1-e4d8-1223768be4fa","ParentCatalogList":"59ddadc1-9b88-727e-9e14-3f6cf321ae0f","ParentCategoryList":"9c13fb93-c115-34ea-e2a1-6d4f315591ed","ChildrenSellableItemList":"d7fb762b-1eb5-c9d1-58b4-d8f04e7f67ad|376d89db-dcc6-b39e-3ade-09cf67588e35|c16a549c-7515-4a61-57ab-610412e710ad|c3a1b01e-9706-593e-b835-3f5e7d851bfd|808fccec-5127-922f-e3ba-df5fb0a4f566","Components":{"$type":"System.Collections.Generic.List`1[[Sitecore.Commerce.Core.Component, Sitecore.Commerce.Core]], mscorlib","$values":[{"$type":"Sitecore.Commerce.Core.LocalizedEntityComponent, Sitecore.Commerce.Core","Entity":{"$type":"Sitecore.Commerce.Core.EntityReference, Sitecore.Commerce.Core","Name":"","EntityTarget":"Entity-LocalizationEntity-c4c0a7f35f1640e79b5dee51dbde3f36","Policies":{"$type":"System.Collections.Generic.List`1[[Sitecore.Commerce.Core.Policy, Sitecore.Commerce.Core]], mscorlib","$values":[]}},"Id":"778eae7b29b44ab49c53a8ac4faa2cd6","Name":"","Comments":"","Policies":{"$type":"System.Collections.Generic.List`1[[Sitecore.Commerce.Core.Policy, Sitecore.Commerce.Core]], mscorlib","$values":[]},"ChildComponents":{"$type":"System.Collections.Generic.List`1[[Sitecore.Commerce.Core.Component, Sitecore.Commerce.Core]], mscorlib","$values":[]}},{"$type":"Sitecore.Commerce.Plugin.ManagedLists.ListMembershipsComponent, Sitecore.Commerce.Plugin.ManagedLists","Memberships":{"$type":"System.Collections.Generic.List`1[[System.String, mscorlib]], mscorlib","$values":["Categories","CatalogItems"]},"Id":"f11ca799693f4d11b8e6b1c284d8c92b","Name":"","Comments":"","Policies":{"$type":"System.Collections.Generic.List`1[[Sitecore.Commerce.Core.Policy, Sitecore.Commerce.Core]], mscorlib","$values":[]},"ChildComponents":{"$type":"System.Collections.Generic.List`1[[Sitecore.Commerce.Core.Component, Sitecore.Commerce.Core]], mscorlib","$values":[]}},{"$type":"Sitecore.Commerce.Plugin.Catalog.RelationshipsComponent, Sitecore.Commerce.Plugin.Catalog","Relationships":{"$type":"System.Collections.Generic.List`1[[Sitecore.Commerce.Plugin.Catalog.Models.Relationship, Sitecore.Commerce.Plugin.Catalog]], mscorlib","$values":[]},"Id":"1d76001f59504505898f5214c98c5609","Name":"","Comments":"","Policies":{"$type":"System.Collections.Generic.List`1[[Sitecore.Commerce.Core.Policy, Sitecore.Commerce.Core]], mscorlib","$values":[]},"ChildComponents":{"$type":"System.Collections.Generic.List`1[[Sitecore.Commerce.Core.Component, Sitecore.Commerce.Core]], mscorlib","$values":[]}}]},"DateCreated":"2018-02-27T15:31:01.6943384+00:00","DateUpdated":"2018-03-26T19:22:32.0951715+00:00","DisplayName":"4K","FriendlyId":"Habitat_Master-4K","Id":"Entity-Category-Habitat_Master-4K","Version":1,"IsPersisted":true,"Name":"4K","Policies":{"$type":"System.Collections.Generic.List`1[[Sitecore.Commerce.Core.Policy, Sitecore.Commerce.Core]], mscorlib","$values":[]}},{"$type":"Sitecore.Commerce.Plugin.Catalog.Category, Sitecore.Commerce.Plugin.Catalog","Description":"The darkest black and the brightest white with high dynamic range.","SitecoreId":"7d092f69-5d0c-b75f-fd8e-2fcd1858c42d","ParentCatalogList":"59ddadc1-9b88-727e-9e14-3f6cf321ae0f","ParentCategoryList":"9c13fb93-c115-34ea-e2a1-6d4f315591ed","ChildrenSellableItemList":"70a543fb-4ffa-1b88-d8c2-5eab29ac4ed0|f6f73897-6201-2fa5-8b6e-0c39342e2cf0|8ed4a1f2-2ccc-8acb-2ec9-49196961ec7f|4ed0e463-0f7d-c8ed-444c-397239355248|8743662c-e372-f0e1-6c45-f2fde908d4d3|6c036e94-d216-a3bc-c490-7e2e731cc2b8","Components":{"$type":"System.Collections.Generic.List`1[[Sitecore.Commerce.Core.Component, Sitecore.Commerce.Core]], mscorlib","$values":[{"$type":"Sitecore.Commerce.Core.LocalizedEntityComponent, Sitecore.Commerce.Core","Entity":{"$type":"Sitecore.Commerce.Core.EntityReference, Sitecore.Commerce.Core","Name":"","EntityTarget":"Entity-LocalizationEntity-57241341e27c499584f41d1800540c36","Policies":{"$type":"System.Collections.Generic.List`1[[Sitecore.Commerce.Core.Policy, Sitecore.Commerce.Core]], mscorlib","$values":[]}},"Id":"3d39571e716c4e0bbf96a23938487a91","Name":"","Comments":"","Policies":{"$type":"System.Collections.Generic.List`1[[Sitecore.Commerce.Core.Policy, Sitecore.Commerce.Core]], mscorlib","$values":[]},"ChildComponents":{"$type":"System.Collections.Generic.List`1[[Sitecore.Commerce.Core.Component, Sitecore.Commerce.Core]], mscorlib","$values":[]}},{"$type":"Sitecore.Commerce.Plugin.ManagedLists.ListMembershipsComponent, Sitecore.Commerce.Plugin.ManagedLists","Memberships":{"$type":"System.Collections.Generic.List`1[[System.String, mscorlib]], mscorlib","$values":["Categories","CatalogItems"]},"Id":"06b0753a0ccb4c37b6e528ceda9ae8ef","Name":"","Comments":"","Policies":{"$type":"System.Collections.Generic.List`1[[Sitecore.Commerce.Core.Policy, Sitecore.Commerce.Core]], mscorlib","$values":[]},"ChildComponents":{"$type":"System.Collections.Generic.List`1[[Sitecore.Commerce.Core.Component, Sitecore.Commerce.Core]], mscorlib","$values":[]}},{"$type":"Sitecore.Commerce.Plugin.Catalog.RelationshipsComponent, Sitecore.Commerce.Plugin.Catalog","Relationships":{"$type":"System.Collections.Generic.List`1[[Sitecore.Commerce.Plugin.Catalog.Models.Relationship, Sitecore.Commerce.Plugin.Catalog]], mscorlib","$values":[]},"Id":"b875a701f6a04688837a0c60cd7e922d","Name":"","Comments":"","Policies":{"$type":"System.Collections.Generic.List`1[[Sitecore.Commerce.Core.Policy, Sitecore.Commerce.Core]], mscorlib","$values":[]},"ChildComponents":{"$type":"System.Collections.Generic.List`1[[Sitecore.Commerce.Core.Component, Sitecore.Commerce.Core]], mscorlib","$values":[]}}]},"DateCreated":"2018-02-27T15:31:01.7057122+00:00","DateUpdated":"2018-03-26T19:22:32.09417+00:00","DisplayName":"4K with HDR","FriendlyId":"Habitat_Master-4K with HDR","Id":"Entity-Category-Habitat_Master-4K with HDR","Version":1,"IsPersisted":true,"Name":"4K with HDR","Policies":{"$type":"System.Collections.Generic.List`1[[Sitecore.Commerce.Core.Policy, Sitecore.Commerce.Core]], mscorlib","$values":[]}},{"$type":"Sitecore.Commerce.Plugin.Catalog.Category, Sitecore.Commerce.Plugin.Catalog","Description":"Who says you can't have the best of both worlds. Habitat Spark all-in-ones offer the power, speed, and stunning clarity of a desktop with a slim profile that fits any office.","SitecoreId":"64f0b62e-2b0b-c80f-97e5-626db9d3c6df","ParentCatalogList":"59ddadc1-9b88-727e-9e14-3f6cf321ae0f","ParentCategoryList":"994ec8cb-fe90-5071-a631-4458b1e83db3","ChildrenSellableItemList":"2b10f4c0-6909-aaa5-65ff-b5f65f40d0be|9ddd5b33-18fa-c6ca-3ca0-94c1c218690d|1e548ea1-5aca-896d-b8cb-77f084cf1f36|4833eb6b-a08e-4b16-8a74-c9385cd9258e|21ff5396-9669-7e1a-5653-8f452f1456d1|0579924a-66bf-0787-caf1-0f0f07ff17dd|d80e8919-c7d5-46da-7953-c304de042e62|55a80fc4-9dfe-c60a-42a0-631d875c502e","Components":{"$type":"System.Collections.Generic.List`1[[Sitecore.Commerce.Core.Component, Sitecore.Commerce.Core]], mscorlib","$values":[{"$type":"Sitecore.Commerce.Core.LocalizedEntityComponent, Sitecore.Commerce.Core","Entity":{"$type":"Sitecore.Commerce.Core.EntityReference, Sitecore.Commerce.Core","Name":"","EntityTarget":"Entity-LocalizationEntity-3d2181fa21d949649bc90df895a2ad85","Policies":{"$type":"System.Collections.Generic.List`1[[Sitecore.Commerce.Core.Policy, Sitecore.Commerce.Core]], mscorlib","$values":[]}},"Id":"01adcf44b7254d579c2408364f52c9a2","Name":"","Comments":"","Policies":{"$type":"System.Collections.Generic.List`1[[Sitecore.Commerce.Core.Policy, Sitecore.Commerce.Core]], mscorlib","$values":[]},"ChildComponents":{"$type":"System.Collections.Generic.List`1[[Sitecore.Commerce.Core.Component, Sitecore.Commerce.Core]], mscorlib","$values":[]}},{"$type":"Sitecore.Commerce.Plugin.ManagedLists.ListMembershipsComponent, Sitecore.Commerce.Plugin.ManagedLists","Memberships":{"$type":"System.Collections.Generic.List`1[[System.String, mscorlib]], mscorlib","$values":["Categories","CatalogItems"]},"Id":"768304c0a51543978454f2bba0a3aeab","Name":"","Comments":"","Policies":{"$type":"System.Collections.Generic.List`1[[Sitecore.Commerce.Core.Policy, Sitecore.Commerce.Core]], mscorlib","$values":[]},"ChildComponents":{"$type":"System.Collections.Generic.List`1[[Sitecore.Commerce.Core.Component, Sitecore.Commerce.Core]], mscorlib","$values":[]}},{"$type":"Sitecore.Commerce.Plugin.Catalog.RelationshipsComponent, Sitecore.Commerce.Plugin.Catalog","Relationships":{"$type":"System.Collections.Generic.List`1[[Sitecore.Commerce.Plugin.Catalog.Models.Relationship, Sitecore.Commerce.Plugin.Catalog]], mscorlib","$values":[]},"Id":"4462865d6dd047ae9a1656e05b3c6ec5","Name":"","Comments":"","Policies":{"$type":"System.Collections.Generic.List`1[[Sitecore.Commerce.Core.Policy, Sitecore.Commerce.Core]], mscorlib","$values":[]},"ChildComponents":{"$type":"System.Collections.Generic.List`1[[Sitecore.Commerce.Core.Component, Sitecore.Commerce.Core]], mscorlib","$values":[]}}]},"DateCreated":"2018-02-27T15:31:01.3742981+00:00","DateUpdated":"2018-03-26T19:22:32.09417+00:00","DisplayName":"All-In-One","FriendlyId":"Habitat_Master-All In One","Id":"Entity-Category-Habitat_Master-All In One","Version":1,"IsPersisted":true,"Name":"All In One","Policies":{"$type":"System.Collections.Generic.List`1[[Sitecore.Commerce.Core.Policy, Sitecore.Commerce.Core]], mscorlib","$values":[]}},{"$type":"Sitecore.Commerce.Plugin.Catalog.Category, Sitecore.Commerce.Plugin.Catalog","Description":"Habitat Aura receivers easily accommodate surround-sound speakers, a game console, and anything else you throw at them. Sleek design and easy setup make them a home theater win.","SitecoreId":"fd8e2114-9ab2-bc7f-4dbc-f061b90bcdb1","ParentCatalogList":"59ddadc1-9b88-727e-9e14-3f6cf321ae0f","ParentCategoryList":"a0860c27-2a32-841f-7014-75b163b9471e","ChildrenSellableItemList":"6b52bc41-1c1e-c970-4056-68c3d513193b|a88c59d2-1c73-49bb-52a4-c0c9b1ba9b13|2aa94d83-d8fd-89e5-a4c2-c61fdf3c7b0f|19316161-0914-158e-aaf8-54d818aaf22e|dbb483aa-6135-6a4a-21f1-cc764cc58836","Components":{"$type":"System.Collections.Generic.List`1[[Sitecore.Commerce.Core.Component, Sitecore.Commerce.Core]], mscorlib","$values":[{"$type":"Sitecore.Commerce.Core.LocalizedEntityComponent, Sitecore.Commerce.Core","Entity":{"$type":"Sitecore.Commerce.Core.EntityReference, Sitecore.Commerce.Core","Name":"","EntityTarget":"Entity-LocalizationEntity-33e6aa70366246e1a5a2c71e6ddf1586","Policies":{"$type":"System.Collections.Generic.List`1[[Sitecore.Commerce.Core.Policy, Sitecore.Commerce.Core]], mscorlib","$values":[]}},"Id":"e2e529c952db4cc7be2a9b2d6003d37f","Name":"","Comments":"","Policies":{"$type":"System.Collections.Generic.List`1[[Sitecore.Commerce.Core.Policy, Sitecore.Commerce.Core]], mscorlib","$values":[]},"ChildComponents":{"$type":"System.Collections.Generic.List`1[[Sitecore.Commerce.Core.Component, Sitecore.Commerce.Core]], mscorlib","$values":[]}},{"$type":"Sitecore.Commerce.Plugin.ManagedLists.ListMembershipsComponent, Sitecore.Commerce.Plugin.ManagedLists","Memberships":{"$type":"System.Collections.Generic.List`1[[System.String, mscorlib]], mscorlib","$values":["Categories","CatalogItems"]},"Id":"f220cefec88f411194bc9a3d6064eb08","Name":"","Comments":"","Policies":{"$type":"System.Collections.Generic.List`1[[Sitecore.Commerce.Core.Policy, Sitecore.Commerce.Core]], mscorlib","$values":[]},"ChildComponents":{"$type":"System.Collections.Generic.List`1[[Sitecore.Commerce.Core.Component, Sitecore.Commerce.Core]], mscorlib","$values":[]}},{"$type":"Sitecore.Commerce.Plugin.Catalog.RelationshipsComponent, Sitecore.Commerce.Plugin.Catalog","Relationships":{"$type":"System.Collections.Generic.List`1[[Sitecore.Commerce.Plugin.Catalog.Models.Relationship, Sitecore.Commerce.Plugin.Catalog]], mscorlib","$values":[]},"Id":"810f33b8fa0342aa982dc6465aa9fa97","Name":"","Comments":"","Policies":{"$type":"System.Collections.Generic.List`1[[Sitecore.Commerce.Core.Policy, Sitecore.Commerce.Core]], mscorlib","$values":[]},"ChildComponents":{"$type":"System.Collections.Generic.List`1[[Sitecore.Commerce.Core.Component, Sitecore.Commerce.Core]], mscorlib","$values":[]}}]},"DateCreated":"2018-02-27T15:31:01.2575036+00:00","DateUpdated":"2018-03-26T19:22:32.09417+00:00","DisplayName":"Amplifiers","FriendlyId":"Habitat_Master-Amplifiers","Id":"Entity-Category-Habitat_Master-Amplifiers","Version":1,"IsPersisted":true,"Name":"Amplifiers","Policies":{"$type":"System.Collections.Generic.List`1[[Sitecore.Commerce.Core.Policy, Sitecore.Commerce.Core]], mscorlib","$values":[]}},{"$type":"Sitecore.Commerce.Plugin.Catalog.Category, Sitecore.Commerce.Plugin.Catalog","Description":"Make your home stand out with Habitat Sentinel lighting products. Control outdoor lights even when you're not home with a Smart Plug. Indoors, WiFi-enabled dimmer switches enhance energy efficiency.","SitecoreId":"3c7b1bd6-d364-e069-9f9b-1cc01d1d7b6c","ParentCatalogList":"59ddadc1-9b88-727e-9e14-3f6cf321ae0f","ParentCategoryList":"8174413c-c733-69a0-d61b-6ca583c234d4","ChildrenSellableItemList":"2a09a7eb-9d58-71e8-37fe-fcc5a36d1bcd|e524a3f9-294b-cd65-5e22-e6baa3d61a23|16b19964-1a8a-a8a9-7df7-64c6bdaaa579","Components":{"$type":"System.Collections.Generic.List`1[[Sitecore.Commerce.Core.Component, Sitecore.Commerce.Core]], mscorlib","$values":[{"$type":"Sitecore.Commerce.Core.LocalizedEntityComponent, Sitecore.Commerce.Core","Entity":{"$type":"Sitecore.Commerce.Core.EntityReference, Sitecore.Commerce.Core","Name":"","EntityTarget":"Entity-LocalizationEntity-460d5667dfcb486bbe40ed92bdf734f7","Policies":{"$type":"System.Collections.Generic.List`1[[Sitecore.Commerce.Core.Policy, Sitecore.Commerce.Core]], mscorlib","$values":[]}},"Id":"5213566380ba4794a3f81ddb3efdfba4","Name":"","Comments":"","Policies":{"$type":"System.Collections.Generic.List`1[[Sitecore.Commerce.Core.Policy, Sitecore.Commerce.Core]], mscorlib","$values":[]},"ChildComponents":{"$type":"System.Collections.Generic.List`1[[Sitecore.Commerce.Core.Component, Sitecore.Commerce.Core]], mscorlib","$values":[]}},{"$type":"Sitecore.Commerce.Plugin.ManagedLists.ListMembershipsComponent, Sitecore.Commerce.Plugin.ManagedLists","Memberships":{"$type":"System.Collections.Generic.List`1[[System.String, mscorlib]], mscorlib","$values":["Categories","CatalogItems"]},"Id":"cd898f65d8cd4b2bb2f8981da372c8bb","Name":"","Comments":"","Policies":{"$type":"System.Collections.Generic.List`1[[Sitecore.Commerce.Core.Policy, Sitecore.Commerce.Core]], mscorlib","$values":[]},"ChildComponents":{"$type":"System.Collections.Generic.List`1[[Sitecore.Commerce.Core.Component, Sitecore.Commerce.Core]], mscorlib","$values":[]}},{"$type":"Sitecore.Commerce.Plugin.Catalog.RelationshipsComponent, Sitecore.Commerce.Plugin.Catalog","Relationships":{"$type":"System.Collections.Generic.List`1[[Sitecore.Commerce.Plugin.Catalog.Models.Relationship, Sitecore.Commerce.Plugin.Catalog]], mscorlib","$values":[]},"Id":"7b4a9e0f466f4c5eb1001383d47334bb","Name":"","Comments":"","Policies":{"$type":"System.Collections.Generic.List`1[[Sitecore.Commerce.Core.Policy, Sitecore.Commerce.Core]], mscorlib","$values":[]},"ChildComponents":{"$type":"System.Collections.Generic.List`1[[Sitecore.Commerce.Core.Component, Sitecore.Commerce.Core]], mscorlib","$values":[]}}]},"DateCreated":"2018-02-27T15:31:01.3891126+00:00","DateUpdated":"2018-03-26T19:22:32.09417+00:00","DisplayName":"Appliance and Outlet Control","FriendlyId":"Habitat_Master-Appliance and Outlet Control","Id":"Entity-Category-Habitat_Master-Appliance and Outlet Control","Version":1,"IsPersisted":true,"Name":"Appliance and Outlet Control","Policies":{"$type":"System.Collections.Generic.List`1[[Sitecore.Commerce.Core.Policy, Sitecore.Commerce.Core]], mscorlib","$values":[]}},{"$type":"Sitecore.Commerce.Plugin.Catalog.Category, Sitecore.Commerce.Plugin.Catalog","Description":"Browse the Habitat range of high quality appliances","SitecoreId":"06f5147b-9e24-fa33-20fb-d4b7d8d21392","ParentCatalogList":"59ddadc1-9b88-727e-9e14-3f6cf321ae0f","ParentCategoryList":"b893c063-6238-ed57-700d-72862c56038d","ChildrenCategoryList":"440c1cd5-20c1-e0d1-3319-9766112ed9ca|ae2351db-a247-e039-dbbf-5c6e7d2b032f|a7e7736a-b442-8ed5-f5d2-f4a0d588e65a|1304d651-cf23-6c72-fa89-8941a3c9fff4|4891a307-9383-1576-0fab-5d5fbabc2c5d|a736352a-f944-ee4d-37c7-1c18d995bb4f|59704f14-85ae-65fb-d605-ab312736759d|324a7088-1adf-3390-23e5-463c6d80b047","ChildrenSellableItemList":"7e76956b-d676-e497-bd4b-46f6a45aa2fd|841c9236-d8b1-aab4-4b9a-2ab8cfb2296f|a7932324-be99-90e7-b361-bb6b24361019|11ae7506-8eaf-bdd1-d0fe-b443e47aeb5e|a72e4408-2a14-a2fe-7bc7-874b01ac18d4|93c1e8d7-d8c9-ec5e-e85f-6ab2252af408|67725076-be9d-f4e9-fd2b-f97abcedfe3c|0dde8b45-89bc-e64c-e9c9-98b16241e8bb|4d10654f-84de-a229-7282-f5e2303b8d4d|559f88b0-4485-8006-b379-70192de9bc6d|2e3e504c-4e36-b97c-17ba-9b5c1163c6de|30b57e36-f00a-1778-b660-2064534eb134|7befad52-cd8a-1845-8f1c-0f4ef35974f7|12e798cf-4629-1ee7-09c2-4d9c17cc9b62|96c14150-1855-a79a-7a78-106e4dd660b5|3d9297ea-d528-f260-0b14-e62c6064c641|3af5578f-047a-6565-74ee-978afbb14aea|610f13ca-93c9-82f0-b822-031456c74bbf|798e5707-7af3-b304-6030-eed2e70af8ae|130ac1e7-9918-1f7b-6ee1-1b864be4afc1|c11249e8-3b24-a163-8d51-8315947fe69f|3fc451f7-b458-7450-9c84-82018a298d22|686e1d75-8c5f-51d8-3a82-a47eeacca59a|46984f03-599c-f7c5-0269-9440478cc5f5|0dca3c63-26d9-f013-7b03-685474cd47c0|bc444f1e-8ea9-30d4-07bd-57e12ead1715|a8c94051-2e7e-5e04-7f88-6c71202caf0f|f02e86fe-964b-ebe6-e7bf-6e42a3602b63|7ce8fe1c-d9b7-e21e-22ea-3029126dfc77|708e3b78-114b-ef4a-90fb-fb0fd20c73c1|5b591e4c-94eb-caf0-1da1-ccabe96765e9|445b8bc9-68ff-f96f-788b-99f9da4613e1|b5c4ff0b-84a2-117f-4653-53af97c16e42|2c990409-02c9-bf64-b156-c2592bffc3b6|d1e7e48c-4cd1-39ac-031e-0c5443d6acb9|3a3ec3e8-6d1f-b81c-d11d-57d5d322e727|d19c7297-1d9c-5592-f06c-4c5b6f99b8fe|911026a1-2d8e-eefa-86c2-a10e355a0ab9|fc549e48-c1ca-52a8-213c-898c663c9f34|2ca29c9e-e134-ef9f-39ce-23850d49d60b|2fe5c0c4-15b0-df8b-7575-a09c2a56e1ff|3d5355bc-beba-602f-e335-d50e41acf804|0fe6443e-2f9e-3015-98c0-05eb375dafb0|051ff17a-1fa6-f48b-10bb-30bdf9b0efe1|818a1745-8df7-699f-a0e6-459aa7127eb3|66e41e0d-046b-3c99-78be-596adc17a815|552e13b2-1267-f97a-d004-e6a40c0da4e4|ab28583f-5961-3ff8-91b2-0fde679fdd34|00451eef-f7af-7561-7e32-673f1183d0fb|5f3a96ea-8bcf-8530-4c36-42b3a98d5961|7ef15681-fb4c-f5e0-1206-88f154391fb0|086367ff-6829-b481-aedd-a3ee23215bfd|332ea0c2-499e-d55f-021f-e7afb8f9c7f5|adc11a75-e85f-58ac-ce86-6b4195c69f7c|bb7c992b-90b7-8a57-c4c6-d3864bd9f8d9|1e483b51-83fe-5029-e873-087b7f92318e|2afb9c97-1440-a0f3-1fea-ba7b560ed3ef|e1612bf9-d7fe-ccb5-8dfd-57c8ca4f0b8c|8f82cb41-4e5a-3a82-c4f1-a5f6bfd0ad8e|4bc2f153-e14d-cccf-08b1-500c11a078c3|a4c6d5be-1e18-149c-126e-43c06b564e1e|3f100b8d-29bb-dd6c-7123-11564ba3ba72|6ed5545d-f852-efbe-213a-8c3d4439e0aa|3f8a95a7-9175-1a5a-4287-05c3876f3ee8|ee973338-22a4-f9ba-1c14-ec4591e924ff|db9dfcdd-aa5c-ba2e-4c17-e2676839d08b|5943bdda-e981-726d-a6eb-26c14c3aea29|e2028f69-fbe7-6dfb-3dbb-22d730eef226|f1664eea-0631-67c4-51be-10316351b582|4ba65c38-1289-5cee-94ac-8edaffed47d5|a508cc9e-7007-3078-a926-3f989f66a843|4c853fcb-3800-7d91-a711-23a005f6adbe|f041a9a0-f2b2-e6fa-f1a1-cdba2b9dd0b5|d91b2f80-89b4-4d5f-8f18-b75effb9b556|29e68cdc-af56-612f-e047-6fd0dd11068c|99cac8ae-c4eb-5752-741d-47ae781f5bb1|dfe3179d-2fa6-b06b-6098-4ae8dcd8496f|8c491f02-c150-970d-ff95-90a269559510|acffbace-ea71-c245-6d96-c32a77b429a4|f104d74b-54a5-569e-d230-b1dd4828ee02|e415ad1a-33ba-a02d-53e6-77eba0ade3e6|80c76155-9769-6b6c-6573-5e39c2be3727","Components":{"$type":"System.Collections.Generic.List`1[[Sitecore.Commerce.Core.Component, Sitecore.Commerce.Core]], mscorlib","$values":[{"$type":"Sitecore.Commerce.Core.LocalizedEntityComponent, Sitecore.Commerce.Core","Entity":{"$type":"Sitecore.Commerce.Core.EntityReference, Sitecore.Commerce.Core","Name":"","EntityTarget":"Entity-LocalizationEntity-15a5ded3802d4920ad2e58354da3bb06","Policies":{"$type":"System.Collections.Generic.List`1[[Sitecore.Commerce.Core.Policy, Sitecore.Commerce.Core]], mscorlib","$values":[]}},"Id":"cdf7449dbdaf40b7a06e3ad7ad48632e","Name":"","Comments":"","Policies":{"$type":"System.Collections.Generic.List`1[[Sitecore.Commerce.Core.Policy, Sitecore.Commerce.Core]], mscorlib","$values":[]},"ChildComponents":{"$type":"System.Collections.Generic.List`1[[Sitecore.Commerce.Core.Component, Sitecore.Commerce.Core]], mscorlib","$values":[]}},{"$type":"Sitecore.Commerce.Plugin.ManagedLists.ListMembershipsComponent, Sitecore.Commerce.Plugin.ManagedLists","Memberships":{"$type":"System.Collections.Generic.List`1[[System.String, mscorlib]], mscorlib","$values":["Categories","CatalogItems"]},"Id":"52074d021d9947a590f584de11f45f03","Name":"","Comments":"","Policies":{"$type":"System.Collections.Generic.List`1[[Sitecore.Commerce.Core.Policy, Sitecore.Commerce.Core]], mscorlib","$values":[]},"ChildComponents":{"$type":"System.Collections.Generic.List`1[[Sitecore.Commerce.Core.Component, Sitecore.Commerce.Core]], mscorlib","$values":[]}},{"$type":"Sitecore.Commerce.Plugin.Catalog.RelationshipsComponent, Sitecore.Commerce.Plugin.Catalog","Relationships":{"$type":"System.Collections.Generic.List`1[[Sitecore.Commerce.Plugin.Catalog.Models.Relationship, Sitecore.Commerce.Plugin.Catalog]], mscorlib","$values":[]},"Id":"53696d942bed403680bd26dd02f9d38c","Name":"","Comments":"","Policies":{"$type":"System.Collections.Generic.List`1[[Sitecore.Commerce.Core.Policy, Sitecore.Commerce.Core]], mscorlib","$values":[]},"ChildComponents":{"$type":"System.Collections.Generic.List`1[[Sitecore.Commerce.Core.Component, Sitecore.Commerce.Core]], mscorlib","$values":[]}}]},"DateCreated":"2018-02-27T15:30:59.756269+00:00","DateUpdated":"2018-03-26T19:22:32.0951715+00:00","DisplayName":"Appliances","FriendlyId":"Habitat_Master-Appliances","Id":"Entity-Category-Habitat_Master-Appliances","Version":1,"IsPersisted":true,"Name":"Appliances","Policies":{"$type":"System.Collections.Generic.List`1[[Sitecore.Commerce.Core.Policy, Sitecore.Commerce.Core]], mscorlib","$values":[]}},{"$type":"Sitecore.Commerce.Plugin.Catalog.Category, Sitecore.Commerce.Plugin.Catalog","Description":"","SitecoreId":"c1114488-2d5f-39c7-5e16-42f64d5f2d4a","ParentCatalogList":"59ddadc1-9b88-727e-9e14-3f6cf321ae0f","ChildrenCategoryList":"e5e9207c-58cd-0735-2a79-b5d2b199ea7a|f84e5567-a37a-36b3-d2df-edb8730eb259|b2151428-5c58-c626-07de-03d7f6f25581|4b08fdb5-726c-fec7-c413-353b36e61f36","Components":{"$type":"System.Collections.Generic.List`1[[Sitecore.Commerce.Core.Component, Sitecore.Commerce.Core]], mscorlib","$values":[{"$type":"Sitecore.Commerce.Core.LocalizedEntityComponent, Sitecore.Commerce.Core","Entity":{"$type":"Sitecore.Commerce.Core.EntityReference, Sitecore.Commerce.Core","Name":"","EntityTarget":"Entity-LocalizationEntity-85d28b8dffdc43e78aada6abbaaff7b3","Policies":{"$type":"System.Collections.Generic.List`1[[Sitecore.Commerce.Core.Policy, Sitecore.Commerce.Core]], mscorlib","$values":[]}},"Id":"983852ba10f246a595b5cd33d819c296","Name":"","Comments":"","Policies":{"$type":"System.Collections.Generic.List`1[[Sitecore.Commerce.Core.Policy, Sitecore.Commerce.Core]], mscorlib","$values":[]},"ChildComponents":{"$type":"System.Collections.Generic.List`1[[Sitecore.Commerce.Core.Component, Sitecore.Commerce.Core]], mscorlib","$values":[]}},{"$type":"Sitecore.Commerce.Plugin.ManagedLists.ListMembershipsComponent, Sitecore.Commerce.Plugin.ManagedLists","Memberships":{"$type":"System.Collections.Generic.List`1[[System.String, mscorlib]], mscorlib","$values":["Categories","CatalogItems"]},"Id":"608000ef2d524fa897f9c676388f6245","Name":"","Comments":"","Policies":{"$type":"System.Collections.Generic.List`1[[Sitecore.Commerce.Core.Policy, Sitecore.Commerce.Core]], mscorlib","$values":[]},"ChildComponents":{"$type":"System.Collections.Generic.List`1[[Sitecore.Commerce.Core.Component, Sitecore.Commerce.Core]], mscorlib","$values":[]}},{"$type":"Sitecore.Commerce.Plugin.Catalog.RelationshipsComponent, Sitecore.Commerce.Plugin.Catalog","Relationships":{"$type":"System.Collections.Generic.List`1[[Sitecore.Commerce.Plugin.Catalog.Models.Relationship, Sitecore.Commerce.Plugin.Catalog]], mscorlib","$values":[]},"Id":"f184a8f291e943a99a476d66ac6be3b8","Name":"","Comments":"","Policies":{"$type":"System.Collections.Generic.List`1[[Sitecore.Commerce.Core.Policy, Sitecore.Commerce.Core]], mscorlib","$values":[]},"ChildComponents":{"$type":"System.Collections.Generic.List`1[[Sitecore.Commerce.Core.Component, Sitecore.Commerce.Core]], mscorlib","$values":[]}}]},"DateCreated":"2018-02-27T15:30:59.756269+00:00","DateUpdated":"2018-03-26T19:22:32.09417+00:00","DisplayName":"Assortments","FriendlyId":"Habitat_Master-Assortments","Id":"Entity-Category-Habitat_Master-Assortments","Version":1,"IsPersisted":true,"Name":"Assortments","Policies":{"$type":"System.Collections.Generic.List`1[[Sitecore.Commerce.Core.Policy, Sitecore.Commerce.Core]], mscorlib","$values":[]}},{"$type":"Sitecore.Commerce.Plugin.Catalog.Category, Sitecore.Commerce.Plugin.Catalog","Description":"Whether you're on the go, at the gym, or in the air, Habitat earbuds and headphones deliver superior sound with a diminutive profile.","SitecoreId":"a0860c27-2a32-841f-7014-75b163b9471e","ParentCatalogList":"59ddadc1-9b88-727e-9e14-3f6cf321ae0f","ParentCategoryList":"b893c063-6238-ed57-700d-72862c56038d","ChildrenCategoryList":"368aae84-008e-43a6-150f-826085a271ba|cc4e2600-273a-f541-c891-0b26a323fd42|9ade273a-6370-e6f3-e593-cd215301f108|59345e3f-8fa9-5176-60b4-3207fb02b441|d0f7471d-641b-a069-b89c-72037a6551f0|1e813648-abfb-80d3-2d7c-695dced89ab0|78e318a6-33cb-0a42-f4e5-fbf84a36e0de|b0da0513-b3cc-31ec-f6d3-c7c665387472|cde0bf20-688e-6452-2b7f-4d672a8e1707|5381ac75-377b-2bdb-1a3d-bcc4b730d6e7|fd8e2114-9ab2-bc7f-4dbc-f061b90bcdb1","ChildrenSellableItemList":"b4d26ca7-77d3-482b-4b3f-ba109eb1f9d8|3d39a1c6-3690-ffb2-b49b-dd4bb4a57b24|0a3dcc62-47fe-94a6-8496-85dbcd7702d3|0b365117-417a-9f95-235e-a633065a9633|6656d16a-bfb8-0681-549a-8797f6a4f16c|baf7187c-1785-5fa4-832a-e47cd15410ef|2495594a-9914-4d13-9ffd-aff5484ac57c|a405890a-492e-d4c7-0b59-931e47bada10|3adc707e-69f2-4c56-42a4-697f5e7603dc|7f32a049-064a-ef5c-89a7-aa53efc459ff|a29d97ce-da62-07be-495f-99d094d1081b|ba6fea21-9c05-4061-8904-3d8ffe9545ee|b1786ceb-b9e0-47c9-5084-4ec33cff0e9c|b4ca8a15-e764-0e5e-1e11-8091c3b1d55a|eb803beb-2fc0-b965-913c-49366c7ebac2|a586512c-f5b6-d956-26cf-f60587ef6535|2e9d3cab-0706-813c-81ad-5eb95447fe69|39a6c5ae-e140-1df7-ace2-41abb1095bc5|ab64ad92-2d82-aa88-3a50-ace2ef68d880|acec00aa-0952-dd50-d738-bce9969c61c1|39e56c2d-13e6-9694-f893-d57f027ef471|435e7eaf-dd99-f64d-cce7-cae0d34cdfbc|fc4e80bc-a2a5-c2c9-fdb4-4b809ed86af9|be932d51-e3eb-22c3-18d7-70eb732995bc|028132e2-1b88-8ec1-398d-f2c425f8d222|beeab254-11f8-b4cc-1bcf-196083ed2cb2|83dbf675-d07d-cbb8-188a-908b60125d67|753ccd35-71d0-8cfe-e09c-b9823687506e|705d5c95-ff93-e8c0-7201-c8e3d8a41735|0d5bc871-c57d-3bad-c572-ae248f189fa9|11a594ed-c48f-b68e-8e31-b6efe9edff37|f1927812-b22f-d769-52e8-0a14ec0eaa97|e8aae5ba-7ba2-7e9f-99b7-38464f89a905|742f9a23-c2c5-7448-e2d4-28960eba00dc|b60538f7-5bf0-6112-8ec7-07d0f3bb3be1|d89e52e2-d7df-01d3-08b5-73cd54c605ff|558cb244-3b9b-ed63-09e7-b9cfcf62a082|56c25e4a-0d35-dca8-5535-7eba7bdbcf08|9b35ab43-7c53-2869-dffc-9386bad5bd1a|a604ed14-92b2-2ae8-1d14-bbc29bb8e7f5|365c3db7-a7ba-d1b1-ec38-6834e66790f3|4455c068-a18c-58d7-427d-6a476b9a651c|7e13eb62-2bb6-d670-60d3-062e7bbaefb7|e2b19ca8-f4f1-d8db-9ff6-03bad92598f9|c575b253-7c28-ddce-0d0a-432f833be22f|2589f535-5928-9129-f6cd-006d539858f8|cb84e69d-c33d-cc25-1148-3b37fc0cd4b5|20c25bbd-9d34-e8aa-bea8-6f5dffd96add|74caf800-dfa6-6766-91dc-b3fc39deab83|47da9c05-47a1-f6a4-6639-fd97e9fc5d57|cbd67901-be5f-0211-16f7-e387c178d2de|ce6657c2-b3a4-d8f8-c279-c8351c04b0a6|d2d3bed9-dc41-6c7c-06f0-7ed0ad1431af|1885b274-09c7-87ab-898b-594851a05a0f|37c4476c-9a61-5baa-f025-7bc78b5de8d9|ad2ebda8-0eae-5cb5-152c-1d867287c237|1c195851-72c2-8ace-d5d0-f1e38971ae37|8553a4b9-3623-aa05-9373-02fc55648b7d|36b0a741-d265-a4ef-c9fe-078a014c32e3|6fbe49e5-2f01-3f53-a2ec-04dff62bc41e|803529ed-4cea-8fad-63f6-119c71ff6901|f442835b-4d4a-ca2a-1741-24344fa3e17c|05f81d61-d4f3-7c04-10d4-dc24673e7862|68adafdd-66f5-8a76-c6c9-a70010375a7e|55a9bd63-4773-8c61-4844-232054cdfaa5|c64598ab-17d3-9125-3009-6e1de25994e5|81357ee9-b747-4df1-1c2c-ea8cf9b0e276|142826cc-69bf-87f5-ce96-8e801ff2985d|5ea4a681-a33a-ef00-9bdb-232d91c58785|2f32a878-0dd6-6823-daeb-51fcfdfc7585|c24248ca-20d9-2dd2-4902-2920d85c244f|e6c5b54d-398f-0e7d-91d4-7e6567ca80ba|ad89db97-e34e-6220-ea57-5df93f741657|736523bf-292c-5104-d2e9-a54654af4e6d|6e868ec1-3419-4a7b-b762-043bf73f926d|6b52bc41-1c1e-c970-4056-68c3d513193b|a88c59d2-1c73-49bb-52a4-c0c9b1ba9b13|2aa94d83-d8fd-89e5-a4c2-c61fdf3c7b0f|19316161-0914-158e-aaf8-54d818aaf22e|dbb483aa-6135-6a4a-21f1-cc764cc58836|bfa333fd-07cd-8e28-8b01-d7ba47fed8f5|b05cee5b-a579-e90e-d414-feb0f468d196|32e37370-225f-29c7-e647-42e493dab4c8|e5dd5b5f-f427-07fa-0e03-e4d2c0cf553e","Components":{"$type":"System.Collections.Generic.List`1[[Sitecore.Commerce.Core.Component, Sitecore.Commerce.Core]], mscorlib","$values":[{"$type":"Sitecore.Commerce.Core.LocalizedEntityComponent, Sitecore.Commerce.Core","Entity":{"$type":"Sitecore.Commerce.Core.EntityReference, Sitecore.Commerce.Core","Name":"","EntityTarget":"Entity-LocalizationEntity-ae9ebcd27e3d4a45bf2f69bbbe57cf60","Policies":{"$type":"System.Collections.Generic.List`1[[Sitecore.Commerce.Core.Policy, Sitecore.Commerce.Core]], mscorlib","$values":[]}},"Id":"54f09fbd18dc42a9bd20a08e3c6e7e89","Name":"","Comments":"","Policies":{"$type":"System.Collections.Generic.List`1[[Sitecore.Commerce.Core.Policy, Sitecore.Commerce.Core]], mscorlib","$values":[]},"ChildComponents":{"$type":"System.Collections.Generic.List`1[[Sitecore.Commerce.Core.Component, Sitecore.Commerce.Core]], mscorlib","$values":[]}},{"$type":"Sitecore.Commerce.Plugin.ManagedLists.ListMembershipsComponent, Sitecore.Commerce.Plugin.ManagedLists","Memberships":{"$type":"System.Collections.Generic.List`1[[System.String, mscorlib]], mscorlib","$values":["Categories","CatalogItems"]},"Id":"437d82ea7e174e56bdce18aafc5eacb9","Name":"","Comments":"","Policies":{"$type":"System.Collections.Generic.List`1[[Sitecore.Commerce.Core.Policy, Sitecore.Commerce.Core]], mscorlib","$values":[]},"ChildComponents":{"$type":"System.Collections.Generic.List`1[[Sitecore.Commerce.Core.Component, Sitecore.Commerce.Core]], mscorlib","$values":[]}},{"$type":"Sitecore.Commerce.Plugin.Catalog.RelationshipsComponent, Sitecore.Commerce.Plugin.Catalog","Relationships":{"$type":"System.Collections.Generic.List`1[[Sitecore.Commerce.Plugin.Catalog.Models.Relationship, Sitecore.Commerce.Plugin.Catalog]], mscorlib","$values":[]},"Id":"a5a7536b949f449e8f695bd53fa6d065","Name":"","Comments":"","Policies":{"$type":"System.Collections.Generic.List`1[[Sitecore.Commerce.Core.Policy, Sitecore.Commerce.Core]], mscorlib","$values":[]},"ChildComponents":{"$type":"System.Collections.Generic.List`1[[Sitecore.Commerce.Core.Component, Sitecore.Commerce.Core]], mscorlib","$values":[]}}]},"DateCreated":"2018-02-27T15:31:01.1772715+00:00","DateUpdated":"2018-03-26T19:22:32.0951715+00:00","DisplayName":"Audio","FriendlyId":"Habitat_Master-Audio","Id":"Entity-Category-Habitat_Master-Audio","Version":1,"IsPersisted":true,"Name":"Audio","Policies":{"$type":"System.Collections.Generic.List`1[[Sitecore.Commerce.Core.Policy, Sitecore.Commerce.Core]], mscorlib","$values":[]}}]}