{"$type":"System.Collections.Generic.List`1[[Sitecore.Commerce.Plugin.Catalog.Category, Sitecore.Commerce.Plugin.Catalog]], mscorlib","$values":[{"$type":"Sitecore.Commerce.Plugin.Catalog.Category, Sitecore.Commerce.Plugin.Catalog","Description":"Check out DSLR from Habitat","SitecoreId":"61f78e95-8d5f-24e9-4bdb-257144202d81","ParentCatalogList":"59ddadc1-9b88-727e-9e14-3f6cf321ae0f","ParentCategoryList":"e9f2e3a7-0575-0632-b67e-5e65092230c3","ChildrenSellableItemList":"b992a831-fb31-bd4d-e5d0-7ae5bc3e4505|86ec562d-8fd2-d38d-c97e-80f94b5d875d|7afee7e9-1189-a589-0151-6a036ac3d99e|3d0b1f86-c166-1e3d-2919-8eb93421c8c3|3e251e5e-adcb-2b03-d852-be96241d05f7|02861ca6-f9f6-6d19-52aa-79162236522b|3b0c92e7-8067-64d3-4088-0b557b6949fa","Components":{"$type":"System.Collections.Generic.List`1[[Sitecore.Commerce.Core.Component, Sitecore.Commerce.Core]], mscorlib","$values":[{"$type":"Sitecore.Commerce.Core.LocalizedEntityComponent, Sitecore.Commerce.Core","Entity":{"$type":"Sitecore.Commerce.Core.EntityReference, Sitecore.Commerce.Core","Name":"","EntityTarget":"Entity-LocalizationEntity-0302b16a5373497583405cb2a9df21f5","Policies":{"$type":"System.Collections.Generic.List`1[[Sitecore.Commerce.Core.Policy, Sitecore.Commerce.Core]], mscorlib","$values":[]}},"Id":"95c4f9343a834eaa8d3e6dd12c89181b","Name":"","Comments":"","Policies":{"$type":"System.Collections.Generic.List`1[[Sitecore.Commerce.Core.Policy, Sitecore.Commerce.Core]], mscorlib","$values":[]},"ChildComponents":{"$type":"System.Collections.Generic.List`1[[Sitecore.Commerce.Core.Component, Sitecore.Commerce.Core]], mscorlib","$values":[]}},{"$type":"Sitecore.Commerce.Plugin.ManagedLists.ListMembershipsComponent, Sitecore.Commerce.Plugin.ManagedLists","Memberships":{"$type":"System.Collections.Generic.List`1[[System.String, mscorlib]], mscorlib","$values":["Categories","CatalogItems"]},"Id":"1ebc53e8ffbd4b79ac37b6bdc7a1d0df","Name":"","Comments":"","Policies":{"$type":"System.Collections.Generic.List`1[[Sitecore.Commerce.Core.Policy, Sitecore.Commerce.Core]], mscorlib","$values":[]},"ChildComponents":{"$type":"System.Collections.Generic.List`1[[Sitecore.Commerce.Core.Component, Sitecore.Commerce.Core]], mscorlib","$values":[]}},{"$type":"Sitecore.Commerce.Plugin.Catalog.RelationshipsComponent, Sitecore.Commerce.Plugin.Catalog","Relationships":{"$type":"System.Collections.Generic.List`1[[Sitecore.Commerce.Plugin.Catalog.Models.Relationship, Sitecore.Commerce.Plugin.Catalog]], mscorlib","$values":[]},"Id":"31435714299f41378358327582f81ac1","Name":"","Comments":"","Policies":{"$type":"System.Collections.Generic.List`1[[Sitecore.Commerce.Core.Policy, Sitecore.Commerce.Core]], mscorlib","$values":[]},"ChildComponents":{"$type":"System.Collections.Generic.List`1[[Sitecore.Commerce.Core.Component, Sitecore.Commerce.Core]], mscorlib","$values":[]}}]},"DateCreated":"2018-02-27T15:31:01.2703313+00:00","DateUpdated":"2018-03-19T14:05:07.1556143+00:00","DisplayName":"DSLR","FriendlyId":"Habitat_Master-DSLR","Id":"Entity-Category-Habitat_Master-DSLR","Version":4,"IsPersisted":true,"Name":"DSLR","Policies":{"$type":"System.Collections.Generic.List`1[[Sitecore.Commerce.Core.Policy, Sitecore.Commerce.Core]], mscorlib","$values":[]}},{"$type":"Sitecore.Commerce.Plugin.Catalog.Category, Sitecore.Commerce.Plugin.Catalog","Description":"Check out what Habitat offers for DSLR bundles.","SitecoreId":"dd4484cb-6b5f-b647-a41b-f246ec72fdcf","ParentCatalogList":"59ddadc1-9b88-727e-9e14-3f6cf321ae0f","ParentCategoryList":"e9f2e3a7-0575-0632-b67e-5e65092230c3","ChildrenSellableItemList":"ddb03368-14a2-8d6b-3ed5-8270e910a344|16eaf2e1-9daa-b7a9-835f-51358e72058b|aebd1a52-fecc-cda8-efdf-cd00839e368f|315217c1-612c-f700-3261-1adce4efc642|83cd3a3c-ca9f-63df-d944-5c80ce026ecc|a2f03af0-a212-32d7-d4cf-cac04aede463","Components":{"$type":"System.Collections.Generic.List`1[[Sitecore.Commerce.Core.Component, Sitecore.Commerce.Core]], mscorlib","$values":[{"$type":"Sitecore.Commerce.Core.LocalizedEntityComponent, Sitecore.Commerce.Core","Entity":{"$type":"Sitecore.Commerce.Core.EntityReference, Sitecore.Commerce.Core","Name":"","EntityTarget":"Entity-LocalizationEntity-fe645691b031447ba9ac19a6a1b8c987","Policies":{"$type":"System.Collections.Generic.List`1[[Sitecore.Commerce.Core.Policy, Sitecore.Commerce.Core]], mscorlib","$values":[]}},"Id":"16b46eda6c1448e48730cccd2ab5efa9","Name":"","Comments":"","Policies":{"$type":"System.Collections.Generic.List`1[[Sitecore.Commerce.Core.Policy, Sitecore.Commerce.Core]], mscorlib","$values":[]},"ChildComponents":{"$type":"System.Collections.Generic.List`1[[Sitecore.Commerce.Core.Component, Sitecore.Commerce.Core]], mscorlib","$values":[]}},{"$type":"Sitecore.Commerce.Plugin.ManagedLists.ListMembershipsComponent, Sitecore.Commerce.Plugin.ManagedLists","Memberships":{"$type":"System.Collections.Generic.List`1[[System.String, mscorlib]], mscorlib","$values":["Categories","CatalogItems"]},"Id":"4d367890b62c4eabaf35ee38cabf31bc","Name":"","Comments":"","Policies":{"$type":"System.Collections.Generic.List`1[[Sitecore.Commerce.Core.Policy, Sitecore.Commerce.Core]], mscorlib","$values":[]},"ChildComponents":{"$type":"System.Collections.Generic.List`1[[Sitecore.Commerce.Core.Component, Sitecore.Commerce.Core]], mscorlib","$values":[]}},{"$type":"Sitecore.Commerce.Plugin.Catalog.RelationshipsComponent, Sitecore.Commerce.Plugin.Catalog","Relationships":{"$type":"System.Collections.Generic.List`1[[Sitecore.Commerce.Plugin.Catalog.Models.Relationship, Sitecore.Commerce.Plugin.Catalog]], mscorlib","$values":[]},"Id":"865eace812834d1ab32c6f30e5a8d0a1","Name":"","Comments":"","Policies":{"$type":"System.Collections.Generic.List`1[[Sitecore.Commerce.Core.Policy, Sitecore.Commerce.Core]], mscorlib","$values":[]},"ChildComponents":{"$type":"System.Collections.Generic.List`1[[Sitecore.Commerce.Core.Component, Sitecore.Commerce.Core]], mscorlib","$values":[]}}]},"DateCreated":"2018-02-27T15:31:01.273225+00:00","DateUpdated":"2018-03-19T14:05:09.3716018+00:00","DisplayName":"DSLR Bundles","FriendlyId":"Habitat_Master-DSLR Bundles","Id":"Entity-Category-Habitat_Master-DSLR Bundles","Version":4,"IsPersisted":true,"Name":"DSLR Bundles","Policies":{"$type":"System.Collections.Generic.List`1[[Sitecore.Commerce.Core.Policy, Sitecore.Commerce.Core]], mscorlib","$values":[]}},{"$type":"Sitecore.Commerce.Plugin.Catalog.Category, Sitecore.Commerce.Plugin.Catalog","Description":"Check out Habitat's DSLR Lenses.","SitecoreId":"a46cfe91-d7b9-0246-ccb6-827c71d1e80e","ParentCatalogList":"59ddadc1-9b88-727e-9e14-3f6cf321ae0f","ParentCategoryList":"e9f2e3a7-0575-0632-b67e-5e65092230c3","ChildrenSellableItemList":"36f2f3a9-4016-21d8-67ec-cc6a9c0f5bfb|1ec8a7ca-b749-07c0-c942-2eb99e7bbaed|4bbaf644-9ca4-1b0d-4dd5-0e12e40b9f77|8ef8b960-8b3b-0c5c-2158-5324ef9638f6|1d63fe4c-c319-4e93-558e-1fd66a677cfd|b9b873c9-15b1-a586-5905-48652db649c4|bcc9fb42-494c-4e72-64a8-c915cc67828a|1e51a86a-91fe-1eca-3cc6-bee7daaeb536|7b5b7f95-9b41-446d-5ae0-b02c9342a6fb|e5c42772-b2fd-dc3d-ab07-e53f9e68e80c|6a6aba07-e474-6abd-724c-f7a2df2adf78|140a251a-b663-e1d2-ab4d-fd99347c49fe|99a27a60-e865-e328-4ecd-73b5df962032|60c7886d-5aca-2d53-6999-a0a1881dd2ae|afed5a9a-a9e3-dfbb-d3ea-e0dd9544846b","Components":{"$type":"System.Collections.Generic.List`1[[Sitecore.Commerce.Core.Component, Sitecore.Commerce.Core]], mscorlib","$values":[{"$type":"Sitecore.Commerce.Core.LocalizedEntityComponent, Sitecore.Commerce.Core","Entity":{"$type":"Sitecore.Commerce.Core.EntityReference, Sitecore.Commerce.Core","Name":"","EntityTarget":"Entity-LocalizationEntity-42dc7c813291409dba9af84b1b366a78","Policies":{"$type":"System.Collections.Generic.List`1[[Sitecore.Commerce.Core.Policy, Sitecore.Commerce.Core]], mscorlib","$values":[]}},"Id":"126456f1d38f4ae38754f2d53600370b","Name":"","Comments":"","Policies":{"$type":"System.Collections.Generic.List`1[[Sitecore.Commerce.Core.Policy, Sitecore.Commerce.Core]], mscorlib","$values":[]},"ChildComponents":{"$type":"System.Collections.Generic.List`1[[Sitecore.Commerce.Core.Component, Sitecore.Commerce.Core]], mscorlib","$values":[]}},{"$type":"Sitecore.Commerce.Plugin.ManagedLists.ListMembershipsComponent, Sitecore.Commerce.Plugin.ManagedLists","Memberships":{"$type":"System.Collections.Generic.List`1[[System.String, mscorlib]], mscorlib","$values":["Categories","CatalogItems"]},"Id":"c5fe86feaa504538b9651f4522ba78d8","Name":"","Comments":"","Policies":{"$type":"System.Collections.Generic.List`1[[Sitecore.Commerce.Core.Policy, Sitecore.Commerce.Core]], mscorlib","$values":[]},"ChildComponents":{"$type":"System.Collections.Generic.List`1[[Sitecore.Commerce.Core.Component, Sitecore.Commerce.Core]], mscorlib","$values":[]}},{"$type":"Sitecore.Commerce.Plugin.Catalog.RelationshipsComponent, Sitecore.Commerce.Plugin.Catalog","Relationships":{"$type":"System.Collections.Generic.List`1[[Sitecore.Commerce.Plugin.Catalog.Models.Relationship, Sitecore.Commerce.Plugin.Catalog]], mscorlib","$values":[]},"Id":"b719085ce1e04c0bbf66de20c2d8e626","Name":"","Comments":"","Policies":{"$type":"System.Collections.Generic.List`1[[Sitecore.Commerce.Core.Policy, Sitecore.Commerce.Core]], mscorlib","$values":[]},"ChildComponents":{"$type":"System.Collections.Generic.List`1[[Sitecore.Commerce.Core.Component, Sitecore.Commerce.Core]], mscorlib","$values":[]}}]},"DateCreated":"2018-02-27T15:31:01.2801067+00:00","DateUpdated":"2018-03-19T14:05:15.8455695+00:00","DisplayName":"DSLR Lenses","FriendlyId":"Habitat_Master-DSLR Lenses","Id":"Entity-Category-Habitat_Master-DSLR Lenses","Version":5,"IsPersisted":true,"Name":"DSLR Lenses","Policies":{"$type":"System.Collections.Generic.List`1[[Sitecore.Commerce.Core.Policy, Sitecore.Commerce.Core]], mscorlib","$values":[]}},{"$type":"Sitecore.Commerce.Plugin.Catalog.Category, Sitecore.Commerce.Plugin.Catalog","Description":"Give your friends, family, and colleagues a gift they'll always remember: a Habitat Gift Card. Available in any amount, a gift card gives your loved one a taste of Habitat: stylish products with advanced technology, \"smart\" features, and seamless design. It's the gift of living well, simply.","SitecoreId":"6caac735-ab5e-f522-7e4a-7be69ae08c74","ParentCatalogList":"59ddadc1-9b88-727e-9e14-3f6cf321ae0f","ParentCategoryList":"b893c063-6238-ed57-700d-72862c56038d","ChildrenCategoryList":"2756e34f-fa94-26df-dfa4-ba3a90e52cff|40efade8-f239-f66d-a290-1df10892b81d","ChildrenSellableItemList":"73ad9c55-def7-c1ff-5efc-cb3e9c74d101|8478f567-f27e-1a2e-bb2a-c8de12931e64","Components":{"$type":"System.Collections.Generic.List`1[[Sitecore.Commerce.Core.Component, Sitecore.Commerce.Core]], mscorlib","$values":[{"$type":"Sitecore.Commerce.Core.LocalizedEntityComponent, Sitecore.Commerce.Core","Entity":{"$type":"Sitecore.Commerce.Core.EntityReference, Sitecore.Commerce.Core","Name":"","EntityTarget":"Entity-LocalizationEntity-4e3d3ec14b074b7eb31ee11f783ac302","Policies":{"$type":"System.Collections.Generic.List`1[[Sitecore.Commerce.Core.Policy, Sitecore.Commerce.Core]], mscorlib","$values":[]}},"Id":"09d2c9f873bf4cd7b3641a0be2f3004d","Name":"","Comments":"","Policies":{"$type":"System.Collections.Generic.List`1[[Sitecore.Commerce.Core.Policy, Sitecore.Commerce.Core]], mscorlib","$values":[]},"ChildComponents":{"$type":"System.Collections.Generic.List`1[[Sitecore.Commerce.Core.Component, Sitecore.Commerce.Core]], mscorlib","$values":[]}},{"$type":"Sitecore.Commerce.Plugin.ManagedLists.ListMembershipsComponent, Sitecore.Commerce.Plugin.ManagedLists","Memberships":{"$type":"System.Collections.Generic.List`1[[System.String, mscorlib]], mscorlib","$values":["Categories","CatalogItems"]},"Id":"f3ff48dd5c914212b0bb412d37124a48","Name":"","Comments":"","Policies":{"$type":"System.Collections.Generic.List`1[[Sitecore.Commerce.Core.Policy, Sitecore.Commerce.Core]], mscorlib","$values":[]},"ChildComponents":{"$type":"System.Collections.Generic.List`1[[Sitecore.Commerce.Core.Component, Sitecore.Commerce.Core]], mscorlib","$values":[]}},{"$type":"Sitecore.Commerce.Plugin.Catalog.RelationshipsComponent, Sitecore.Commerce.Plugin.Catalog","Relationships":{"$type":"System.Collections.Generic.List`1[[Sitecore.Commerce.Plugin.Catalog.Models.Relationship, Sitecore.Commerce.Plugin.Catalog]], mscorlib","$values":[]},"Id":"e4be50c9bcc34073999719ca50897bf2","Name":"","Comments":"","Policies":{"$type":"System.Collections.Generic.List`1[[Sitecore.Commerce.Core.Policy, Sitecore.Commerce.Core]], mscorlib","$values":[]},"ChildComponents":{"$type":"System.Collections.Generic.List`1[[Sitecore.Commerce.Core.Component, Sitecore.Commerce.Core]], mscorlib","$values":[]}}]},"DateCreated":"2018-02-27T15:31:01.5521119+00:00","DateUpdated":"2018-03-19T14:06:47.9181108+00:00","DisplayName":"eGift Cards and Gift Wrapping","FriendlyId":"Habitat_Master-eGift Cards and Gift Wrapping","Id":"Entity-Category-Habitat_Master-eGift Cards and Gift Wrapping","Version":4,"IsPersisted":true,"Name":"eGift Cards and Gift Wrapping","Policies":{"$type":"System.Collections.Generic.List`1[[Sitecore.Commerce.Core.Policy, Sitecore.Commerce.Core]], mscorlib","$values":[]}},{"$type":"Sitecore.Commerce.Plugin.Catalog.Category, Sitecore.Commerce.Plugin.Catalog","Description":"Have a look at the electric shavers offered by Habitat.","SitecoreId":"a63cb0d6-7a96-0b2f-9661-a2e553426fe3","ParentCatalogList":"59ddadc1-9b88-727e-9e14-3f6cf321ae0f","ParentCategoryList":"0bde885c-c3aa-7bf3-9cab-d93a2af168ac","ChildrenSellableItemList":"cd4336a2-5576-1b29-021f-32a027daa48e|2522b5c6-b311-4c6e-da52-2b55ed26cbae","Components":{"$type":"System.Collections.Generic.List`1[[Sitecore.Commerce.Core.Component, Sitecore.Commerce.Core]], mscorlib","$values":[{"$type":"Sitecore.Commerce.Core.LocalizedEntityComponent, Sitecore.Commerce.Core","Entity":{"$type":"Sitecore.Commerce.Core.EntityReference, Sitecore.Commerce.Core","Name":"","EntityTarget":"Entity-LocalizationEntity-13a1195396cc41419f023ab1e6b4c846","Policies":{"$type":"System.Collections.Generic.List`1[[Sitecore.Commerce.Core.Policy, Sitecore.Commerce.Core]], mscorlib","$values":[]}},"Id":"a719157758e94e84a39dd7ccb029a2b9","Name":"","Comments":"","Policies":{"$type":"System.Collections.Generic.List`1[[Sitecore.Commerce.Core.Policy, Sitecore.Commerce.Core]], mscorlib","$values":[]},"ChildComponents":{"$type":"System.Collections.Generic.List`1[[Sitecore.Commerce.Core.Component, Sitecore.Commerce.Core]], mscorlib","$values":[]}},{"$type":"Sitecore.Commerce.Plugin.ManagedLists.ListMembershipsComponent, Sitecore.Commerce.Plugin.ManagedLists","Memberships":{"$type":"System.Collections.Generic.List`1[[System.String, mscorlib]], mscorlib","$values":["Categories","CatalogItems"]},"Id":"d00e6b95fdba47ec93da562acd9c6ca4","Name":"","Comments":"","Policies":{"$type":"System.Collections.Generic.List`1[[Sitecore.Commerce.Core.Policy, Sitecore.Commerce.Core]], mscorlib","$values":[]},"ChildComponents":{"$type":"System.Collections.Generic.List`1[[Sitecore.Commerce.Core.Component, Sitecore.Commerce.Core]], mscorlib","$values":[]}},{"$type":"Sitecore.Commerce.Plugin.Catalog.RelationshipsComponent, Sitecore.Commerce.Plugin.Catalog","Relationships":{"$type":"System.Collections.Generic.List`1[[Sitecore.Commerce.Plugin.Catalog.Models.Relationship, Sitecore.Commerce.Plugin.Catalog]], mscorlib","$values":[]},"Id":"7a57fe26a99c46d19a6347b41fbe2161","Name":"","Comments":"","Policies":{"$type":"System.Collections.Generic.List`1[[Sitecore.Commerce.Core.Policy, Sitecore.Commerce.Core]], mscorlib","$values":[]},"ChildComponents":{"$type":"System.Collections.Generic.List`1[[Sitecore.Commerce.Core.Component, Sitecore.Commerce.Core]], mscorlib","$values":[]}}]},"DateCreated":"2018-02-27T15:31:01.5861694+00:00","DateUpdated":"2018-03-19T14:06:55.9542637+00:00","DisplayName":"Electric Shaver","FriendlyId":"Habitat_Master-Electric Shaver","Id":"Entity-Category-Habitat_Master-Electric Shaver","Version":3,"IsPersisted":true,"Name":"Electric Shaver","Policies":{"$type":"System.Collections.Generic.List`1[[Sitecore.Commerce.Core.Policy, Sitecore.Commerce.Core]], mscorlib","$values":[]}},{"$type":"Sitecore.Commerce.Plugin.Catalog.Category, Sitecore.Commerce.Plugin.Catalog","Description":"View all of Habitat's Electronic Toothbrushes.","SitecoreId":"91a2e033-4012-84a6-9ddd-2a152dec3a93","ParentCatalogList":"59ddadc1-9b88-727e-9e14-3f6cf321ae0f","ParentCategoryList":"0bde885c-c3aa-7bf3-9cab-d93a2af168ac","ChildrenSellableItemList":"ba43e783-0a8b-9993-426c-2c015afcf757|931257e3-c8c8-fe74-5e2c-aeb2da8605c3|549ae913-4e27-9136-1448-f375584f8341|c30e55d5-cb68-a6e5-ce53-33625862df45|32502e5d-b5f6-2de0-8d79-fe17bbd1a832","Components":{"$type":"System.Collections.Generic.List`1[[Sitecore.Commerce.Core.Component, Sitecore.Commerce.Core]], mscorlib","$values":[{"$type":"Sitecore.Commerce.Core.LocalizedEntityComponent, Sitecore.Commerce.Core","Entity":{"$type":"Sitecore.Commerce.Core.EntityReference, Sitecore.Commerce.Core","Name":"","EntityTarget":"Entity-LocalizationEntity-07ee4e0bcc2c4814a99c074597158178","Policies":{"$type":"System.Collections.Generic.List`1[[Sitecore.Commerce.Core.Policy, Sitecore.Commerce.Core]], mscorlib","$values":[]}},"Id":"2bd2510f9ed84a5c8a3e05e3df0cfe2d","Name":"","Comments":"","Policies":{"$type":"System.Collections.Generic.List`1[[Sitecore.Commerce.Core.Policy, Sitecore.Commerce.Core]], mscorlib","$values":[]},"ChildComponents":{"$type":"System.Collections.Generic.List`1[[Sitecore.Commerce.Core.Component, Sitecore.Commerce.Core]], mscorlib","$values":[]}},{"$type":"Sitecore.Commerce.Plugin.ManagedLists.ListMembershipsComponent, Sitecore.Commerce.Plugin.ManagedLists","Memberships":{"$type":"System.Collections.Generic.List`1[[System.String, mscorlib]], mscorlib","$values":["Categories","CatalogItems"]},"Id":"50151018c5b442f2883a9d3634b1d293","Name":"","Comments":"","Policies":{"$type":"System.Collections.Generic.List`1[[Sitecore.Commerce.Core.Policy, Sitecore.Commerce.Core]], mscorlib","$values":[]},"ChildComponents":{"$type":"System.Collections.Generic.List`1[[Sitecore.Commerce.Core.Component, Sitecore.Commerce.Core]], mscorlib","$values":[]}},{"$type":"Sitecore.Commerce.Plugin.Catalog.RelationshipsComponent, Sitecore.Commerce.Plugin.Catalog","Relationships":{"$type":"System.Collections.Generic.List`1[[Sitecore.Commerce.Plugin.Catalog.Models.Relationship, Sitecore.Commerce.Plugin.Catalog]], mscorlib","$values":[]},"Id":"71cd78d66d22461aa23cfebdddff5c5f","Name":"","Comments":"","Policies":{"$type":"System.Collections.Generic.List`1[[Sitecore.Commerce.Core.Policy, Sitecore.Commerce.Core]], mscorlib","$values":[]},"ChildComponents":{"$type":"System.Collections.Generic.List`1[[Sitecore.Commerce.Core.Component, Sitecore.Commerce.Core]], mscorlib","$values":[]}}]},"DateCreated":"2018-02-27T15:31:01.5802202+00:00","DateUpdated":"2018-03-19T14:06:54.960268+00:00","DisplayName":"Electric Tooth Brushes","FriendlyId":"Habitat_Master-Electric Tooth Brushes","Id":"Entity-Category-Habitat_Master-Electric Tooth Brushes","Version":3,"IsPersisted":true,"Name":"Electric Tooth Brushes","Policies":{"$type":"System.Collections.Generic.List`1[[Sitecore.Commerce.Core.Policy, Sitecore.Commerce.Core]], mscorlib","$values":[]}},{"$type":"Sitecore.Commerce.Plugin.Catalog.Category, Sitecore.Commerce.Plugin.Catalog","Description":"Check out Habitat's eReaders, where you can read..on the go!","SitecoreId":"91c3f435-581a-facc-378e-78f7cc4c05e2","ParentCatalogList":"59ddadc1-9b88-727e-9e14-3f6cf321ae0f","ParentCategoryList":"994ec8cb-fe90-5071-a631-4458b1e83db3","ChildrenSellableItemList":"6ccb1d18-76b8-1dfb-dc52-384ca3e5348e|23f443c9-dd26-5959-21a1-7ca3a4137604|b2d74163-bafd-1432-d857-22575e0324f6|f1e55329-78d7-2980-974a-7c68f64408be|48ddafe3-ab81-dd1d-a85c-85a66edeabeb","Components":{"$type":"System.Collections.Generic.List`1[[Sitecore.Commerce.Core.Component, Sitecore.Commerce.Core]], mscorlib","$values":[{"$type":"Sitecore.Commerce.Core.LocalizedEntityComponent, Sitecore.Commerce.Core","Entity":{"$type":"Sitecore.Commerce.Core.EntityReference, Sitecore.Commerce.Core","Name":"","EntityTarget":"Entity-LocalizationEntity-d8bc5fdd8a6244a0816467bc40086f5f","Policies":{"$type":"System.Collections.Generic.List`1[[Sitecore.Commerce.Core.Policy, Sitecore.Commerce.Core]], mscorlib","$values":[]}},"Id":"c6f696e97f22438684517000840fc5e9","Name":"","Comments":"","Policies":{"$type":"System.Collections.Generic.List`1[[Sitecore.Commerce.Core.Policy, Sitecore.Commerce.Core]], mscorlib","$values":[]},"ChildComponents":{"$type":"System.Collections.Generic.List`1[[Sitecore.Commerce.Core.Component, Sitecore.Commerce.Core]], mscorlib","$values":[]}},{"$type":"Sitecore.Commerce.Plugin.ManagedLists.ListMembershipsComponent, Sitecore.Commerce.Plugin.ManagedLists","Memberships":{"$type":"System.Collections.Generic.List`1[[System.String, mscorlib]], mscorlib","$values":["Categories","CatalogItems"]},"Id":"e152d5936e054199a53838a2650aae98","Name":"","Comments":"","Policies":{"$type":"System.Collections.Generic.List`1[[Sitecore.Commerce.Core.Policy, Sitecore.Commerce.Core]], mscorlib","$values":[]},"ChildComponents":{"$type":"System.Collections.Generic.List`1[[Sitecore.Commerce.Core.Component, Sitecore.Commerce.Core]], mscorlib","$values":[]}},{"$type":"Sitecore.Commerce.Plugin.Catalog.RelationshipsComponent, Sitecore.Commerce.Plugin.Catalog","Relationships":{"$type":"System.Collections.Generic.List`1[[Sitecore.Commerce.Plugin.Catalog.Models.Relationship, Sitecore.Commerce.Plugin.Catalog]], mscorlib","$values":[]},"Id":"f688a76a95be4269947605a575f36e3a","Name":"","Comments":"","Policies":{"$type":"System.Collections.Generic.List`1[[Sitecore.Commerce.Core.Policy, Sitecore.Commerce.Core]], mscorlib","$values":[]},"ChildComponents":{"$type":"System.Collections.Generic.List`1[[Sitecore.Commerce.Core.Component, Sitecore.Commerce.Core]], mscorlib","$values":[]}}]},"DateCreated":"2018-02-27T15:31:01.3673015+00:00","DateUpdated":"2018-03-19T14:05:44.263503+00:00","DisplayName":"eReaders","FriendlyId":"Habitat_Master-eReaders","Id":"Entity-Category-Habitat_Master-eReaders","Version":3,"IsPersisted":true,"Name":"eReaders","Policies":{"$type":"System.Collections.Generic.List`1[[Sitecore.Commerce.Core.Policy, Sitecore.Commerce.Core]], mscorlib","$values":[]}},{"$type":"Sitecore.Commerce.Plugin.Catalog.Category, Sitecore.Commerce.Plugin.Catalog","Description":"Featured Products","SitecoreId":"871c3b62-ce96-ad61-dabe-10db020f02c5","ParentCatalogList":"59ddadc1-9b88-727e-9e14-3f6cf321ae0f","ChildrenSellableItemList":"2495594a-9914-4d13-9ffd-aff5484ac57c|16eaf2e1-9daa-b7a9-835f-51358e72058b|92a7d2cc-91ad-5223-26ba-cb88c8612c71|ab0b7d24-e450-9629-d5ba-e1606d2857bc|428b5292-0ff7-732d-9dfc-b547aa435aba|507f8ed2-ce2d-f426-b211-6033f291bf62|73ad9c55-def7-c1ff-5efc-cb3e9c74d101|8fd88e39-5060-b596-dd58-662f127e9c50|1298810a-459d-88a3-c786-64e7d36e58cc|b8608a92-c842-110a-efdf-d2d8376ce7cd|50bcae09-fd1b-4d94-10eb-f91d7667d77d","Components":{"$type":"System.Collections.Generic.List`1[[Sitecore.Commerce.Core.Component, Sitecore.Commerce.Core]], mscorlib","$values":[{"$type":"Sitecore.Commerce.Core.LocalizedEntityComponent, Sitecore.Commerce.Core","Entity":{"$type":"Sitecore.Commerce.Core.EntityReference, Sitecore.Commerce.Core","Name":"","EntityTarget":"Entity-LocalizationEntity-f68fec93ee20481fb5b7c28068dc5037","Policies":{"$type":"System.Collections.Generic.List`1[[Sitecore.Commerce.Core.Policy, Sitecore.Commerce.Core]], mscorlib","$values":[]}},"Id":"64548c9f3e694f0185bbd453de378fa9","Name":"","Comments":"","Policies":{"$type":"System.Collections.Generic.List`1[[Sitecore.Commerce.Core.Policy, Sitecore.Commerce.Core]], mscorlib","$values":[]},"ChildComponents":{"$type":"System.Collections.Generic.List`1[[Sitecore.Commerce.Core.Component, Sitecore.Commerce.Core]], mscorlib","$values":[]}},{"$type":"Sitecore.Commerce.Plugin.ManagedLists.ListMembershipsComponent, Sitecore.Commerce.Plugin.ManagedLists","Memberships":{"$type":"System.Collections.Generic.List`1[[System.String, mscorlib]], mscorlib","$values":["Categories","CatalogItems"]},"Id":"95edc9bf0c674203bba6796d8e0bf0a5","Name":"","Comments":"","Policies":{"$type":"System.Collections.Generic.List`1[[Sitecore.Commerce.Core.Policy, Sitecore.Commerce.Core]], mscorlib","$values":[]},"ChildComponents":{"$type":"System.Collections.Generic.List`1[[Sitecore.Commerce.Core.Component, Sitecore.Commerce.Core]], mscorlib","$values":[]}},{"$type":"Sitecore.Commerce.Plugin.Catalog.RelationshipsComponent, Sitecore.Commerce.Plugin.Catalog","Relationships":{"$type":"System.Collections.Generic.List`1[[Sitecore.Commerce.Plugin.Catalog.Models.Relationship, Sitecore.Commerce.Plugin.Catalog]], mscorlib","$values":[]},"Id":"cf7b4ba216df487fb3d57b2180e1a3b9","Name":"","Comments":"","Policies":{"$type":"System.Collections.Generic.List`1[[Sitecore.Commerce.Core.Policy, Sitecore.Commerce.Core]], mscorlib","$values":[]},"ChildComponents":{"$type":"System.Collections.Generic.List`1[[Sitecore.Commerce.Core.Component, Sitecore.Commerce.Core]], mscorlib","$values":[]}}]},"DateCreated":"2018-02-27T15:30:59.756269+00:00","DateUpdated":"2018-03-19T14:07:24.1691743+00:00","DisplayName":"Featured Products","FriendlyId":"Habitat_Master-FeaturedProducts","Id":"Entity-Category-Habitat_Master-FeaturedProducts","Version":11,"IsPersisted":true,"Name":"FeaturedProducts","Policies":{"$type":"System.Collections.Generic.List`1[[Sitecore.Commerce.Core.Policy, Sitecore.Commerce.Core]], mscorlib","$values":[]}},{"$type":"Sitecore.Commerce.Plugin.Catalog.Category, Sitecore.Commerce.Plugin.Catalog","Description":"Check out Habitats Fitness/Activity Trackers.","SitecoreId":"e2976897-b231-4f6e-9c8c-7ad1e22fb72b","ParentCatalogList":"59ddadc1-9b88-727e-9e14-3f6cf321ae0f","ParentCategoryList":"0bde885c-c3aa-7bf3-9cab-d93a2af168ac","ChildrenSellableItemList":"8fd88e39-5060-b596-dd58-662f127e9c50|a7303a1a-3202-0b42-2ed9-42fa39e8db63|e3369abf-11e1-4557-d36f-226b08e3eaf5|cca13143-e2c1-5229-9fcb-3ecd5b354e22|009d78c5-9ead-1870-3b30-2ea53b1fe1f6|6542de23-a8ec-14f3-34bd-24e1ba871aa2|94f5cb54-f9b6-6a65-62f2-d2010f34e97d","Components":{"$type":"System.Collections.Generic.List`1[[Sitecore.Commerce.Core.Component, Sitecore.Commerce.Core]], mscorlib","$values":[{"$type":"Sitecore.Commerce.Core.LocalizedEntityComponent, Sitecore.Commerce.Core","Entity":{"$type":"Sitecore.Commerce.Core.EntityReference, Sitecore.Commerce.Core","Name":"","EntityTarget":"Entity-LocalizationEntity-9de81b626d8c406dae062fd6923b060e","Policies":{"$type":"System.Collections.Generic.List`1[[Sitecore.Commerce.Core.Policy, Sitecore.Commerce.Core]], mscorlib","$values":[]}},"Id":"8ee9249158724b7a8104856ffd516669","Name":"","Comments":"","Policies":{"$type":"System.Collections.Generic.List`1[[Sitecore.Commerce.Core.Policy, Sitecore.Commerce.Core]], mscorlib","$values":[]},"ChildComponents":{"$type":"System.Collections.Generic.List`1[[Sitecore.Commerce.Core.Component, Sitecore.Commerce.Core]], mscorlib","$values":[]}},{"$type":"Sitecore.Commerce.Plugin.ManagedLists.ListMembershipsComponent, Sitecore.Commerce.Plugin.ManagedLists","Memberships":{"$type":"System.Collections.Generic.List`1[[System.String, mscorlib]], mscorlib","$values":["Categories","CatalogItems"]},"Id":"8b4f422885fe486db8f545090c189836","Name":"","Comments":"","Policies":{"$type":"System.Collections.Generic.List`1[[Sitecore.Commerce.Core.Policy, Sitecore.Commerce.Core]], mscorlib","$values":[]},"ChildComponents":{"$type":"System.Collections.Generic.List`1[[Sitecore.Commerce.Core.Component, Sitecore.Commerce.Core]], mscorlib","$values":[]}},{"$type":"Sitecore.Commerce.Plugin.Catalog.RelationshipsComponent, Sitecore.Commerce.Plugin.Catalog","Relationships":{"$type":"System.Collections.Generic.List`1[[Sitecore.Commerce.Plugin.Catalog.Models.Relationship, Sitecore.Commerce.Plugin.Catalog]], mscorlib","$values":[]},"Id":"a118c265f68c494188e058f7e5dbb59b","Name":"","Comments":"","Policies":{"$type":"System.Collections.Generic.List`1[[Sitecore.Commerce.Core.Policy, Sitecore.Commerce.Core]], mscorlib","$values":[]},"ChildComponents":{"$type":"System.Collections.Generic.List`1[[Sitecore.Commerce.Core.Component, Sitecore.Commerce.Core]], mscorlib","$values":[]}}]},"DateCreated":"2018-02-27T15:31:01.5561897+00:00","DateUpdated":"2018-03-19T14:06:50.1381556+00:00","DisplayName":"Fitness/Activity Trackers","FriendlyId":"Habitat_Master-Fitness Activity Trackers","Id":"Entity-Category-Habitat_Master-Fitness Activity Trackers","Version":4,"IsPersisted":true,"Name":"Fitness Activity Trackers","Policies":{"$type":"System.Collections.Generic.List`1[[Sitecore.Commerce.Core.Policy, Sitecore.Commerce.Core]], mscorlib","$values":[]}},{"$type":"Sitecore.Commerce.Plugin.Catalog.Category, Sitecore.Commerce.Plugin.Catalog","Description":"Habitat NextCube offers a world of adventure for new gamers and seasoned pros alike. Wireless controllers put you in the driver's seat. Our Sensor Bar puts your every move into the game.","SitecoreId":"c4623f4f-3167-0ef3-0b8d-d1884233ff53","ParentCatalogList":"59ddadc1-9b88-727e-9e14-3f6cf321ae0f","ParentCategoryList":"b893c063-6238-ed57-700d-72862c56038d","ChildrenCategoryList":"0a73a68b-09d3-170b-bcae-2ad8b74da488|b6c43dca-3178-a8b3-a6a3-62078a309da6|c3ae4b30-c20d-1f98-232f-e04ecce4d873|7199cb3b-5aa3-bc42-5d1b-1accf315d932","ChildrenSellableItemList":"507f8ed2-ce2d-f426-b211-6033f291bf62|7024fb0d-66d8-58ae-2a95-371e57d22db1|2d3c1fba-2de6-b81d-4357-29e34dac983d|47c395e8-b52e-5870-a4d3-25f28d750df0|4419fb53-d9d1-3dc7-6f46-0fe93d24d7b1|cb64d001-1fbe-59dd-efc2-318da7e1d409|64ee2477-4daf-1835-773a-d3d2516eac10|d34b293b-330d-b047-cf10-e7a1578126d4|23e8a97e-b2d6-146e-d962-b3e3bd6fd2db|fce774eb-e1e6-2cec-65db-021b47cdb24f|8ac9fb06-0473-a83b-3b35-c6ef46f1ed11|49e99bfe-7e3f-2ee3-00d3-17c8a9e25957|0d90bd3d-d37f-833d-29db-fe55636c3948|888f7102-287b-690b-9fb2-e0c4b1faa875|f2b0874d-3467-f796-f73f-e1e61d9d23bb|4c5bf625-bca5-ab00-de98-0338cf27cc04|3186cbf1-196c-5f4f-4ba5-d41e9e20f9f8|57e31714-635f-4232-964c-f405ff5424a2|4389608f-a7fa-78ab-c731-18f10e005b0f|984124ea-2714-f146-ea05-74692457c826|5cd6d5d2-b2f0-ff23-a31e-4ab5f93f60ee|9d744ed1-3039-2dae-aa3a-97a6e4e18fdc|744fd05a-43e6-bec7-d364-c258b8dafcae|cf52784e-44cb-d53c-13a6-8ba0464a45a0|c58e6717-ed3f-7b77-f6d1-b48560267936|489bd80f-6a05-98d4-b75f-f984bfe947f3|f1b42e8e-9c63-8a2c-1eae-1f18570b4e5f|5b6250f0-e30a-c1d8-ef7c-7c42ca211896|ecda7c6a-69b5-a90c-a942-7e208129cfd9|0aa3786e-0d7c-ca6c-56d5-279d15730b14|2648e3db-2926-f7c8-f1f4-5e2aa6ff7980|b65fb716-ce99-4fb6-45f1-4e46f2e849a7|da8a841f-ba5a-b3df-2295-3f09b5a58ad8|e3c5ca87-45a8-bc22-5824-a1a9c298bd53|f9506c8e-fde9-9f6b-a653-bcc5bc91b9f5|550118dc-e465-1494-944b-f705246e33a9|ab373121-14e4-293d-1a18-e6e584e2581c|e7e8c70d-5e10-80a4-2610-66468060d023|2dbbfff5-b934-1519-d6e0-af9471471a3a|d601d506-06ad-37df-6232-2f7a43bd5440|3f3db683-d2a0-eb62-21e5-caa4ff670f8d|5b3b2b0b-5856-d428-6fd9-f1c3601eeed5|b891488f-2d73-f299-5fd3-9f0c264a5061|78b946b8-b52a-8de3-297a-aea964685fb8|18fe58ed-5d47-b75f-4494-d73ef166c569|3f89d08d-1634-0fd6-c73f-297da605d6fa|23684343-fccc-b1fa-eba6-b99ae9c0254f|634a63a0-8e2f-f4ea-9a42-980834e1f50c|c7b0e909-fa6c-b9b9-d48e-396b95cb21ad|e37aff75-07ef-e920-3265-8aac9c381624|9fa4d628-1990-50d8-9739-53a10d839e0a|2e6c309a-fc36-e9b2-8b14-bc483fedc436|d11744b4-f059-24bd-85cb-ac2a8c024f86|b28ec849-0388-1aae-9913-455bdbf648b7|c867b273-7cc9-05ab-60e5-3299bf6a1e90|fce95338-71f1-84cf-7639-24619ed5bd4c|4c00e1a5-cad6-0fd5-817d-8ce9ba604c5d|35dcb2bd-d4f6-4ab5-89a2-382b843ac25b|ba4943ef-e3be-ef24-66e8-a9deaad90570|fb444154-f6c5-7321-255e-54f86987eedd|0e1fc0e0-9b9b-a432-191e-ffa3c4cb84dd|fa77157a-d39b-5042-262a-77043afdfde1|dd743c03-c97a-7f11-a167-70a84886e5c7|17e67904-1b7e-58fa-6604-30faff803d3c|5277ea60-d96c-62e5-67b0-4f571e7cf217|cc7daea5-4ac7-963b-a062-93c97109eeeb|fd05d43d-174f-3aa6-b558-96dabb51aa3d|4edc9345-1006-56fd-1d9f-31bc24609a2c|af53ef1f-9503-3b80-a2e6-a63d2c23e233|c7aa44d6-bd31-2a61-4189-64b520a881fd|23ad0751-59e1-c5f0-b49e-163f902e2a5a|b03abc86-c522-3750-46a8-18c59d7d0249|794162ac-2f91-0100-5eed-7d229f251a66|b2dff672-fd86-889b-0b9a-1afb4b78aaa6|178d53b0-43f8-d0aa-5b22-ce66687554a2|290b39f5-9938-17c7-88b9-ceba6a981ccd|a97b6a12-d2ee-a6b3-3a2a-e4a064729431|1a18112e-29ed-dfd5-e384-2727702e5e6c|66bf66ba-5262-3ff0-5fe3-5a3ed022bc65|bd6fafe9-1711-92b8-c7ee-025af2865987|54ba24b5-37d4-a2fd-7cdf-a89b59bf5832|fa7b9558-5cca-08d0-54db-afa21ce18f81|a6dda2ea-cb61-f64b-8acf-96eae4153293|140c8615-ec62-acf7-f399-acc1cc094667|0870a660-b1e0-be83-8528-8e7a136b4eda|80bf831c-b68d-3ab8-48ea-a5a59068f3cf|e74eccc5-1cbb-a984-1b40-7e0de9524712|42aaf399-4feb-6419-2cbb-54cba276d6cf|c0b4bffa-c232-a3be-54e3-a97dd8f0f7dc|1e5a4205-8f01-36ec-414c-f7ec49ae52ab|af182f96-2c66-413b-019a-23a872407a37|d8948a10-ffdf-7425-1cd1-ac4df70690eb|1e49c200-e732-f3bc-9711-8f643e0f3b13|72013579-a5ff-c8eb-ef24-c99129df048a|05ef55d1-4f51-70b4-ec09-831091f34163|439cc42a-5fcf-9d16-36cb-59711334c4cd|dfaadb11-3890-a79a-7f59-4aa60c0c519e|8f48e186-2de0-6396-9ea6-a49155fec45d|cd9e747a-f343-405c-a99b-93280009af3d|8d70acae-367c-4228-4830-ba64b2e4aa62|a3b3a4ce-6730-b76c-4571-9079ee6b2057|1de57fc5-9bc8-aadd-eee6-28a9ff4f2d0a|94b57729-a804-0037-a665-5afeb6f42596|d15a7cca-1004-3c3d-1369-e93e7465b436|7b45eab8-d168-cac1-a394-eb13b0e60510|a41b0f97-ee10-6d53-aee0-927a6ac3b664|b19d5afa-f60e-8cb3-85fe-10f54feb62be|f3e5489a-3b81-f3ed-6e10-e04d91bc8411|622eb3cb-6210-d446-4008-5b7a7b7b4667|96167f8b-a9b6-7246-1da3-68012bbf5baa|d21e0bff-c54c-4c4b-6048-255fcd1d5ac1|aa01e789-83e2-6324-8c90-bec0ec24749e|7af40f40-8f15-1fbd-e643-cf6290e8505d|40c24a90-7fca-2b9c-82f0-86cadc0b363d|5ef8a90c-c7e6-4500-7144-b3262668fbf5|c673c299-04a2-bc3d-411d-4a88f3d13a3e|13cbc0f1-7d9c-4cb6-6487-03dc72572066|58aa656f-ad4a-c05f-2a27-2e1225070a1d|9bacc4e6-0ce0-a79e-de28-041218c7dca5|181864f6-f864-5aa6-ca68-bcb8f10cb9be|de3dca90-eb21-74ef-3b7e-725e0e934a8f|e5526c4b-4e93-f350-7865-796fa779e23f","Components":{"$type":"System.Collections.Generic.List`1[[Sitecore.Commerce.Core.Component, Sitecore.Commerce.Core]], mscorlib","$values":[{"$type":"Sitecore.Commerce.Core.LocalizedEntityComponent, Sitecore.Commerce.Core","Entity":{"$type":"Sitecore.Commerce.Core.EntityReference, Sitecore.Commerce.Core","Name":"","EntityTarget":"Entity-LocalizationEntity-39ddc9cbafb74fac9096fe37d8d18931","Policies":{"$type":"System.Collections.Generic.List`1[[Sitecore.Commerce.Core.Policy, Sitecore.Commerce.Core]], mscorlib","$values":[]}},"Id":"afdcb7711e35428f9fa052fbe7832901","Name":"","Comments":"","Policies":{"$type":"System.Collections.Generic.List`1[[Sitecore.Commerce.Core.Policy, Sitecore.Commerce.Core]], mscorlib","$values":[]},"ChildComponents":{"$type":"System.Collections.Generic.List`1[[Sitecore.Commerce.Core.Component, Sitecore.Commerce.Core]], mscorlib","$values":[]}},{"$type":"Sitecore.Commerce.Plugin.ManagedLists.ListMembershipsComponent, Sitecore.Commerce.Plugin.ManagedLists","Memberships":{"$type":"System.Collections.Generic.List`1[[System.String, mscorlib]], mscorlib","$values":["Categories","CatalogItems"]},"Id":"39c7d43f25e4448594f69d1f2b5b9c08","Name":"","Comments":"","Policies":{"$type":"System.Collections.Generic.List`1[[Sitecore.Commerce.Core.Policy, Sitecore.Commerce.Core]], mscorlib","$values":[]},"ChildComponents":{"$type":"System.Collections.Generic.List`1[[Sitecore.Commerce.Core.Component, Sitecore.Commerce.Core]], mscorlib","$values":[]}},{"$type":"Sitecore.Commerce.Plugin.Catalog.RelationshipsComponent, Sitecore.Commerce.Plugin.Catalog","Relationships":{"$type":"System.Collections.Generic.List`1[[Sitecore.Commerce.Plugin.Catalog.Models.Relationship, Sitecore.Commerce.Plugin.Catalog]], mscorlib","$values":[]},"Id":"cedb81621b324251b4b10527b525f752","Name":"","Comments":"","Policies":{"$type":"System.Collections.Generic.List`1[[Sitecore.Commerce.Core.Policy, Sitecore.Commerce.Core]], mscorlib","$values":[]},"ChildComponents":{"$type":"System.Collections.Generic.List`1[[Sitecore.Commerce.Core.Component, Sitecore.Commerce.Core]], mscorlib","$values":[]}}]},"DateCreated":"2018-02-27T15:31:01.3941188+00:00","DateUpdated":"2018-03-19T14:06:45.0140367+00:00","DisplayName":"Gaming","FriendlyId":"Habitat_Master-Gaming","Id":"Entity-Category-Habitat_Master-Gaming","Version":28,"IsPersisted":true,"Name":"Gaming","Policies":{"$type":"System.Collections.Generic.List`1[[Sitecore.Commerce.Core.Policy, Sitecore.Commerce.Core]], mscorlib","$values":[]}}]}