{"$type":"System.Collections.Generic.List`1[[Sitecore.Commerce.Plugin.Catalog.RelationshipDefinition, Sitecore.Commerce.Plugin.Catalog]], mscorlib","$values":[{"$type":"Sitecore.Commerce.Plugin.Catalog.RelationshipDefinition, Sitecore.Commerce.Plugin.Catalog","RelationshipDescription":"CrossSellProduct","SourceType":"Sitecore.Commerce.Plugin.Catalog.SellableItem, Sitecore.Commerce.Plugin.Catalog","TargetType":"Sitecore.Commerce.Plugin.Catalog.SellableItem, Sitecore.Commerce.Plugin.Catalog","RenderList":true,"Components":{"$type":"System.Collections.Generic.List`1[[Sitecore.Commerce.Core.Component, Sitecore.Commerce.Core]], mscorlib","$values":[{"$type":"Sitecore.Commerce.Plugin.ManagedLists.ListMembershipsComponent, Sitecore.Commerce.Plugin.ManagedLists","Memberships":{"$type":"System.Collections.Generic.List`1[[System.String, mscorlib]], mscorlib","$values":["CustomRelationshipDefinitions"]},"Id":"ccac1c4a4db44e71be0cc3c4bee4554d","Name":"","Comments":"","Policies":{"$type":"System.Collections.Generic.List`1[[Sitecore.Commerce.Core.Policy, Sitecore.Commerce.Core]], mscorlib","$values":[]},"ChildComponents":{"$type":"System.Collections.Generic.List`1[[Sitecore.Commerce.Core.Component, Sitecore.Commerce.Core]], mscorlib","$values":[]}}]},"DateCreated":"2018-03-19T14:03:01.9037283+00:00","DateUpdated":"2018-03-19T14:03:02.6367363+00:00","DisplayName":"CrossSellProduct","FriendlyId":"CrossSellProduct","Id":"Entity-RelationshipDefinition-CrossSellProduct","Version":1,"IsPersisted":true,"Name":"CrossSellProduct","Policies":{"$type":"System.Collections.Generic.List`1[[Sitecore.Commerce.Core.Policy, Sitecore.Commerce.Core]], mscorlib","$values":[]}},{"$type":"Sitecore.Commerce.Plugin.Catalog.RelationshipDefinition, Sitecore.Commerce.Plugin.Catalog","RelationshipDescription":"InstallationProduct","SourceType":"Sitecore.Commerce.Plugin.Catalog.SellableItem, Sitecore.Commerce.Plugin.Catalog","TargetType":"Sitecore.Commerce.Plugin.Catalog.SellableItem, Sitecore.Commerce.Plugin.Catalog","RenderList":true,"Components":{"$type":"System.Collections.Generic.List`1[[Sitecore.Commerce.Core.Component, Sitecore.Commerce.Core]], mscorlib","$values":[{"$type":"Sitecore.Commerce.Plugin.ManagedLists.ListMembershipsComponent, Sitecore.Commerce.Plugin.ManagedLists","Memberships":{"$type":"System.Collections.Generic.List`1[[System.String, mscorlib]], mscorlib","$values":["CustomRelationshipDefinitions"]},"Id":"14c8a58ecdb8475f92680a8ced950154","Name":"","Comments":"","Policies":{"$type":"System.Collections.Generic.List`1[[Sitecore.Commerce.Core.Policy, Sitecore.Commerce.Core]], mscorlib","$values":[]},"ChildComponents":{"$type":"System.Collections.Generic.List`1[[Sitecore.Commerce.Core.Component, Sitecore.Commerce.Core]], mscorlib","$values":[]}}]},"DateCreated":"2018-03-19T14:03:01.9257287+00:00","DateUpdated":"2018-03-19T14:03:02.6387378+00:00","DisplayName":"InstallationProduct","FriendlyId":"InstallationProduct","Id":"Entity-RelationshipDefinition-InstallationProduct","Version":1,"IsPersisted":true,"Name":"InstallationProduct","Policies":{"$type":"System.Collections.Generic.List`1[[Sitecore.Commerce.Core.Policy, Sitecore.Commerce.Core]], mscorlib","$values":[]}},{"$type":"Sitecore.Commerce.Plugin.Catalog.RelationshipDefinition, Sitecore.Commerce.Plugin.Catalog","RelationshipDescription":"RelatedProduct","SourceType":"Sitecore.Commerce.Plugin.Catalog.SellableItem, Sitecore.Commerce.Plugin.Catalog","TargetType":"Sitecore.Commerce.Plugin.Catalog.SellableItem, Sitecore.Commerce.Plugin.Catalog","RenderList":true,"Components":{"$type":"System.Collections.Generic.List`1[[Sitecore.Commerce.Core.Component, Sitecore.Commerce.Core]], mscorlib","$values":[{"$type":"Sitecore.Commerce.Plugin.ManagedLists.ListMembershipsComponent, Sitecore.Commerce.Plugin.ManagedLists","Memberships":{"$type":"System.Collections.Generic.List`1[[System.String, mscorlib]], mscorlib","$values":["CustomRelationshipDefinitions"]},"Id":"8ead223e488a4c9b88943b409601f0fa","Name":"","Comments":"","Policies":{"$type":"System.Collections.Generic.List`1[[Sitecore.Commerce.Core.Policy, Sitecore.Commerce.Core]], mscorlib","$values":[]},"ChildComponents":{"$type":"System.Collections.Generic.List`1[[Sitecore.Commerce.Core.Component, Sitecore.Commerce.Core]], mscorlib","$values":[]}}]},"DateCreated":"2018-03-19T14:03:01.9097291+00:00","DateUpdated":"2018-03-19T14:03:02.6407386+00:00","DisplayName":"RelatedProduct","FriendlyId":"RelatedProduct","Id":"Entity-RelationshipDefinition-RelatedProduct","Version":1,"IsPersisted":true,"Name":"RelatedProduct","Policies":{"$type":"System.Collections.Generic.List`1[[Sitecore.Commerce.Core.Policy, Sitecore.Commerce.Core]], mscorlib","$values":[]}},{"$type":"Sitecore.Commerce.Plugin.Catalog.RelationshipDefinition, Sitecore.Commerce.Plugin.Catalog","RelationshipDescription":"TrainingProduct","SourceType":"Sitecore.Commerce.Plugin.Catalog.SellableItem, Sitecore.Commerce.Plugin.Catalog","TargetType":"Sitecore.Commerce.Plugin.Catalog.SellableItem, Sitecore.Commerce.Plugin.Catalog","RenderList":true,"Components":{"$type":"System.Collections.Generic.List`1[[Sitecore.Commerce.Core.Component, Sitecore.Commerce.Core]], mscorlib","$values":[{"$type":"Sitecore.Commerce.Plugin.ManagedLists.ListMembershipsComponent, Sitecore.Commerce.Plugin.ManagedLists","Memberships":{"$type":"System.Collections.Generic.List`1[[System.String, mscorlib]], mscorlib","$values":["CustomRelationshipDefinitions"]},"Id":"1434d16d5fde419cb1d4be36332b93d9","Name":"","Comments":"","Policies":{"$type":"System.Collections.Generic.List`1[[Sitecore.Commerce.Core.Policy, Sitecore.Commerce.Core]], mscorlib","$values":[]},"ChildComponents":{"$type":"System.Collections.Generic.List`1[[Sitecore.Commerce.Core.Component, Sitecore.Commerce.Core]], mscorlib","$values":[]}}]},"DateCreated":"2018-03-19T14:03:01.9467292+00:00","DateUpdated":"2018-03-19T14:03:02.6417383+00:00","DisplayName":"TrainingProduct","FriendlyId":"TrainingProduct","Id":"Entity-RelationshipDefinition-TrainingProduct","Version":1,"IsPersisted":true,"Name":"TrainingProduct","Policies":{"$type":"System.Collections.Generic.List`1[[Sitecore.Commerce.Core.Policy, Sitecore.Commerce.Core]], mscorlib","$values":[]}},{"$type":"Sitecore.Commerce.Plugin.Catalog.RelationshipDefinition, Sitecore.Commerce.Plugin.Catalog","RelationshipDescription":"UpSellCategory","SourceType":"Sitecore.Commerce.Plugin.Catalog.SellableItem, Sitecore.Commerce.Plugin.Catalog","TargetType":"Sitecore.Commerce.Plugin.Catalog.Category, Sitecore.Commerce.Plugin.Catalog","RenderList":true,"Components":{"$type":"System.Collections.Generic.List`1[[Sitecore.Commerce.Core.Component, Sitecore.Commerce.Core]], mscorlib","$values":[{"$type":"Sitecore.Commerce.Plugin.ManagedLists.ListMembershipsComponent, Sitecore.Commerce.Plugin.ManagedLists","Memberships":{"$type":"System.Collections.Generic.List`1[[System.String, mscorlib]], mscorlib","$values":["CustomRelationshipDefinitions"]},"Id":"eda60e6e634241788044b7ad1c386769","Name":"","Comments":"","Policies":{"$type":"System.Collections.Generic.List`1[[Sitecore.Commerce.Core.Policy, Sitecore.Commerce.Core]], mscorlib","$values":[]},"ChildComponents":{"$type":"System.Collections.Generic.List`1[[Sitecore.Commerce.Core.Component, Sitecore.Commerce.Core]], mscorlib","$values":[]}}]},"DateCreated":"2018-03-19T14:03:01.9037283+00:00","DateUpdated":"2018-03-19T14:03:02.6397376+00:00","DisplayName":"UpSellCategory","FriendlyId":"UpSellCategory","Id":"Entity-RelationshipDefinition-UpSellCategory","Version":1,"IsPersisted":true,"Name":"UpSellCategory","Policies":{"$type":"System.Collections.Generic.List`1[[Sitecore.Commerce.Core.Policy, Sitecore.Commerce.Core]], mscorlib","$values":[]}},{"$type":"Sitecore.Commerce.Plugin.Catalog.RelationshipDefinition, Sitecore.Commerce.Plugin.Catalog","RelationshipDescription":"UpSellProduct","SourceType":"Sitecore.Commerce.Plugin.Catalog.SellableItem, Sitecore.Commerce.Plugin.Catalog","TargetType":"Sitecore.Commerce.Plugin.Catalog.SellableItem, Sitecore.Commerce.Plugin.Catalog","RenderList":true,"Components":{"$type":"System.Collections.Generic.List`1[[Sitecore.Commerce.Core.Component, Sitecore.Commerce.Core]], mscorlib","$values":[{"$type":"Sitecore.Commerce.Plugin.ManagedLists.ListMembershipsComponent, Sitecore.Commerce.Plugin.ManagedLists","Memberships":{"$type":"System.Collections.Generic.List`1[[System.String, mscorlib]], mscorlib","$values":["CustomRelationshipDefinitions"]},"Id":"0ec045964b4b41cfa814ea02fc15e915","Name":"","Comments":"","Policies":{"$type":"System.Collections.Generic.List`1[[Sitecore.Commerce.Core.Policy, Sitecore.Commerce.Core]], mscorlib","$values":[]},"ChildComponents":{"$type":"System.Collections.Generic.List`1[[Sitecore.Commerce.Core.Component, Sitecore.Commerce.Core]], mscorlib","$values":[]}}]},"DateCreated":"2018-03-19T14:03:01.9437298+00:00","DateUpdated":"2018-03-19T14:03:02.6427388+00:00","DisplayName":"UpSellProduct","FriendlyId":"UpSellProduct","Id":"Entity-RelationshipDefinition-UpSellProduct","Version":1,"IsPersisted":true,"Name":"UpSellProduct","Policies":{"$type":"System.Collections.Generic.List`1[[Sitecore.Commerce.Core.Policy, Sitecore.Commerce.Core]], mscorlib","$values":[]}},{"$type":"Sitecore.Commerce.Plugin.Catalog.RelationshipDefinition, Sitecore.Commerce.Plugin.Catalog","RelationshipDescription":"WarrantyProduct","SourceType":"Sitecore.Commerce.Plugin.Catalog.SellableItem, Sitecore.Commerce.Plugin.Catalog","TargetType":"Sitecore.Commerce.Plugin.Catalog.SellableItem, Sitecore.Commerce.Plugin.Catalog","RenderList":true,"Components":{"$type":"System.Collections.Generic.List`1[[Sitecore.Commerce.Core.Component, Sitecore.Commerce.Core]], mscorlib","$values":[{"$type":"Sitecore.Commerce.Plugin.ManagedLists.ListMembershipsComponent, Sitecore.Commerce.Plugin.ManagedLists","Memberships":{"$type":"System.Collections.Generic.List`1[[System.String, mscorlib]], mscorlib","$values":["CustomRelationshipDefinitions"]},"Id":"afdc25c2993440d3bfb9aa51a8dc8dbb","Name":"","Comments":"","Policies":{"$type":"System.Collections.Generic.List`1[[Sitecore.Commerce.Core.Policy, Sitecore.Commerce.Core]], mscorlib","$values":[]},"ChildComponents":{"$type":"System.Collections.Generic.List`1[[Sitecore.Commerce.Core.Component, Sitecore.Commerce.Core]], mscorlib","$values":[]}}]},"DateCreated":"2018-03-19T14:03:01.915728+00:00","DateUpdated":"2018-03-19T14:03:02.6367363+00:00","DisplayName":"WarrantyProduct","FriendlyId":"WarrantyProduct","Id":"Entity-RelationshipDefinition-WarrantyProduct","Version":1,"IsPersisted":true,"Name":"WarrantyProduct","Policies":{"$type":"System.Collections.Generic.List`1[[Sitecore.Commerce.Core.Policy, Sitecore.Commerce.Core]], mscorlib","$values":[]}}]}