{"$type":"System.Collections.Generic.List`1[[Sitecore.Commerce.Plugin.Catalog.Catalog, Sitecore.Commerce.Plugin.Catalog]], mscorlib","$values":[{"$type":"Sitecore.Commerce.Plugin.Catalog.Catalog, Sitecore.Commerce.Plugin.Catalog","PriceBookName":"Habitat_PriceBook","PromotionBookName":"Habitat_PromotionBook","DefaultInventorySetName":"Habitat_Inventory","SitecoreId":"59ddadc1-9b88-727e-9e14-3f6cf321ae0f","ParentCatalogList":"08bfb57f-dac9-4b11-90c5-5d19647899ef","ChildrenCategoryList":"b893c063-6238-ed57-700d-72862c56038d|c1114488-2d5f-39c7-5e16-42f64d5f2d4a|871c3b62-ce96-ad61-dabe-10db020f02c5|f8c5fd55-5530-486d-8851-83a78e1c398e","IsBundle":false,"Components":{"$type":"System.Collections.Generic.List`1[[Sitecore.Commerce.Core.Component, Sitecore.Commerce.Core]], mscorlib","$values":[{"$type":"Sitecore.Commerce.Core.LocalizedEntityComponent, Sitecore.Commerce.Core","Entity":{"$type":"Sitecore.Commerce.Core.EntityReference, Sitecore.Commerce.Core","EntityTarget":"Entity-LocalizationEntity-d98dcf85110349d1830581ab8869f5e5"},"Id":"2207e2b9a1ed4097aa1734e2c865097b"},{"$type":"Sitecore.Commerce.Plugin.Catalog.RelationshipsComponent, Sitecore.Commerce.Plugin.Catalog","Id":"f1c71031ed504d39b7f46a3865a44fd0"},{"$type":"Sitecore.Commerce.Plugin.Catalog.ExternalSettingsComponent, Sitecore.Commerce.Plugin.Catalog","Settings":"{\"59ddadc1-9b88-727e-9e14-3f6cf321ae0f\":{\"en\":{\"__Updated\":\"20190306T174014Z\",\"__Revision\":\"0e5ced80-96a9-4f8c-841e-a9d702596af8\",\"__Updated by\":\"sitecore\\\\Admin\"},\"shared\":{\"CategoryTemplate\":\"{9241219A-8F66-4662-AEFE-7BB19FB29B6D}\",\"ProductTemplate\":\"{63842356-2202-46C3-AB72-17E79EF4CA2D}\",\"StaticBundleTemplate\":\"{62DE078A-E492-4DA6-83D6-701522021283}\",\"ProductVariantTemplate\":\"{2526FABE-B1A6-461E-A42A-CBB108DB1190}\",\"DynamicBundleTemplate\":\"{62DE078A-E492-4DA6-83D6-701522021283}\"}}}","Id":"1d3a4eb1561b4cd388d37f8821ddf1b2"}]},"UpdatedBy":"sitecore\\demoadmin","DateCreated":"2018-02-27T15:30:59.6364535+00:00","DateUpdated":"2019-08-08T20:31:26.7335633+00:00","DisplayName":"Habitat Master","FriendlyId":"Habitat_Master","Id":"Entity-Catalog-Habitat_Master","Version":4,"EntityVersion":1,"Published":true,"IsPersisted":true,"Name":"Habitat_Master","UniqueId":"d007ae4e-8eee-ab92-a03d-1d97760ec1c7"}]}