{"$type":"System.Collections.Generic.List`1[[Sitecore.Commerce.Plugin.Catalog.RelationshipArgument, Sitecore.Commerce.Plugin.Catalog]], mscorlib","$values":[{"$type":"Sitecore.Commerce.Plugin.Catalog.RelationshipArgument, Sitecore.Commerce.Plugin.Catalog","SourceName":"Entity-Catalog-Habitat_Master_Regional","TargetName":"Entity-Category-Habitat_Master_Regional-Assortments","RelationshipType":"CatalogToCategory"},{"$type":"Sitecore.Commerce.Plugin.Catalog.RelationshipArgument, Sitecore.Commerce.Plugin.Catalog","SourceName":"Entity-Catalog-Habitat_Master_Regional","TargetName":"Entity-Category-Habitat_Master_Regional-Departments","RelationshipType":"CatalogToCategory"},{"$type":"Sitecore.Commerce.Plugin.Catalog.RelationshipArgument, Sitecore.Commerce.Plugin.Catalog","SourceName":"Entity-Catalog-Habitat_Master_Regional","TargetName":"Entity-Category-Habitat_Master_Regional-FeaturedProducts","RelationshipType":"CatalogToCategory"},{"$type":"Sitecore.Commerce.Plugin.Catalog.RelationshipArgument, Sitecore.Commerce.Plugin.Catalog","SourceName":"Entity-Catalog-Habitat_Master_Regional","TargetName":"Entity-Category-Habitat_Master_Regional-Performance Accessories","RelationshipType":"CatalogToCategory"}]}