{"$type":"System.Collections.Generic.List`1[[Sitecore.Commerce.Plugin.Catalog.RelationshipArgument, Sitecore.Commerce.Plugin.Catalog]], mscorlib","$values":[{"$type":"Sitecore.Commerce.Plugin.Catalog.RelationshipArgument, Sitecore.Commerce.Plugin.Catalog","SourceName":"Entity-SellableItem-6042299","TargetName":"Entity-SellableItem-6042272","RelationshipType":"UpSellProduct"},{"$type":"Sitecore.Commerce.Plugin.Catalog.RelationshipArgument, Sitecore.Commerce.Plugin.Catalog","SourceName":"Entity-SellableItem-6042299","TargetName":"Entity-SellableItem-6042273","RelationshipType":"UpSellProduct"},{"$type":"Sitecore.Commerce.Plugin.Catalog.RelationshipArgument, Sitecore.Commerce.Plugin.Catalog","SourceName":"Entity-SellableItem-6042299","TargetName":"Entity-SellableItem-6042274","RelationshipType":"UpSellProduct"},{"$type":"Sitecore.Commerce.Plugin.Catalog.RelationshipArgument, Sitecore.Commerce.Plugin.Catalog","SourceName":"Entity-SellableItem-6042299","TargetName":"Entity-SellableItem-6042275","RelationshipType":"UpSellProduct"},{"$type":"Sitecore.Commerce.Plugin.Catalog.RelationshipArgument, Sitecore.Commerce.Plugin.Catalog","SourceName":"Entity-SellableItem-6042299","TargetName":"Entity-SellableItem-6042276","RelationshipType":"UpSellProduct"},{"$type":"Sitecore.Commerce.Plugin.Catalog.RelationshipArgument, Sitecore.Commerce.Plugin.Catalog","SourceName":"Entity-SellableItem-6042299","TargetName":"Entity-SellableItem-6042277","RelationshipType":"UpSellProduct"},{"$type":"Sitecore.Commerce.Plugin.Catalog.RelationshipArgument, Sitecore.Commerce.Plugin.Catalog","SourceName":"Entity-SellableItem-6042299","TargetName":"Entity-SellableItem-6042278","RelationshipType":"UpSellProduct"},{"$type":"Sitecore.Commerce.Plugin.Catalog.RelationshipArgument, Sitecore.Commerce.Plugin.Catalog","SourceName":"Entity-SellableItem-6042299","TargetName":"Entity-SellableItem-6042279","RelationshipType":"UpSellProduct"},{"$type":"Sitecore.Commerce.Plugin.Catalog.RelationshipArgument, Sitecore.Commerce.Plugin.Catalog","SourceName":"Entity-SellableItem-6042299","TargetName":"Entity-SellableItem-6042280","RelationshipType":"UpSellProduct"},{"$type":"Sitecore.Commerce.Plugin.Catalog.RelationshipArgument, Sitecore.Commerce.Plugin.Catalog","SourceName":"Entity-SellableItem-6042299","TargetName":"Entity-SellableItem-6042281","RelationshipType":"UpSellProduct"},{"$type":"Sitecore.Commerce.Plugin.Catalog.RelationshipArgument, Sitecore.Commerce.Plugin.Catalog","SourceName":"Entity-SellableItem-6042299","TargetName":"Entity-SellableItem-6042286","RelationshipType":"UpSellProduct"},{"$type":"Sitecore.Commerce.Plugin.Catalog.RelationshipArgument, Sitecore.Commerce.Plugin.Catalog","SourceName":"Entity-SellableItem-6042299","TargetName":"Entity-SellableItem-6042287","RelationshipType":"UpSellProduct"},{"$type":"Sitecore.Commerce.Plugin.Catalog.RelationshipArgument, Sitecore.Commerce.Plugin.Catalog","SourceName":"Entity-SellableItem-6042299","TargetName":"Entity-SellableItem-6042288","RelationshipType":"UpSellProduct"},{"$type":"Sitecore.Commerce.Plugin.Catalog.RelationshipArgument, Sitecore.Commerce.Plugin.Catalog","SourceName":"Entity-SellableItem-6042299","TargetName":"Entity-SellableItem-6042289","RelationshipType":"UpSellProduct"},{"$type":"Sitecore.Commerce.Plugin.Catalog.RelationshipArgument, Sitecore.Commerce.Plugin.Catalog","SourceName":"Entity-SellableItem-6042299","TargetName":"Entity-SellableItem-6042290","RelationshipType":"UpSellProduct"}]}