{"$type":"System.Collections.Generic.List`1[[Sitecore.Commerce.Plugin.Catalog.RelationshipArgument, Sitecore.Commerce.Plugin.Catalog]], mscorlib","$values":[{"$type":"Sitecore.Commerce.Plugin.Catalog.RelationshipArgument, Sitecore.Commerce.Plugin.Catalog","SourceName":"Entity-SellableItem-6042283","TargetName":"Entity-SellableItem-6042260","RelationshipType":"CrossSellProduct"},{"$type":"Sitecore.Commerce.Plugin.Catalog.RelationshipArgument, Sitecore.Commerce.Plugin.Catalog","SourceName":"Entity-SellableItem-6042283","TargetName":"Entity-SellableItem-6042261","RelationshipType":"CrossSellProduct"},{"$type":"Sitecore.Commerce.Plugin.Catalog.RelationshipArgument, Sitecore.Commerce.Plugin.Catalog","SourceName":"Entity-SellableItem-6042283","TargetName":"Entity-SellableItem-6042262","RelationshipType":"CrossSellProduct"},{"$type":"Sitecore.Commerce.Plugin.Catalog.RelationshipArgument, Sitecore.Commerce.Plugin.Catalog","SourceName":"Entity-SellableItem-6042283","TargetName":"Entity-SellableItem-6042264","RelationshipType":"CrossSellProduct"},{"$type":"Sitecore.Commerce.Plugin.Catalog.RelationshipArgument, Sitecore.Commerce.Plugin.Catalog","SourceName":"Entity-SellableItem-6042283","TargetName":"Entity-SellableItem-6042265","RelationshipType":"CrossSellProduct"},{"$type":"Sitecore.Commerce.Plugin.Catalog.RelationshipArgument, Sitecore.Commerce.Plugin.Catalog","SourceName":"Entity-SellableItem-6042283","TargetName":"Entity-SellableItem-6042266","RelationshipType":"CrossSellProduct"},{"$type":"Sitecore.Commerce.Plugin.Catalog.RelationshipArgument, Sitecore.Commerce.Plugin.Catalog","SourceName":"Entity-SellableItem-6042283","TargetName":"Entity-SellableItem-6042267","RelationshipType":"CrossSellProduct"},{"$type":"Sitecore.Commerce.Plugin.Catalog.RelationshipArgument, Sitecore.Commerce.Plugin.Catalog","SourceName":"Entity-SellableItem-6042283","TargetName":"Entity-SellableItem-6042268","RelationshipType":"CrossSellProduct"},{"$type":"Sitecore.Commerce.Plugin.Catalog.RelationshipArgument, Sitecore.Commerce.Plugin.Catalog","SourceName":"Entity-SellableItem-6042283","TargetName":"Entity-SellableItem-6042269","RelationshipType":"CrossSellProduct"},{"$type":"Sitecore.Commerce.Plugin.Catalog.RelationshipArgument, Sitecore.Commerce.Plugin.Catalog","SourceName":"Entity-SellableItem-6042283","TargetName":"Entity-SellableItem-6042270","RelationshipType":"CrossSellProduct"},{"$type":"Sitecore.Commerce.Plugin.Catalog.RelationshipArgument, Sitecore.Commerce.Plugin.Catalog","SourceName":"Entity-SellableItem-6042283","TargetName":"Entity-SellableItem-6042271","RelationshipType":"CrossSellProduct"},{"$type":"Sitecore.Commerce.Plugin.Catalog.RelationshipArgument, Sitecore.Commerce.Plugin.Catalog","SourceName":"Entity-SellableItem-6042283","TargetName":"Entity-SellableItem-6042272","RelationshipType":"CrossSellProduct"},{"$type":"Sitecore.Commerce.Plugin.Catalog.RelationshipArgument, Sitecore.Commerce.Plugin.Catalog","SourceName":"Entity-SellableItem-6042283","TargetName":"Entity-SellableItem-6042273","RelationshipType":"CrossSellProduct"},{"$type":"Sitecore.Commerce.Plugin.Catalog.RelationshipArgument, Sitecore.Commerce.Plugin.Catalog","SourceName":"Entity-SellableItem-6042283","TargetName":"Entity-SellableItem-6042274","RelationshipType":"CrossSellProduct"},{"$type":"Sitecore.Commerce.Plugin.Catalog.RelationshipArgument, Sitecore.Commerce.Plugin.Catalog","SourceName":"Entity-SellableItem-6042283","TargetName":"Entity-SellableItem-6042275","RelationshipType":"CrossSellProduct"},{"$type":"Sitecore.Commerce.Plugin.Catalog.RelationshipArgument, Sitecore.Commerce.Plugin.Catalog","SourceName":"Entity-SellableItem-6042283","TargetName":"Entity-SellableItem-6042276","RelationshipType":"CrossSellProduct"},{"$type":"Sitecore.Commerce.Plugin.Catalog.RelationshipArgument, Sitecore.Commerce.Plugin.Catalog","SourceName":"Entity-SellableItem-6042283","TargetName":"Entity-SellableItem-6042277","RelationshipType":"CrossSellProduct"},{"$type":"Sitecore.Commerce.Plugin.Catalog.RelationshipArgument, Sitecore.Commerce.Plugin.Catalog","SourceName":"Entity-SellableItem-6042283","TargetName":"Entity-SellableItem-6042278","RelationshipType":"CrossSellProduct"},{"$type":"Sitecore.Commerce.Plugin.Catalog.RelationshipArgument, Sitecore.Commerce.Plugin.Catalog","SourceName":"Entity-SellableItem-6042283","TargetName":"Entity-SellableItem-6042279","RelationshipType":"CrossSellProduct"},{"$type":"Sitecore.Commerce.Plugin.Catalog.RelationshipArgument, Sitecore.Commerce.Plugin.Catalog","SourceName":"Entity-SellableItem-6042283","TargetName":"Entity-SellableItem-6042280","RelationshipType":"CrossSellProduct"},{"$type":"Sitecore.Commerce.Plugin.Catalog.RelationshipArgument, Sitecore.Commerce.Plugin.Catalog","SourceName":"Entity-SellableItem-6042283","TargetName":"Entity-SellableItem-6042281","RelationshipType":"CrossSellProduct"},{"$type":"Sitecore.Commerce.Plugin.Catalog.RelationshipArgument, Sitecore.Commerce.Plugin.Catalog","SourceName":"Entity-SellableItem-6042283","TargetName":"Entity-SellableItem-6042282","RelationshipType":"CrossSellProduct"},{"$type":"Sitecore.Commerce.Plugin.Catalog.RelationshipArgument, Sitecore.Commerce.Plugin.Catalog","SourceName":"Entity-SellableItem-6042283","TargetName":"Entity-SellableItem-6042284","RelationshipType":"CrossSellProduct"},{"$type":"Sitecore.Commerce.Plugin.Catalog.RelationshipArgument, Sitecore.Commerce.Plugin.Catalog","SourceName":"Entity-SellableItem-6042283","TargetName":"Entity-SellableItem-6042285","RelationshipType":"CrossSellProduct"},{"$type":"Sitecore.Commerce.Plugin.Catalog.RelationshipArgument, Sitecore.Commerce.Plugin.Catalog","SourceName":"Entity-SellableItem-6042283","TargetName":"Entity-SellableItem-6042286","RelationshipType":"CrossSellProduct"},{"$type":"Sitecore.Commerce.Plugin.Catalog.RelationshipArgument, Sitecore.Commerce.Plugin.Catalog","SourceName":"Entity-SellableItem-6042283","TargetName":"Entity-SellableItem-6042287","RelationshipType":"CrossSellProduct"},{"$type":"Sitecore.Commerce.Plugin.Catalog.RelationshipArgument, Sitecore.Commerce.Plugin.Catalog","SourceName":"Entity-SellableItem-6042283","TargetName":"Entity-SellableItem-6042288","RelationshipType":"CrossSellProduct"},{"$type":"Sitecore.Commerce.Plugin.Catalog.RelationshipArgument, Sitecore.Commerce.Plugin.Catalog","SourceName":"Entity-SellableItem-6042283","TargetName":"Entity-SellableItem-6042289","RelationshipType":"CrossSellProduct"},{"$type":"Sitecore.Commerce.Plugin.Catalog.RelationshipArgument, Sitecore.Commerce.Plugin.Catalog","SourceName":"Entity-SellableItem-6042283","TargetName":"Entity-SellableItem-6042290","RelationshipType":"CrossSellProduct"},{"$type":"Sitecore.Commerce.Plugin.Catalog.RelationshipArgument, Sitecore.Commerce.Plugin.Catalog","SourceName":"Entity-SellableItem-6042283","TargetName":"Entity-SellableItem-6042292","RelationshipType":"CrossSellProduct"},{"$type":"Sitecore.Commerce.Plugin.Catalog.RelationshipArgument, Sitecore.Commerce.Plugin.Catalog","SourceName":"Entity-SellableItem-6042283","TargetName":"Entity-SellableItem-6042293","RelationshipType":"CrossSellProduct"},{"$type":"Sitecore.Commerce.Plugin.Catalog.RelationshipArgument, Sitecore.Commerce.Plugin.Catalog","SourceName":"Entity-SellableItem-6042283","TargetName":"Entity-SellableItem-6042294","RelationshipType":"CrossSellProduct"},{"$type":"Sitecore.Commerce.Plugin.Catalog.RelationshipArgument, Sitecore.Commerce.Plugin.Catalog","SourceName":"Entity-SellableItem-6042283","TargetName":"Entity-SellableItem-6042295","RelationshipType":"CrossSellProduct"}]}