{"$type":"System.Collections.Generic.List`1[[Sitecore.Commerce.Plugin.Catalog.RelationshipDefinition, Sitecore.Commerce.Plugin.Catalog]], mscorlib","$values":[{"$type":"Sitecore.Commerce.Plugin.Catalog.RelationshipDefinition, Sitecore.Commerce.Plugin.Catalog","RelationshipDescription":"CrossSellProduct","SourceType":"Sitecore.Commerce.Plugin.Catalog.SellableItem, Sitecore.Commerce.Plugin.Catalog","TargetType":"Sitecore.Commerce.Plugin.Catalog.SellableItem, Sitecore.Commerce.Plugin.Catalog","RenderList":true,"DateCreated":"2019-08-08T20:30:13.5632667+00:00","DateUpdated":"2019-08-08T20:30:14.2022638+00:00","DisplayName":"CrossSellProduct","FriendlyId":"CrossSellProduct","Id":"Entity-RelationshipDefinition-CrossSellProduct","Version":1,"EntityVersion":1,"Published":true,"IsPersisted":true,"Name":"CrossSellProduct","UniqueId":"2da9aa4d-f5d6-3161-16f2-69d847dc0cb3"},{"$type":"Sitecore.Commerce.Plugin.Catalog.RelationshipDefinition, Sitecore.Commerce.Plugin.Catalog","RelationshipDescription":"InstallationProduct","SourceType":"Sitecore.Commerce.Plugin.Catalog.SellableItem, Sitecore.Commerce.Plugin.Catalog","TargetType":"Sitecore.Commerce.Plugin.Catalog.SellableItem, Sitecore.Commerce.Plugin.Catalog","RenderList":true,"DateCreated":"2019-08-08T20:30:13.562277+00:00","DateUpdated":"2019-08-08T20:30:14.2002635+00:00","DisplayName":"InstallationProduct","FriendlyId":"InstallationProduct","Id":"Entity-RelationshipDefinition-InstallationProduct","Version":1,"EntityVersion":1,"Published":true,"IsPersisted":true,"Name":"InstallationProduct","UniqueId":"4522d24d-746f-2462-c35f-94ec4e186e25"},{"$type":"Sitecore.Commerce.Plugin.Catalog.RelationshipDefinition, Sitecore.Commerce.Plugin.Catalog","RelationshipDescription":"RelatedProduct","SourceType":"Sitecore.Commerce.Plugin.Catalog.SellableItem, Sitecore.Commerce.Plugin.Catalog","TargetType":"Sitecore.Commerce.Plugin.Catalog.SellableItem, Sitecore.Commerce.Plugin.Catalog","RenderList":true,"DateCreated":"2019-08-08T20:30:13.562277+00:00","DateUpdated":"2019-08-08T20:30:14.2032687+00:00","DisplayName":"RelatedProduct","FriendlyId":"RelatedProduct","Id":"Entity-RelationshipDefinition-RelatedProduct","Version":1,"EntityVersion":1,"Published":true,"IsPersisted":true,"Name":"RelatedProduct","UniqueId":"28e2ad1d-76b9-2a53-3b89-30789b55c442"},{"$type":"Sitecore.Commerce.Plugin.Catalog.RelationshipDefinition, Sitecore.Commerce.Plugin.Catalog","RelationshipDescription":"TrainingProduct","SourceType":"Sitecore.Commerce.Plugin.Catalog.SellableItem, Sitecore.Commerce.Plugin.Catalog","TargetType":"Sitecore.Commerce.Plugin.Catalog.SellableItem, Sitecore.Commerce.Plugin.Catalog","RenderList":true,"DateCreated":"2019-08-08T20:30:13.562277+00:00","DateUpdated":"2019-08-08T20:30:14.2032687+00:00","DisplayName":"TrainingProduct","FriendlyId":"TrainingProduct","Id":"Entity-RelationshipDefinition-TrainingProduct","Version":1,"EntityVersion":1,"Published":true,"IsPersisted":true,"Name":"TrainingProduct","UniqueId":"aa972fff-abff-c066-521d-4ffaf72f8776"},{"$type":"Sitecore.Commerce.Plugin.Catalog.RelationshipDefinition, Sitecore.Commerce.Plugin.Catalog","RelationshipDescription":"UpSellCategory","SourceType":"Sitecore.Commerce.Plugin.Catalog.SellableItem, Sitecore.Commerce.Plugin.Catalog","TargetType":"Sitecore.Commerce.Plugin.Catalog.Category, Sitecore.Commerce.Plugin.Catalog","RenderList":true,"DateCreated":"2019-08-08T20:30:13.562277+00:00","DateUpdated":"2019-08-08T20:30:14.2002635+00:00","DisplayName":"UpSellCategory","FriendlyId":"UpSellCategory","Id":"Entity-RelationshipDefinition-UpSellCategory","Version":1,"EntityVersion":1,"Published":true,"IsPersisted":true,"Name":"UpSellCategory","UniqueId":"65dac900-231a-4714-f679-47690e524308"},{"$type":"Sitecore.Commerce.Plugin.Catalog.RelationshipDefinition, Sitecore.Commerce.Plugin.Catalog","RelationshipDescription":"UpSellProduct","SourceType":"Sitecore.Commerce.Plugin.Catalog.SellableItem, Sitecore.Commerce.Plugin.Catalog","TargetType":"Sitecore.Commerce.Plugin.Catalog.SellableItem, Sitecore.Commerce.Plugin.Catalog","RenderList":true,"DateCreated":"2019-08-08T20:30:13.5752666+00:00","DateUpdated":"2019-08-08T20:30:14.2002635+00:00","DisplayName":"UpSellProduct","FriendlyId":"UpSellProduct","Id":"Entity-RelationshipDefinition-UpSellProduct","Version":1,"EntityVersion":1,"Published":true,"IsPersisted":true,"Name":"UpSellProduct","UniqueId":"f4e653e7-3d63-dd48-d7d6-1b89a9cb8f4a"},{"$type":"Sitecore.Commerce.Plugin.Catalog.RelationshipDefinition, Sitecore.Commerce.Plugin.Catalog","RelationshipDescription":"WarrantyProduct","SourceType":"Sitecore.Commerce.Plugin.Catalog.SellableItem, Sitecore.Commerce.Plugin.Catalog","TargetType":"Sitecore.Commerce.Plugin.Catalog.SellableItem, Sitecore.Commerce.Plugin.Catalog","RenderList":true,"DateCreated":"2019-08-08T20:30:13.5752666+00:00","DateUpdated":"2019-08-08T20:30:14.2042649+00:00","DisplayName":"WarrantyProduct","FriendlyId":"WarrantyProduct","Id":"Entity-RelationshipDefinition-WarrantyProduct","Version":1,"EntityVersion":1,"Published":true,"IsPersisted":true,"Name":"WarrantyProduct","UniqueId":"98092fcd-6097-87a5-89b9-bfec6302b26d"}]}