{"$type":"System.Collections.Generic.List`1[[Sitecore.Commerce.Plugin.Catalog.RelationshipArgument, Sitecore.Commerce.Plugin.Catalog]], mscorlib","$values":[{"$type":"Sitecore.Commerce.Plugin.Catalog.RelationshipArgument, Sitecore.Commerce.Plugin.Catalog","SourceName":"Entity-Category-Habitat_Master_Regional-eGift Cards and Gift Wrapping","TargetName":"Entity-Category-Habitat_Master_Regional-Gift Cards","RelationshipType":"CategoryToCategory"},{"$type":"Sitecore.Commerce.Plugin.Catalog.RelationshipArgument, Sitecore.Commerce.Plugin.Catalog","SourceName":"Entity-Category-Habitat_Master_Regional-eGift Cards and Gift Wrapping","TargetName":"Entity-Category-Habitat_Master_Regional-Gift Wrapping","RelationshipType":"CategoryToCategory"}]}