{"$type":"System.Collections.Generic.List`1[[Sitecore.Commerce.Plugin.Catalog.ImportRelationshipsArgument, Sitecore.Commerce.Plugin.Catalog]], mscorlib","$values":[{"$type":"Sitecore.Commerce.Plugin.Catalog.ImportRelationshipsArgument, Sitecore.Commerce.Plugin.Catalog","SourceId":"Entity-Catalog-Habitat_Master","SourceEntityVersion":1,"TargetIds":{"$type":"System.Collections.Generic.List`1[[System.String, mscorlib]], mscorlib","$values":["Entity-Category-Habitat_Master-Assortments","Entity-Category-Habitat_Master-Departments","Entity-Category-Habitat_Master-FeaturedProducts","Entity-Category-Habitat_Master-Performance Accessories"]},"RelationshipType":"CATALOGTOCATEGORY"},{"$type":"Sitecore.Commerce.Plugin.Catalog.ImportRelationshipsArgument, Sitecore.Commerce.Plugin.Catalog","SourceId":"Entity-Category-Habitat_Master-2 in 1","SourceEntityVersion":1,"TargetIds":{"$type":"System.Collections.Generic.List`1[[System.String, mscorlib]], mscorlib","$values":["Entity-SellableItem-6042186","Entity-SellableItem-6042187","Entity-SellableItem-6042188","Entity-SellableItem-6042189","Entity-SellableItem-6042190","Entity-SellableItem-6042191","Entity-SellableItem-6042192","Entity-SellableItem-6042193"]},"RelationshipType":"CATEGORYTOSELLABLEITEM"},{"$type":"Sitecore.Commerce.Plugin.Catalog.ImportRelationshipsArgument, Sitecore.Commerce.Plugin.Catalog","SourceId":"Entity-Category-Habitat_Master-3D TVs","SourceEntityVersion":1,"TargetIds":{"$type":"System.Collections.Generic.List`1[[System.String, mscorlib]], mscorlib","$values":["Entity-SellableItem-6042292","Entity-SellableItem-6042293","Entity-SellableItem-6042294","Entity-SellableItem-6042295"]},"RelationshipType":"CATEGORYTOSELLABLEITEM"},{"$type":"Sitecore.Commerce.Plugin.Catalog.ImportRelationshipsArgument, Sitecore.Commerce.Plugin.Catalog","SourceId":"Entity-Category-Habitat_Master-4K","SourceEntityVersion":1,"TargetIds":{"$type":"System.Collections.Generic.List`1[[System.String, mscorlib]], mscorlib","$values":["Entity-SellableItem-6042260","Entity-SellableItem-6042261","Entity-SellableItem-6042262","Entity-SellableItem-6042264","Entity-SellableItem-6042265"]},"RelationshipType":"CATEGORYTOSELLABLEITEM"},{"$type":"Sitecore.Commerce.Plugin.Catalog.ImportRelationshipsArgument, Sitecore.Commerce.Plugin.Catalog","SourceId":"Entity-Category-Habitat_Master-4K with HDR","SourceEntityVersion":1,"TargetIds":{"$type":"System.Collections.Generic.List`1[[System.String, mscorlib]], mscorlib","$values":["Entity-SellableItem-6042266","Entity-SellableItem-6042267","Entity-SellableItem-6042268","Entity-SellableItem-6042269","Entity-SellableItem-6042270","Entity-SellableItem-6042271"]},"RelationshipType":"CATEGORYTOSELLABLEITEM"},{"$type":"Sitecore.Commerce.Plugin.Catalog.ImportRelationshipsArgument, Sitecore.Commerce.Plugin.Catalog","SourceId":"Entity-Category-Habitat_Master-All In One","SourceEntityVersion":1,"TargetIds":{"$type":"System.Collections.Generic.List`1[[System.String, mscorlib]], mscorlib","$values":["Entity-SellableItem-6042240","Entity-SellableItem-6042241","Entity-SellableItem-6042242","Entity-SellableItem-6042243","Entity-SellableItem-6042244","Entity-SellableItem-6042245","Entity-SellableItem-6042246","Entity-SellableItem-6042247"]},"RelationshipType":"CATEGORYTOSELLABLEITEM"},{"$type":"Sitecore.Commerce.Plugin.Catalog.ImportRelationshipsArgument, Sitecore.Commerce.Plugin.Catalog","SourceId":"Entity-Category-Habitat_Master-Amplifiers","SourceEntityVersion":1,"TargetIds":{"$type":"System.Collections.Generic.List`1[[System.String, mscorlib]], mscorlib","$values":["Entity-SellableItem-6042142","Entity-SellableItem-6042143","Entity-SellableItem-6042144","Entity-SellableItem-6042145","Entity-SellableItem-6042146"]},"RelationshipType":"CATEGORYTOSELLABLEITEM"},{"$type":"Sitecore.Commerce.Plugin.Catalog.ImportRelationshipsArgument, Sitecore.Commerce.Plugin.Catalog","SourceId":"Entity-Category-Habitat_Master-Appliance and Outlet Control","SourceEntityVersion":1,"TargetIds":{"$type":"System.Collections.Generic.List`1[[System.String, mscorlib]], mscorlib","$values":["Entity-SellableItem-6042971","Entity-SellableItem-6042972","Entity-SellableItem-6042973"]},"RelationshipType":"CATEGORYTOSELLABLEITEM"},{"$type":"Sitecore.Commerce.Plugin.Catalog.ImportRelationshipsArgument, Sitecore.Commerce.Plugin.Catalog","SourceId":"Entity-Category-Habitat_Master-Appliances","SourceEntityVersion":1,"TargetIds":{"$type":"System.Collections.Generic.List`1[[System.String, mscorlib]], mscorlib","$values":["Entity-Category-Habitat_Master-Coffee Makers","Entity-Category-Habitat_Master-Laundry","Entity-Category-Habitat_Master-Microwaves","Entity-Category-Habitat_Master-Ranges","Entity-Category-Habitat_Master-Refrigerators","Entity-Category-Habitat_Master-Small Appliances","Entity-Category-Habitat_Master-Vacuums","Entity-Category-Habitat_Master-Warranties and Installations"]},"RelationshipType":"CATEGORYTOCATEGORY"},{"$type":"Sitecore.Commerce.Plugin.Catalog.ImportRelationshipsArgument, Sitecore.Commerce.Plugin.Catalog","SourceId":"Entity-Category-Habitat_Master-Appliances","SourceEntityVersion":1,"TargetIds":{"$type":"System.Collections.Generic.List`1[[System.String, mscorlib]], mscorlib","$values":["Entity-SellableItem-6001003","Entity-SellableItem-6042567","Entity-SellableItem-6042570","Entity-SellableItem-6042573","Entity-SellableItem-6042576","Entity-SellableItem-6042579","Entity-SellableItem-6042582","Entity-SellableItem-6042585","Entity-SellableItem-6042588","Entity-SellableItem-6042591","Entity-SellableItem-6042594","Entity-SellableItem-6042597","Entity-SellableItem-6042600","Entity-SellableItem-6042603","Entity-SellableItem-6042606","Entity-SellableItem-6042609","Entity-SellableItem-6042612","Entity-SellableItem-6042615","Entity-SellableItem-6042618","Entity-SellableItem-6042621","Entity-SellableItem-6042625","Entity-SellableItem-6042629","Entity-SellableItem-6042633","Entity-SellableItem-6042637","Entity-SellableItem-6042641","Entity-SellableItem-6042645","Entity-SellableItem-6042649","Entity-SellableItem-6042653","Entity-SellableItem-6042657","Entity-SellableItem-6042661","Entity-SellableItem-6042665","Entity-SellableItem-6042669","Entity-SellableItem-6042713","Entity-SellableItem-6042717","Entity-SellableItem-6042721","Entity-SellableItem-6042725","Entity-SellableItem-6042729","Entity-SellableItem-6042733","Entity-SellableItem-6042737","Entity-SellableItem-6042741","Entity-SellableItem-6042745","Entity-SellableItem-6042749","Entity-SellableItem-6042753","Entity-SellableItem-6042757","Entity-SellableItem-6042761","Entity-SellableItem-6042765","Entity-SellableItem-6042769","Entity-SellableItem-6042773","Entity-SellableItem-6042777","Entity-SellableItem-6042780","Entity-SellableItem-6042783","Entity-SellableItem-6042788","Entity-SellableItem-6042793","Entity-SellableItem-6042794","Entity-SellableItem-6042799","Entity-SellableItem-6042804","Entity-SellableItem-6042809","Entity-SellableItem-6042810","Entity-SellableItem-6042811","Entity-SellableItem-6042812","Entity-SellableItem-6042817","Entity-SellableItem-6042821","Entity-SellableItem-6042822","Entity-SellableItem-6042827","Entity-SellableItem-6042832","Entity-SellableItem-6042837","Entity-SellableItem-6042842","Entity-SellableItem-6042847","Entity-SellableItem-6042852","Entity-SellableItem-6042853","Entity-SellableItem-6042854","Entity-SellableItem-6042855","Entity-SellableItem-6042860","Entity-SellableItem-6042861","Entity-SellableItem-6042866","Entity-SellableItem-6042871","Entity-SellableItem-6042872","Entity-SellableItem-6042873","Entity-SellableItem-6042874","Entity-SellableItem-6042875","Entity-SellableItem-6042876","Entity-SellableItem-6042877","Entity-SellableItem-6042879"]},"RelationshipType":"CATEGORYTOSELLABLEITEM"},{"$type":"Sitecore.Commerce.Plugin.Catalog.ImportRelationshipsArgument, Sitecore.Commerce.Plugin.Catalog","SourceId":"Entity-Category-Habitat_Master-Assortments","SourceEntityVersion":1,"TargetIds":{"$type":"System.Collections.Generic.List`1[[System.String, mscorlib]], mscorlib","$values":["Entity-Category-Habitat_Master-DefaultRecommendations","Entity-Category-Habitat_Master-Fitness Products","Entity-Category-Habitat_Master-Kitchen Appliances","Entity-Category-Habitat_Master-NextCube_InGame"]},"RelationshipType":"CATEGORYTOCATEGORY"},{"$type":"Sitecore.Commerce.Plugin.Catalog.ImportRelationshipsArgument, Sitecore.Commerce.Plugin.Catalog","SourceId":"Entity-Category-Habitat_Master-Audio","SourceEntityVersion":1,"TargetIds":{"$type":"System.Collections.Generic.List`1[[System.String, mscorlib]], mscorlib","$values":["Entity-Category-Habitat_Master-Amplifiers","Entity-Category-Habitat_Master-Bluetooth Speakers","Entity-Category-Habitat_Master-Car Audio Receiver Packages","Entity-Category-Habitat_Master-Car Audio Receivers","Entity-Category-Habitat_Master-Car Speakers","Entity-Category-Habitat_Master-Computer Speakers","Entity-Category-Habitat_Master-Headphones","Entity-Category-Habitat_Master-Home Audio","Entity-Category-Habitat_Master-Noise canceling headphones","Entity-Category-Habitat_Master-Soundbars","Entity-Category-Habitat_Master-Speakers"]},"RelationshipType":"CATEGORYTOCATEGORY"},{"$type":"Sitecore.Commerce.Plugin.Catalog.ImportRelationshipsArgument, Sitecore.Commerce.Plugin.Catalog","SourceId":"Entity-Category-Habitat_Master-Audio","SourceEntityVersion":1,"TargetIds":{"$type":"System.Collections.Generic.List`1[[System.String, mscorlib]], mscorlib","$values":["Entity-SellableItem-6001007","Entity-SellableItem-6042058","Entity-SellableItem-6042059","Entity-SellableItem-6042060","Entity-SellableItem-6042061","Entity-SellableItem-6042062","Entity-SellableItem-6042063","Entity-SellableItem-6042064","Entity-SellableItem-6042065","Entity-SellableItem-6042066","Entity-SellableItem-6042067","Entity-SellableItem-6042068","Entity-SellableItem-6042069","Entity-SellableItem-6042070","Entity-SellableItem-6042071","Entity-SellableItem-6042072","Entity-SellableItem-6042073","Entity-SellableItem-6042074","Entity-SellableItem-6042075","Entity-SellableItem-6042076","Entity-SellableItem-6042077","Entity-SellableItem-6042078","Entity-SellableItem-6042079","Entity-SellableItem-6042080","Entity-SellableItem-6042081","Entity-SellableItem-6042082","Entity-SellableItem-6042083","Entity-SellableItem-6042084","Entity-SellableItem-6042085","Entity-SellableItem-6042086","Entity-SellableItem-6042087","Entity-SellableItem-6042088","Entity-SellableItem-6042089","Entity-SellableItem-6042090","Entity-SellableItem-6042091","Entity-SellableItem-6042092","Entity-SellableItem-6042093","Entity-SellableItem-6042094","Entity-SellableItem-6042095","Entity-SellableItem-6042096","Entity-SellableItem-6042097","Entity-SellableItem-6042098","Entity-SellableItem-6042099","Entity-SellableItem-6042100","Entity-SellableItem-6042101","Entity-SellableItem-6042102","Entity-SellableItem-6042103","Entity-SellableItem-6042104","Entity-SellableItem-6042105","Entity-SellableItem-6042106","Entity-SellableItem-6042107","Entity-SellableItem-6042108","Entity-SellableItem-6042109","Entity-SellableItem-6042110","Entity-SellableItem-6042111","Entity-SellableItem-6042112","Entity-SellableItem-6042113","Entity-SellableItem-6042114","Entity-SellableItem-6042115","Entity-SellableItem-6042116","Entity-SellableItem-6042117","Entity-SellableItem-6042118","Entity-SellableItem-6042119","Entity-SellableItem-6042120","Entity-SellableItem-6042121","Entity-SellableItem-6042122","Entity-SellableItem-6042123","Entity-SellableItem-6042124","Entity-SellableItem-6042128","Entity-SellableItem-6042129","Entity-SellableItem-6042130","Entity-SellableItem-6042131","Entity-SellableItem-6042132","Entity-SellableItem-6042133","Entity-SellableItem-6042134","Entity-SellableItem-6042138","Entity-SellableItem-6042142","Entity-SellableItem-6042143","Entity-SellableItem-6042144","Entity-SellableItem-6042145","Entity-SellableItem-6042146","Entity-SellableItem-6042148","Entity-SellableItem-6042149","Entity-SellableItem-6042151","Entity-SellableItem-6042152"]},"RelationshipType":"CATEGORYTOSELLABLEITEM"},{"$type":"Sitecore.Commerce.Plugin.Catalog.ImportRelationshipsArgument, Sitecore.Commerce.Plugin.Catalog","SourceId":"Entity-Category-Habitat_Master-Basketball Collection","SourceEntityVersion":1,"TargetIds":{"$type":"System.Collections.Generic.List`1[[System.String, mscorlib]], mscorlib","$values":["Entity-SellableItem-8042127","Entity-SellableItem-8042128","Entity-SellableItem-8042137"]},"RelationshipType":"CATEGORYTOSELLABLEITEM"},{"$type":"Sitecore.Commerce.Plugin.Catalog.ImportRelationshipsArgument, Sitecore.Commerce.Plugin.Catalog","SourceId":"Entity-Category-Habitat_Master-Bluetooth Speakers","SourceEntityVersion":1,"TargetIds":{"$type":"System.Collections.Generic.List`1[[System.String, mscorlib]], mscorlib","$values":["Entity-SellableItem-6042105","Entity-SellableItem-6042106","Entity-SellableItem-6042107"]},"RelationshipType":"CATEGORYTOSELLABLEITEM"},{"$type":"Sitecore.Commerce.Plugin.Catalog.ImportRelationshipsArgument, Sitecore.Commerce.Plugin.Catalog","SourceId":"Entity-Category-Habitat_Master-Camcorders","SourceEntityVersion":1,"TargetIds":{"$type":"System.Collections.Generic.List`1[[System.String, mscorlib]], mscorlib","$values":["Entity-SellableItem-7042112","Entity-SellableItem-7042113","Entity-SellableItem-7042114","Entity-SellableItem-7042115","Entity-SellableItem-7042116","Entity-SellableItem-7042117","Entity-SellableItem-7042118","Entity-SellableItem-7042119","Entity-SellableItem-7042121","Entity-SellableItem-7042123","Entity-SellableItem-7042124","Entity-SellableItem-7042126","Entity-SellableItem-7042127"]},"RelationshipType":"CATEGORYTOSELLABLEITEM"},{"$type":"Sitecore.Commerce.Plugin.Catalog.ImportRelationshipsArgument, Sitecore.Commerce.Plugin.Catalog","SourceId":"Entity-Category-Habitat_Master-Camera Accessories","SourceEntityVersion":1,"TargetIds":{"$type":"System.Collections.Generic.List`1[[System.String, mscorlib]], mscorlib","$values":["Entity-SellableItem-7042136","Entity-SellableItem-7042137","Entity-SellableItem-7042138","Entity-SellableItem-7042139","Entity-SellableItem-7042140","Entity-SellableItem-7042141","Entity-SellableItem-7042142","Entity-SellableItem-7042143","Entity-SellableItem-7042144","Entity-SellableItem-7042145","Entity-SellableItem-7042146","Entity-SellableItem-7042147","Entity-SellableItem-7042148","Entity-SellableItem-7042149","Entity-SellableItem-7042150","Entity-SellableItem-7042151","Entity-SellableItem-7042152","Entity-SellableItem-7042153","Entity-SellableItem-7042154","Entity-SellableItem-7042155","Entity-SellableItem-7042156","Entity-SellableItem-7042157","Entity-SellableItem-7042158","Entity-SellableItem-7042159","Entity-SellableItem-7042160","Entity-SellableItem-7042161","Entity-SellableItem-7042162","Entity-SellableItem-7042163","Entity-SellableItem-7042164","Entity-SellableItem-7042165","Entity-SellableItem-7042166"]},"RelationshipType":"CATEGORYTOSELLABLEITEM"},{"$type":"Sitecore.Commerce.Plugin.Catalog.ImportRelationshipsArgument, Sitecore.Commerce.Plugin.Catalog","SourceId":"Entity-Category-Habitat_Master-Cameras","SourceEntityVersion":1,"TargetIds":{"$type":"System.Collections.Generic.List`1[[System.String, mscorlib]], mscorlib","$values":["Entity-Category-Habitat_Master-Camcorders","Entity-Category-Habitat_Master-Camera Accessories","Entity-Category-Habitat_Master-Drones","Entity-Category-Habitat_Master-DSLR","Entity-Category-Habitat_Master-DSLR Bundles","Entity-Category-Habitat_Master-DSLR Lenses","Entity-Category-Habitat_Master-Mirrorless Bundles","Entity-Category-Habitat_Master-Mirrorless Cameras","Entity-Category-Habitat_Master-Point and shoot","Entity-Category-Habitat_Master-Warranties and Services"]},"RelationshipType":"CATEGORYTOCATEGORY"},{"$type":"Sitecore.Commerce.Plugin.Catalog.ImportRelationshipsArgument, Sitecore.Commerce.Plugin.Catalog","SourceId":"Entity-Category-Habitat_Master-Cameras","SourceEntityVersion":1,"TargetIds":{"$type":"System.Collections.Generic.List`1[[System.String, mscorlib]], mscorlib","$values":["Entity-SellableItem-7042066","Entity-SellableItem-7042071","Entity-SellableItem-7042072","Entity-SellableItem-7042073","Entity-SellableItem-7042074","Entity-SellableItem-7042075","Entity-SellableItem-7042076","Entity-SellableItem-7042077","Entity-SellableItem-7042078","Entity-SellableItem-7042079","Entity-SellableItem-7042080","Entity-SellableItem-7042081","Entity-SellableItem-7042082","Entity-SellableItem-7042084","Entity-SellableItem-7042085","Entity-SellableItem-7042086","Entity-SellableItem-7042087","Entity-SellableItem-7042088","Entity-SellableItem-7042089","Entity-SellableItem-7042092","Entity-SellableItem-7042093","Entity-SellableItem-7042095","Entity-SellableItem-7042096","Entity-SellableItem-7042097","Entity-SellableItem-7042098","Entity-SellableItem-7042099","Entity-SellableItem-7042100","Entity-SellableItem-7042101","Entity-SellableItem-7042102","Entity-SellableItem-7042103","Entity-SellableItem-7042104","Entity-SellableItem-7042105","Entity-SellableItem-7042106","Entity-SellableItem-7042107","Entity-SellableItem-7042108","Entity-SellableItem-7042109","Entity-SellableItem-7042110","Entity-SellableItem-7042111","Entity-SellableItem-7042112","Entity-SellableItem-7042113","Entity-SellableItem-7042114","Entity-SellableItem-7042115","Entity-SellableItem-7042116","Entity-SellableItem-7042117","Entity-SellableItem-7042118","Entity-SellableItem-7042119","Entity-SellableItem-7042121","Entity-SellableItem-7042123","Entity-SellableItem-7042124","Entity-SellableItem-7042126","Entity-SellableItem-7042127","Entity-SellableItem-7042128","Entity-SellableItem-7042129","Entity-SellableItem-7042130","Entity-SellableItem-7042131","Entity-SellableItem-7042132","Entity-SellableItem-7042133","Entity-SellableItem-7042134","Entity-SellableItem-7042136","Entity-SellableItem-7042137","Entity-SellableItem-7042138","Entity-SellableItem-7042139","Entity-SellableItem-7042140","Entity-SellableItem-7042141","Entity-SellableItem-7042142","Entity-SellableItem-7042143","Entity-SellableItem-7042144","Entity-SellableItem-7042145","Entity-SellableItem-7042146","Entity-SellableItem-7042147","Entity-SellableItem-7042148","Entity-SellableItem-7042149","Entity-SellableItem-7042150","Entity-SellableItem-7042151","Entity-SellableItem-7042152","Entity-SellableItem-7042153","Entity-SellableItem-7042154","Entity-SellableItem-7042155","Entity-SellableItem-7042156","Entity-SellableItem-7042157","Entity-SellableItem-7042158","Entity-SellableItem-7042159","Entity-SellableItem-7042160","Entity-SellableItem-7042161","Entity-SellableItem-7042162","Entity-SellableItem-7042163","Entity-SellableItem-7042164","Entity-SellableItem-7042165","Entity-SellableItem-7042166","Entity-SellableItem-7042167","Entity-SellableItem-7042168"]},"RelationshipType":"CATEGORYTOSELLABLEITEM"},{"$type":"Sitecore.Commerce.Plugin.Catalog.ImportRelationshipsArgument, Sitecore.Commerce.Plugin.Catalog","SourceId":"Entity-Category-Habitat_Master-Car Audio Receiver Packages","SourceEntityVersion":1,"TargetIds":{"$type":"System.Collections.Generic.List`1[[System.String, mscorlib]], mscorlib","$values":["Entity-SellableItem-6042121","Entity-SellableItem-6042122","Entity-SellableItem-6042123"]},"RelationshipType":"CATEGORYTOSELLABLEITEM"},{"$type":"Sitecore.Commerce.Plugin.Catalog.ImportRelationshipsArgument, Sitecore.Commerce.Plugin.Catalog","SourceId":"Entity-Category-Habitat_Master-Car Audio Receivers","SourceEntityVersion":1,"TargetIds":{"$type":"System.Collections.Generic.List`1[[System.String, mscorlib]], mscorlib","$values":["Entity-SellableItem-6042114","Entity-SellableItem-6042115","Entity-SellableItem-6042116","Entity-SellableItem-6042117","Entity-SellableItem-6042118","Entity-SellableItem-6042119","Entity-SellableItem-6042120"]},"RelationshipType":"CATEGORYTOSELLABLEITEM"},{"$type":"Sitecore.Commerce.Plugin.Catalog.ImportRelationshipsArgument, Sitecore.Commerce.Plugin.Catalog","SourceId":"Entity-Category-Habitat_Master-Car Speakers","SourceEntityVersion":1,"TargetIds":{"$type":"System.Collections.Generic.List`1[[System.String, mscorlib]], mscorlib","$values":["Entity-SellableItem-6042124","Entity-SellableItem-6042128","Entity-SellableItem-6042129","Entity-SellableItem-6042130","Entity-SellableItem-6042131","Entity-SellableItem-6042132","Entity-SellableItem-6042133","Entity-SellableItem-6042134","Entity-SellableItem-6042138"]},"RelationshipType":"CATEGORYTOSELLABLEITEM"},{"$type":"Sitecore.Commerce.Plugin.Catalog.ImportRelationshipsArgument, Sitecore.Commerce.Plugin.Catalog","SourceId":"Entity-Category-Habitat_Master-Coffee Makers","SourceEntityVersion":1,"TargetIds":{"$type":"System.Collections.Generic.List`1[[System.String, mscorlib]], mscorlib","$values":["Entity-SellableItem-6042811","Entity-SellableItem-6042812","Entity-SellableItem-6042817","Entity-SellableItem-6042821"]},"RelationshipType":"CATEGORYTOSELLABLEITEM"},{"$type":"Sitecore.Commerce.Plugin.Catalog.ImportRelationshipsArgument, Sitecore.Commerce.Plugin.Catalog","SourceId":"Entity-Category-Habitat_Master-Computer Speakers","SourceEntityVersion":1,"TargetIds":{"$type":"System.Collections.Generic.List`1[[System.String, mscorlib]], mscorlib","$values":["Entity-SellableItem-6042108","Entity-SellableItem-6042109","Entity-SellableItem-6042110","Entity-SellableItem-6042111","Entity-SellableItem-6042112","Entity-SellableItem-6042113"]},"RelationshipType":"CATEGORYTOSELLABLEITEM"},{"$type":"Sitecore.Commerce.Plugin.Catalog.ImportRelationshipsArgument, Sitecore.Commerce.Plugin.Catalog","SourceId":"Entity-Category-Habitat_Master-Computers and Tablets","SourceEntityVersion":1,"TargetIds":{"$type":"System.Collections.Generic.List`1[[System.String, mscorlib]], mscorlib","$values":["Entity-Category-Habitat_Master-2 in 1","Entity-Category-Habitat_Master-All In One","Entity-Category-Habitat_Master-Desktop Packages","Entity-Category-Habitat_Master-Desktops","Entity-Category-Habitat_Master-eReaders","Entity-Category-Habitat_Master-Kid s Tablets","Entity-Category-Habitat_Master-Laptops","Entity-Category-Habitat_Master-Tablets"]},"RelationshipType":"CATEGORYTOCATEGORY"},{"$type":"Sitecore.Commerce.Plugin.Catalog.ImportRelationshipsArgument, Sitecore.Commerce.Plugin.Catalog","SourceId":"Entity-Category-Habitat_Master-Computers and Tablets","SourceEntityVersion":1,"TargetIds":{"$type":"System.Collections.Generic.List`1[[System.String, mscorlib]], mscorlib","$values":["Entity-SellableItem-6042175","Entity-SellableItem-6042176","Entity-SellableItem-6042177","Entity-SellableItem-6042178","Entity-SellableItem-6042179","Entity-SellableItem-6042180","Entity-SellableItem-6042181","Entity-SellableItem-6042182","Entity-SellableItem-6042183","Entity-SellableItem-6042184","Entity-SellableItem-6042185","Entity-SellableItem-6042186","Entity-SellableItem-6042187","Entity-SellableItem-6042188","Entity-SellableItem-6042189","Entity-SellableItem-6042190","Entity-SellableItem-6042191","Entity-SellableItem-6042192","Entity-SellableItem-6042193","Entity-SellableItem-6042194","Entity-SellableItem-6042195","Entity-SellableItem-6042196","Entity-SellableItem-6042197","Entity-SellableItem-6042198","Entity-SellableItem-6042199","Entity-SellableItem-6042200","Entity-SellableItem-6042201","Entity-SellableItem-6042202","Entity-SellableItem-6042203","Entity-SellableItem-6042204","Entity-SellableItem-6042205","Entity-SellableItem-6042206","Entity-SellableItem-6042207","Entity-SellableItem-6042208","Entity-SellableItem-6042209","Entity-SellableItem-6042210","Entity-SellableItem-6042211","Entity-SellableItem-6042212","Entity-SellableItem-6042213","Entity-SellableItem-6042214","Entity-SellableItem-6042215","Entity-SellableItem-6042216","Entity-SellableItem-6042217","Entity-SellableItem-6042218","Entity-SellableItem-6042219","Entity-SellableItem-6042220","Entity-SellableItem-6042221","Entity-SellableItem-6042222","Entity-SellableItem-6042227","Entity-SellableItem-6042232","Entity-SellableItem-6042235","Entity-SellableItem-6042236","Entity-SellableItem-6042237","Entity-SellableItem-6042238","Entity-SellableItem-6042239","Entity-SellableItem-6042240","Entity-SellableItem-6042241","Entity-SellableItem-6042242","Entity-SellableItem-6042243","Entity-SellableItem-6042244","Entity-SellableItem-6042245","Entity-SellableItem-6042246","Entity-SellableItem-6042247","Entity-SellableItem-6042248","Entity-SellableItem-6042249","Entity-SellableItem-6042250","Entity-SellableItem-6042251"]},"RelationshipType":"CATEGORYTOSELLABLEITEM"},{"$type":"Sitecore.Commerce.Plugin.Catalog.ImportRelationshipsArgument, Sitecore.Commerce.Plugin.Catalog","SourceId":"Entity-Category-Habitat_Master-Connected home","SourceEntityVersion":1,"TargetIds":{"$type":"System.Collections.Generic.List`1[[System.String, mscorlib]], mscorlib","$values":["Entity-Category-Habitat_Master-Appliance and Outlet Control","Entity-Category-Habitat_Master-Security Cameras","Entity-Category-Habitat_Master-Smart Locks","Entity-Category-Habitat_Master-Thermostats"]},"RelationshipType":"CATEGORYTOCATEGORY"},{"$type":"Sitecore.Commerce.Plugin.Catalog.ImportRelationshipsArgument, Sitecore.Commerce.Plugin.Catalog","SourceId":"Entity-Category-Habitat_Master-Connected home","SourceEntityVersion":1,"TargetIds":{"$type":"System.Collections.Generic.List`1[[System.String, mscorlib]], mscorlib","$values":["Entity-SellableItem-6001001","Entity-SellableItem-6042962","Entity-SellableItem-6042963","Entity-SellableItem-6042964","Entity-SellableItem-6042965","Entity-SellableItem-6042966","Entity-SellableItem-6042967","Entity-SellableItem-6042968","Entity-SellableItem-6042969","Entity-SellableItem-6042970","Entity-SellableItem-6042971","Entity-SellableItem-6042972","Entity-SellableItem-6042973","Entity-SellableItem-6042974","Entity-SellableItem-6042975","Entity-SellableItem-6042976"]},"RelationshipType":"CATEGORYTOSELLABLEITEM"},{"$type":"Sitecore.Commerce.Plugin.Catalog.ImportRelationshipsArgument, Sitecore.Commerce.Plugin.Catalog","SourceId":"Entity-Category-Habitat_Master-Consoles","SourceEntityVersion":1,"TargetIds":{"$type":"System.Collections.Generic.List`1[[System.String, mscorlib]], mscorlib","$values":["Entity-SellableItem-6042430","Entity-SellableItem-6042431","Entity-SellableItem-6042432"]},"RelationshipType":"CATEGORYTOSELLABLEITEM"},{"$type":"Sitecore.Commerce.Plugin.Catalog.ImportRelationshipsArgument, Sitecore.Commerce.Plugin.Catalog","SourceId":"Entity-Category-Habitat_Master-Curved UHD TVs","SourceEntityVersion":1,"TargetIds":{"$type":"System.Collections.Generic.List`1[[System.String, mscorlib]], mscorlib","$values":["Entity-SellableItem-6042282","Entity-SellableItem-6042283","Entity-SellableItem-6042284","Entity-SellableItem-6042285"]},"RelationshipType":"CATEGORYTOSELLABLEITEM"},{"$type":"Sitecore.Commerce.Plugin.Catalog.ImportRelationshipsArgument, Sitecore.Commerce.Plugin.Catalog","SourceId":"Entity-Category-Habitat_Master-Cycling","SourceEntityVersion":1,"TargetIds":{"$type":"System.Collections.Generic.List`1[[System.String, mscorlib]], mscorlib","$values":["Entity-SellableItem-6042935","Entity-SellableItem-6042936","Entity-SellableItem-8042104","Entity-SellableItem-8042105","Entity-SellableItem-8042107","Entity-SellableItem-8042108","Entity-SellableItem-8042109","Entity-SellableItem-8042110","Entity-SellableItem-8042114","Entity-SellableItem-8042115","Entity-SellableItem-8042129","Entity-SellableItem-8042130","Entity-SellableItem-8042131","Entity-SellableItem-8042132","Entity-SellableItem-Outrace Silverstream Helmet","Entity-SellableItem-Outrace Smartphone Navigation Dock"]},"RelationshipType":"CATEGORYTOSELLABLEITEM"},{"$type":"Sitecore.Commerce.Plugin.Catalog.ImportRelationshipsArgument, Sitecore.Commerce.Plugin.Catalog","SourceId":"Entity-Category-Habitat_Master-DefaultRecommendations","SourceEntityVersion":1,"TargetIds":{"$type":"System.Collections.Generic.List`1[[System.String, mscorlib]], mscorlib","$values":["Entity-SellableItem-6042064","Entity-SellableItem-6042183","Entity-SellableItem-6042283","Entity-SellableItem-6042325","Entity-SellableItem-6042402","Entity-SellableItem-6042430","Entity-SellableItem-6042886","Entity-SellableItem-6042962","Entity-SellableItem-6042963","Entity-SellableItem-6042986","Entity-SellableItem-7042082"]},"RelationshipType":"CATEGORYTOSELLABLEITEM"},{"$type":"Sitecore.Commerce.Plugin.Catalog.ImportRelationshipsArgument, Sitecore.Commerce.Plugin.Catalog","SourceId":"Entity-Category-Habitat_Master-Departments","SourceEntityVersion":1,"TargetIds":{"$type":"System.Collections.Generic.List`1[[System.String, mscorlib]], mscorlib","$values":["Entity-Category-Habitat_Master-Appliances","Entity-Category-Habitat_Master-Audio","Entity-Category-Habitat_Master-Cameras","Entity-Category-Habitat_Master-Computers and Tablets","Entity-Category-Habitat_Master-Connected home","Entity-Category-Habitat_Master-eGift Cards and Gift Wrapping","Entity-Category-Habitat_Master-Gaming","Entity-Category-Habitat_Master-Health  Beauty and Fitness","Entity-Category-Habitat_Master-Home Theater","Entity-Category-Habitat_Master-Phones","Entity-Category-Habitat_Master-Televisions"]},"RelationshipType":"CATEGORYTOCATEGORY"},{"$type":"Sitecore.Commerce.Plugin.Catalog.ImportRelationshipsArgument, Sitecore.Commerce.Plugin.Catalog","SourceId":"Entity-Category-Habitat_Master-Desktop Packages","SourceEntityVersion":1,"TargetIds":{"$type":"System.Collections.Generic.List`1[[System.String, mscorlib]], mscorlib","$values":["Entity-SellableItem-6042248","Entity-SellableItem-6042249","Entity-SellableItem-6042250"]},"RelationshipType":"CATEGORYTOSELLABLEITEM"},{"$type":"Sitecore.Commerce.Plugin.Catalog.ImportRelationshipsArgument, Sitecore.Commerce.Plugin.Catalog","SourceId":"Entity-Category-Habitat_Master-Desktops","SourceEntityVersion":1,"TargetIds":{"$type":"System.Collections.Generic.List`1[[System.String, mscorlib]], mscorlib","$values":["Entity-SellableItem-6042235","Entity-SellableItem-6042236","Entity-SellableItem-6042237","Entity-SellableItem-6042238","Entity-SellableItem-6042239"]},"RelationshipType":"CATEGORYTOSELLABLEITEM"},{"$type":"Sitecore.Commerce.Plugin.Catalog.ImportRelationshipsArgument, Sitecore.Commerce.Plugin.Catalog","SourceId":"Entity-Category-Habitat_Master-Digital Scales","SourceEntityVersion":1,"TargetIds":{"$type":"System.Collections.Generic.List`1[[System.String, mscorlib]], mscorlib","$values":["Entity-SellableItem-6042944","Entity-SellableItem-6042946","Entity-SellableItem-6042986"]},"RelationshipType":"CATEGORYTOSELLABLEITEM"},{"$type":"Sitecore.Commerce.Plugin.Catalog.ImportRelationshipsArgument, Sitecore.Commerce.Plugin.Catalog","SourceId":"Entity-Category-Habitat_Master-Digital Subscriptions","SourceEntityVersion":1,"TargetIds":{"$type":"System.Collections.Generic.List`1[[System.String, mscorlib]], mscorlib","$values":["Entity-SellableItem-6042910","Entity-SellableItem-6042911","Entity-SellableItem-6042912","Entity-SellableItem-6042913","Entity-SellableItem-8042100","Entity-SellableItem-8042101","Entity-SellableItem-8042102","Entity-SellableItem-8042103"]},"RelationshipType":"CATEGORYTOSELLABLEITEM"},{"$type":"Sitecore.Commerce.Plugin.Catalog.ImportRelationshipsArgument, Sitecore.Commerce.Plugin.Catalog","SourceId":"Entity-Category-Habitat_Master-Drones","SourceEntityVersion":1,"TargetIds":{"$type":"System.Collections.Generic.List`1[[System.String, mscorlib]], mscorlib","$values":["Entity-SellableItem-7042128","Entity-SellableItem-7042129","Entity-SellableItem-7042130","Entity-SellableItem-7042131","Entity-SellableItem-7042132","Entity-SellableItem-7042133","Entity-SellableItem-7042134"]},"RelationshipType":"CATEGORYTOSELLABLEITEM"},{"$type":"Sitecore.Commerce.Plugin.Catalog.ImportRelationshipsArgument, Sitecore.Commerce.Plugin.Catalog","SourceId":"Entity-Category-Habitat_Master-DSLR","SourceEntityVersion":1,"TargetIds":{"$type":"System.Collections.Generic.List`1[[System.String, mscorlib]], mscorlib","$values":["Entity-SellableItem-7042074","Entity-SellableItem-7042075","Entity-SellableItem-7042076","Entity-SellableItem-7042077","Entity-SellableItem-7042078","Entity-SellableItem-7042079","Entity-SellableItem-7042080"]},"RelationshipType":"CATEGORYTOSELLABLEITEM"},{"$type":"Sitecore.Commerce.Plugin.Catalog.ImportRelationshipsArgument, Sitecore.Commerce.Plugin.Catalog","SourceId":"Entity-Category-Habitat_Master-DSLR Bundles","SourceEntityVersion":1,"TargetIds":{"$type":"System.Collections.Generic.List`1[[System.String, mscorlib]], mscorlib","$values":["Entity-SellableItem-7042081","Entity-SellableItem-7042082","Entity-SellableItem-7042084","Entity-SellableItem-7042085","Entity-SellableItem-7042086","Entity-SellableItem-7042087"]},"RelationshipType":"CATEGORYTOSELLABLEITEM"},{"$type":"Sitecore.Commerce.Plugin.Catalog.ImportRelationshipsArgument, Sitecore.Commerce.Plugin.Catalog","SourceId":"Entity-Category-Habitat_Master-DSLR Lenses","SourceEntityVersion":1,"TargetIds":{"$type":"System.Collections.Generic.List`1[[System.String, mscorlib]], mscorlib","$values":["Entity-SellableItem-7042097","Entity-SellableItem-7042098","Entity-SellableItem-7042099","Entity-SellableItem-7042100","Entity-SellableItem-7042101","Entity-SellableItem-7042102","Entity-SellableItem-7042103","Entity-SellableItem-7042104","Entity-SellableItem-7042105","Entity-SellableItem-7042106","Entity-SellableItem-7042107","Entity-SellableItem-7042108","Entity-SellableItem-7042109","Entity-SellableItem-7042110","Entity-SellableItem-7042111"]},"RelationshipType":"CATEGORYTOSELLABLEITEM"},{"$type":"Sitecore.Commerce.Plugin.Catalog.ImportRelationshipsArgument, Sitecore.Commerce.Plugin.Catalog","SourceId":"Entity-Category-Habitat_Master-eGift Cards and Gift Wrapping","SourceEntityVersion":1,"TargetIds":{"$type":"System.Collections.Generic.List`1[[System.String, mscorlib]], mscorlib","$values":["Entity-Category-Habitat_Master-Gift Cards","Entity-Category-Habitat_Master-Gift Wrapping"]},"RelationshipType":"CATEGORYTOCATEGORY"},{"$type":"Sitecore.Commerce.Plugin.Catalog.ImportRelationshipsArgument, Sitecore.Commerce.Plugin.Catalog","SourceId":"Entity-Category-Habitat_Master-eGift Cards and Gift Wrapping","SourceEntityVersion":1,"TargetIds":{"$type":"System.Collections.Generic.List`1[[System.String, mscorlib]], mscorlib","$values":["Entity-SellableItem-6001004","Entity-SellableItem-6001008","Entity-SellableItem-6001009","Entity-SellableItem-6001010","Entity-SellableItem-6001011","Entity-SellableItem-6042986","Entity-SellableItem-6042989"]},"RelationshipType":"CATEGORYTOSELLABLEITEM"},{"$type":"Sitecore.Commerce.Plugin.Catalog.ImportRelationshipsArgument, Sitecore.Commerce.Plugin.Catalog","SourceId":"Entity-Category-Habitat_Master-Electric Shaver","SourceEntityVersion":1,"TargetIds":{"$type":"System.Collections.Generic.List`1[[System.String, mscorlib]], mscorlib","$values":["Entity-SellableItem-6042948","Entity-SellableItem-6042952"]},"RelationshipType":"CATEGORYTOSELLABLEITEM"},{"$type":"Sitecore.Commerce.Plugin.Catalog.ImportRelationshipsArgument, Sitecore.Commerce.Plugin.Catalog","SourceId":"Entity-Category-Habitat_Master-Electric Tooth Brushes","SourceEntityVersion":1,"TargetIds":{"$type":"System.Collections.Generic.List`1[[System.String, mscorlib]], mscorlib","$values":["Entity-SellableItem-6042937","Entity-SellableItem-6042938","Entity-SellableItem-6042939","Entity-SellableItem-6042941","Entity-SellableItem-6042943"]},"RelationshipType":"CATEGORYTOSELLABLEITEM"},{"$type":"Sitecore.Commerce.Plugin.Catalog.ImportRelationshipsArgument, Sitecore.Commerce.Plugin.Catalog","SourceId":"Entity-Category-Habitat_Master-eReaders","SourceEntityVersion":1,"TargetIds":{"$type":"System.Collections.Generic.List`1[[System.String, mscorlib]], mscorlib","$values":["Entity-SellableItem-6042216","Entity-SellableItem-6042217","Entity-SellableItem-6042218","Entity-SellableItem-6042219","Entity-SellableItem-6042220"]},"RelationshipType":"CATEGORYTOSELLABLEITEM"},{"$type":"Sitecore.Commerce.Plugin.Catalog.ImportRelationshipsArgument, Sitecore.Commerce.Plugin.Catalog","SourceId":"Entity-Category-Habitat_Master-FeaturedProducts","SourceEntityVersion":1,"TargetIds":{"$type":"System.Collections.Generic.List`1[[System.String, mscorlib]], mscorlib","$values":["Entity-SellableItem-6042064","Entity-SellableItem-6042183","Entity-SellableItem-6042283","Entity-SellableItem-6042325","Entity-SellableItem-6042402","Entity-SellableItem-6042430","Entity-SellableItem-6042886","Entity-SellableItem-6042962","Entity-SellableItem-6042963","Entity-SellableItem-6042986","Entity-SellableItem-7042082"]},"RelationshipType":"CATEGORYTOSELLABLEITEM"},{"$type":"Sitecore.Commerce.Plugin.Catalog.ImportRelationshipsArgument, Sitecore.Commerce.Plugin.Catalog","SourceId":"Entity-Category-Habitat_Master-Fitness Activity Trackers","SourceEntityVersion":1,"TargetIds":{"$type":"System.Collections.Generic.List`1[[System.String, mscorlib]], mscorlib","$values":["Entity-SellableItem-6001002","Entity-SellableItem-6042886","Entity-SellableItem-6042891","Entity-SellableItem-6042896","Entity-SellableItem-6042901","Entity-SellableItem-6042906","Entity-SellableItem-6042907","Entity-SellableItem-6042909","Entity-SellableItem-6042986","Entity-SellableItem-8042106"]},"RelationshipType":"CATEGORYTOSELLABLEITEM"},{"$type":"Sitecore.Commerce.Plugin.Catalog.ImportRelationshipsArgument, Sitecore.Commerce.Plugin.Catalog","SourceId":"Entity-Category-Habitat_Master-Fitness Products","SourceEntityVersion":1,"TargetIds":{"$type":"System.Collections.Generic.List`1[[System.String, mscorlib]], mscorlib","$values":["Entity-SellableItem-6042891","Entity-SellableItem-6042923","Entity-SellableItem-8042103","Entity-SellableItem-8042104","Entity-SellableItem-999"]},"RelationshipType":"CATEGORYTOSELLABLEITEM"},{"$type":"Sitecore.Commerce.Plugin.Catalog.ImportRelationshipsArgument, Sitecore.Commerce.Plugin.Catalog","SourceId":"Entity-Category-Habitat_Master-Gaming","SourceEntityVersion":1,"TargetIds":{"$type":"System.Collections.Generic.List`1[[System.String, mscorlib]], mscorlib","$values":["Entity-Category-Habitat_Master-Consoles","Entity-Category-Habitat_Master-Multigame Subscriptions","Entity-Category-Habitat_Master-NextCube Accessories","Entity-Category-Habitat_Master-Single Game Subscriptions"]},"RelationshipType":"CATEGORYTOCATEGORY"},{"$type":"Sitecore.Commerce.Plugin.Catalog.ImportRelationshipsArgument, Sitecore.Commerce.Plugin.Catalog","SourceId":"Entity-Category-Habitat_Master-Gaming","SourceEntityVersion":1,"TargetIds":{"$type":"System.Collections.Generic.List`1[[System.String, mscorlib]], mscorlib","$values":["Entity-SellableItem-6042430","Entity-SellableItem-6042431","Entity-SellableItem-6042432","Entity-SellableItem-6042433","Entity-SellableItem-6042440","Entity-SellableItem-6042441","Entity-SellableItem-6042442","Entity-SellableItem-6042443","Entity-SellableItem-6042444","Entity-SellableItem-6042445","Entity-SellableItem-6042446","Entity-SellableItem-6042447","Entity-SellableItem-6042448","Entity-SellableItem-6042449","Entity-SellableItem-6042450","Entity-SellableItem-6042451","Entity-SellableItem-6042452","Entity-SellableItem-6042453","Entity-SellableItem-6042454","Entity-SellableItem-6042455","Entity-SellableItem-6042456","Entity-SellableItem-6042457","Entity-SellableItem-6042458","Entity-SellableItem-6042459","Entity-SellableItem-6042460","Entity-SellableItem-6042461","Entity-SellableItem-6042462","Entity-SellableItem-6042463","Entity-SellableItem-6042464","Entity-SellableItem-6042465","Entity-SellableItem-6042466","Entity-SellableItem-6042467","Entity-SellableItem-6042468","Entity-SellableItem-6042469","Entity-SellableItem-6042470","Entity-SellableItem-6042471","Entity-SellableItem-6042472","Entity-SellableItem-6042473","Entity-SellableItem-6042474","Entity-SellableItem-6042475","Entity-SellableItem-6042476","Entity-SellableItem-6042477","Entity-SellableItem-6042478","Entity-SellableItem-6042479","Entity-SellableItem-6042480","Entity-SellableItem-6042481","Entity-SellableItem-6042482","Entity-SellableItem-6042483","Entity-SellableItem-6042484","Entity-SellableItem-6042485","Entity-SellableItem-6042486","Entity-SellableItem-6042487","Entity-SellableItem-6042488","Entity-SellableItem-6042489","Entity-SellableItem-6042490","Entity-SellableItem-6042491","Entity-SellableItem-6042492","Entity-SellableItem-6042493","Entity-SellableItem-6042494","Entity-SellableItem-6042495","Entity-SellableItem-6042496","Entity-SellableItem-6042497","Entity-SellableItem-6042498","Entity-SellableItem-6042499","Entity-SellableItem-6042500","Entity-SellableItem-6042501","Entity-SellableItem-6042502","Entity-SellableItem-6042503","Entity-SellableItem-6042504","Entity-SellableItem-6042505","Entity-SellableItem-6042506","Entity-SellableItem-6042507","Entity-SellableItem-6042508","Entity-SellableItem-6042509","Entity-SellableItem-6042510","Entity-SellableItem-6042511","Entity-SellableItem-6042512","Entity-SellableItem-6042513","Entity-SellableItem-6042514","Entity-SellableItem-6042515","Entity-SellableItem-6042516","Entity-SellableItem-6042517","Entity-SellableItem-6042518","Entity-SellableItem-6042519","Entity-SellableItem-6042520","Entity-SellableItem-6042521","Entity-SellableItem-6042522","Entity-SellableItem-6042523","Entity-SellableItem-6042524","Entity-SellableItem-6042525","Entity-SellableItem-6042526","Entity-SellableItem-6042527","Entity-SellableItem-6042528","Entity-SellableItem-6042529","Entity-SellableItem-6042530","Entity-SellableItem-6042531","Entity-SellableItem-6042532","Entity-SellableItem-6042533","Entity-SellableItem-6042534","Entity-SellableItem-6042535","Entity-SellableItem-6042536","Entity-SellableItem-6042537","Entity-SellableItem-6042538","Entity-SellableItem-6042539","Entity-SellableItem-6042540","Entity-SellableItem-6042541","Entity-SellableItem-6042542","Entity-SellableItem-6042543","Entity-SellableItem-6042544","Entity-SellableItem-6042545","Entity-SellableItem-6042546","Entity-SellableItem-6042547","Entity-SellableItem-6042548","Entity-SellableItem-6042549","Entity-SellableItem-6042550","Entity-SellableItem-6042551","Entity-SellableItem-6042552","Entity-SellableItem-6042553","Entity-SellableItem-6042554","Entity-SellableItem-6042555","Entity-SellableItem-6042556","Entity-SellableItem-6042557"]},"RelationshipType":"CATEGORYTOSELLABLEITEM"},{"$type":"Sitecore.Commerce.Plugin.Catalog.ImportRelationshipsArgument, Sitecore.Commerce.Plugin.Catalog","SourceId":"Entity-Category-Habitat_Master-Gift Cards","SourceEntityVersion":1,"TargetIds":{"$type":"System.Collections.Generic.List`1[[System.String, mscorlib]], mscorlib","$values":["Entity-SellableItem-6042986"]},"RelationshipType":"CATEGORYTOSELLABLEITEM"},{"$type":"Sitecore.Commerce.Plugin.Catalog.ImportRelationshipsArgument, Sitecore.Commerce.Plugin.Catalog","SourceId":"Entity-Category-Habitat_Master-Gift Wrapping","SourceEntityVersion":1,"TargetIds":{"$type":"System.Collections.Generic.List`1[[System.String, mscorlib]], mscorlib","$values":["Entity-SellableItem-6042989"]},"RelationshipType":"CATEGORYTOSELLABLEITEM"},{"$type":"Sitecore.Commerce.Plugin.Catalog.ImportRelationshipsArgument, Sitecore.Commerce.Plugin.Catalog","SourceId":"Entity-Category-Habitat_Master-Golf Collection","SourceEntityVersion":1,"TargetIds":{"$type":"System.Collections.Generic.List`1[[System.String, mscorlib]], mscorlib","$values":["Entity-SellableItem-6042922","Entity-SellableItem-6042923","Entity-SellableItem-6042924","Entity-SellableItem-6042929","Entity-SellableItem-6042930","Entity-SellableItem-8042112","Entity-SellableItem-8042113","Entity-SellableItem-8042119","Entity-SellableItem-8042120","Entity-SellableItem-8042121","Entity-SellableItem-8042122","Entity-SellableItem-8042123","Entity-SellableItem-8042124","Entity-SellableItem-8042125","Entity-SellableItem-8042126","Entity-SellableItem-8042133","Entity-SellableItem-8042134","Entity-SellableItem-8042135","Entity-SellableItem-8042136","Entity-SellableItem-Prostaff Professional Complete Golf Club Set","Entity-SellableItem-Prostaff Professional P1000 Driver"]},"RelationshipType":"CATEGORYTOSELLABLEITEM"},{"$type":"Sitecore.Commerce.Plugin.Catalog.ImportRelationshipsArgument, Sitecore.Commerce.Plugin.Catalog","SourceId":"Entity-Category-Habitat_Master-HDTV","SourceEntityVersion":1,"TargetIds":{"$type":"System.Collections.Generic.List`1[[System.String, mscorlib]], mscorlib","$values":["Entity-SellableItem-6042272","Entity-SellableItem-6042273","Entity-SellableItem-6042274","Entity-SellableItem-6042275","Entity-SellableItem-6042276","Entity-SellableItem-6042277","Entity-SellableItem-6042278","Entity-SellableItem-6042279","Entity-SellableItem-6042280","Entity-SellableItem-6042281"]},"RelationshipType":"CATEGORYTOSELLABLEITEM"},{"$type":"Sitecore.Commerce.Plugin.Catalog.ImportRelationshipsArgument, Sitecore.Commerce.Plugin.Catalog","SourceId":"Entity-Category-Habitat_Master-Headphones","SourceEntityVersion":1,"TargetIds":{"$type":"System.Collections.Generic.List`1[[System.String, mscorlib]], mscorlib","$values":["Entity-SellableItem-6042058","Entity-SellableItem-6042059","Entity-SellableItem-6042060","Entity-SellableItem-6042061","Entity-SellableItem-6042062","Entity-SellableItem-6042063","Entity-SellableItem-6042064","Entity-SellableItem-6042065","Entity-SellableItem-6042066","Entity-SellableItem-6042067","Entity-SellableItem-6042069","Entity-SellableItem-6042070","Entity-SellableItem-6042071"]},"RelationshipType":"CATEGORYTOSELLABLEITEM"},{"$type":"Sitecore.Commerce.Plugin.Catalog.ImportRelationshipsArgument, Sitecore.Commerce.Plugin.Catalog","SourceId":"Entity-Category-Habitat_Master-Health  Beauty and Fitness","SourceEntityVersion":1,"TargetIds":{"$type":"System.Collections.Generic.List`1[[System.String, mscorlib]], mscorlib","$values":["Entity-Category-Habitat_Master-Basketball Collection","Entity-Category-Habitat_Master-Cycling","Entity-Category-Habitat_Master-Digital Scales","Entity-Category-Habitat_Master-Digital Subscriptions","Entity-Category-Habitat_Master-Electric Shaver","Entity-Category-Habitat_Master-Electric Tooth Brushes","Entity-Category-Habitat_Master-Fitness Activity Trackers","Entity-Category-Habitat_Master-Golf Collection","Entity-Category-Habitat_Master-Running","Entity-Category-Habitat_Master-Smart Sports Equipment","Entity-Category-Habitat_Master-Women s Shavers"]},"RelationshipType":"CATEGORYTOCATEGORY"},{"$type":"Sitecore.Commerce.Plugin.Catalog.ImportRelationshipsArgument, Sitecore.Commerce.Plugin.Catalog","SourceId":"Entity-Category-Habitat_Master-Health  Beauty and Fitness","SourceEntityVersion":1,"TargetIds":{"$type":"System.Collections.Generic.List`1[[System.String, mscorlib]], mscorlib","$values":["Entity-SellableItem-28208","Entity-SellableItem-6042886","Entity-SellableItem-6042891","Entity-SellableItem-6042896","Entity-SellableItem-6042901","Entity-SellableItem-6042906","Entity-SellableItem-6042907","Entity-SellableItem-6042909","Entity-SellableItem-6042910","Entity-SellableItem-6042911","Entity-SellableItem-6042912","Entity-SellableItem-6042913","Entity-SellableItem-6042922","Entity-SellableItem-6042923","Entity-SellableItem-6042924","Entity-SellableItem-6042929","Entity-SellableItem-6042930","Entity-SellableItem-6042935","Entity-SellableItem-6042936","Entity-SellableItem-6042937","Entity-SellableItem-6042938","Entity-SellableItem-6042939","Entity-SellableItem-6042941","Entity-SellableItem-6042943","Entity-SellableItem-6042944","Entity-SellableItem-6042946","Entity-SellableItem-6042948","Entity-SellableItem-6042952","Entity-SellableItem-6042956","Entity-SellableItem-6042957","Entity-SellableItem-8042100","Entity-SellableItem-8042101","Entity-SellableItem-8042102","Entity-SellableItem-8042103","Entity-SellableItem-8042104","Entity-SellableItem-8042105","Entity-SellableItem-8042106"]},"RelationshipType":"CATEGORYTOSELLABLEITEM"},{"$type":"Sitecore.Commerce.Plugin.Catalog.ImportRelationshipsArgument, Sitecore.Commerce.Plugin.Catalog","SourceId":"Entity-Category-Habitat_Master-Home Audio","SourceEntityVersion":1,"TargetIds":{"$type":"System.Collections.Generic.List`1[[System.String, mscorlib]], mscorlib","$values":["Entity-SellableItem-6042077"]},"RelationshipType":"CATEGORYTOSELLABLEITEM"},{"$type":"Sitecore.Commerce.Plugin.Catalog.ImportRelationshipsArgument, Sitecore.Commerce.Plugin.Catalog","SourceId":"Entity-Category-Habitat_Master-Home Theater","SourceEntityVersion":1,"TargetIds":{"$type":"System.Collections.Generic.List`1[[System.String, mscorlib]], mscorlib","$values":["Entity-Category-Habitat_Master-Home Theater In a Box","Entity-Category-Habitat_Master-Home Theater Receivers and Amplifiers","Entity-Category-Habitat_Master-Home Theater Speaker Packages"]},"RelationshipType":"CATEGORYTOCATEGORY"},{"$type":"Sitecore.Commerce.Plugin.Catalog.ImportRelationshipsArgument, Sitecore.Commerce.Plugin.Catalog","SourceId":"Entity-Category-Habitat_Master-Home Theater","SourceEntityVersion":1,"TargetIds":{"$type":"System.Collections.Generic.List`1[[System.String, mscorlib]], mscorlib","$values":["Entity-SellableItem-6042390","Entity-SellableItem-6042391","Entity-SellableItem-6042392","Entity-SellableItem-6042393","Entity-SellableItem-6042394","Entity-SellableItem-6042395","Entity-SellableItem-6042396","Entity-SellableItem-6042397","Entity-SellableItem-6042398","Entity-SellableItem-6042399","Entity-SellableItem-6042400","Entity-SellableItem-6042401","Entity-SellableItem-6042402","Entity-SellableItem-6042406","Entity-SellableItem-6042407","Entity-SellableItem-6042408","Entity-SellableItem-6042409","Entity-SellableItem-6042410","Entity-SellableItem-6042411","Entity-SellableItem-6042412","Entity-SellableItem-6042413","Entity-SellableItem-6042414","Entity-SellableItem-6042415","Entity-SellableItem-6042416"]},"RelationshipType":"CATEGORYTOSELLABLEITEM"},{"$type":"Sitecore.Commerce.Plugin.Catalog.ImportRelationshipsArgument, Sitecore.Commerce.Plugin.Catalog","SourceId":"Entity-Category-Habitat_Master-Home Theater In a Box","SourceEntityVersion":1,"TargetIds":{"$type":"System.Collections.Generic.List`1[[System.String, mscorlib]], mscorlib","$values":["Entity-SellableItem-6042390","Entity-SellableItem-6042391","Entity-SellableItem-6042392","Entity-SellableItem-6042393","Entity-SellableItem-6042394","Entity-SellableItem-6042395","Entity-SellableItem-6042396","Entity-SellableItem-6042397","Entity-SellableItem-6042398"]},"RelationshipType":"CATEGORYTOSELLABLEITEM"},{"$type":"Sitecore.Commerce.Plugin.Catalog.ImportRelationshipsArgument, Sitecore.Commerce.Plugin.Catalog","SourceId":"Entity-Category-Habitat_Master-Home Theater Receivers and Amplifiers","SourceEntityVersion":1,"TargetIds":{"$type":"System.Collections.Generic.List`1[[System.String, mscorlib]], mscorlib","$values":["Entity-SellableItem-6042410","Entity-SellableItem-6042411","Entity-SellableItem-6042412","Entity-SellableItem-6042413","Entity-SellableItem-6042414","Entity-SellableItem-6042415","Entity-SellableItem-6042416"]},"RelationshipType":"CATEGORYTOSELLABLEITEM"},{"$type":"Sitecore.Commerce.Plugin.Catalog.ImportRelationshipsArgument, Sitecore.Commerce.Plugin.Catalog","SourceId":"Entity-Category-Habitat_Master-Home Theater Speaker Packages","SourceEntityVersion":1,"TargetIds":{"$type":"System.Collections.Generic.List`1[[System.String, mscorlib]], mscorlib","$values":["Entity-SellableItem-6042399","Entity-SellableItem-6042400","Entity-SellableItem-6042401","Entity-SellableItem-6042402","Entity-SellableItem-6042406","Entity-SellableItem-6042407","Entity-SellableItem-6042408","Entity-SellableItem-6042409"]},"RelationshipType":"CATEGORYTOSELLABLEITEM"},{"$type":"Sitecore.Commerce.Plugin.Catalog.ImportRelationshipsArgument, Sitecore.Commerce.Plugin.Catalog","SourceId":"Entity-Category-Habitat_Master-Kid s Tablets","SourceEntityVersion":1,"TargetIds":{"$type":"System.Collections.Generic.List`1[[System.String, mscorlib]], mscorlib","$values":["Entity-SellableItem-6042221","Entity-SellableItem-6042222","Entity-SellableItem-6042227","Entity-SellableItem-6042232"]},"RelationshipType":"CATEGORYTOSELLABLEITEM"},{"$type":"Sitecore.Commerce.Plugin.Catalog.ImportRelationshipsArgument, Sitecore.Commerce.Plugin.Catalog","SourceId":"Entity-Category-Habitat_Master-Kitchen Appliances","SourceEntityVersion":1,"TargetIds":{"$type":"System.Collections.Generic.List`1[[System.String, mscorlib]], mscorlib","$values":["Entity-SellableItem-6042567","Entity-SellableItem-6042570","Entity-SellableItem-6042573","Entity-SellableItem-6042576","Entity-SellableItem-6042579","Entity-SellableItem-6042582","Entity-SellableItem-6042585","Entity-SellableItem-6042600","Entity-SellableItem-6042603","Entity-SellableItem-6042606","Entity-SellableItem-6042609","Entity-SellableItem-6042612","Entity-SellableItem-6042615","Entity-SellableItem-6042725","Entity-SellableItem-6042729","Entity-SellableItem-6042733","Entity-SellableItem-6042737","Entity-SellableItem-6042741","Entity-SellableItem-6042749","Entity-SellableItem-6042753","Entity-SellableItem-6042761","Entity-SellableItem-6042765","Entity-SellableItem-6042769","Entity-SellableItem-6042773"]},"RelationshipType":"CATEGORYTOSELLABLEITEM"},{"$type":"Sitecore.Commerce.Plugin.Catalog.ImportRelationshipsArgument, Sitecore.Commerce.Plugin.Catalog","SourceId":"Entity-Category-Habitat_Master-Laptops","SourceEntityVersion":1,"TargetIds":{"$type":"System.Collections.Generic.List`1[[System.String, mscorlib]], mscorlib","$values":["Entity-SellableItem-6042175","Entity-SellableItem-6042176","Entity-SellableItem-6042177","Entity-SellableItem-6042178","Entity-SellableItem-6042179","Entity-SellableItem-6042180","Entity-SellableItem-6042181","Entity-SellableItem-6042182","Entity-SellableItem-6042183","Entity-SellableItem-6042184","Entity-SellableItem-6042185"]},"RelationshipType":"CATEGORYTOSELLABLEITEM"},{"$type":"Sitecore.Commerce.Plugin.Catalog.ImportRelationshipsArgument, Sitecore.Commerce.Plugin.Catalog","SourceId":"Entity-Category-Habitat_Master-Laundry","SourceEntityVersion":1,"TargetIds":{"$type":"System.Collections.Generic.List`1[[System.String, mscorlib]], mscorlib","$values":["Entity-SellableItem-6042621","Entity-SellableItem-6042625","Entity-SellableItem-6042629","Entity-SellableItem-6042633","Entity-SellableItem-6042637","Entity-SellableItem-6042641","Entity-SellableItem-6042645","Entity-SellableItem-6042649","Entity-SellableItem-6042653","Entity-SellableItem-6042657","Entity-SellableItem-6042661","Entity-SellableItem-6042665","Entity-SellableItem-6042669","Entity-SellableItem-6042713","Entity-SellableItem-6042717","Entity-SellableItem-6042721"]},"RelationshipType":"CATEGORYTOSELLABLEITEM"},{"$type":"Sitecore.Commerce.Plugin.Catalog.ImportRelationshipsArgument, Sitecore.Commerce.Plugin.Catalog","SourceId":"Entity-Category-Habitat_Master-Microwaves","SourceEntityVersion":1,"TargetIds":{"$type":"System.Collections.Generic.List`1[[System.String, mscorlib]], mscorlib","$values":["Entity-SellableItem-6042749","Entity-SellableItem-6042753","Entity-SellableItem-6042757","Entity-SellableItem-6042761","Entity-SellableItem-6042765","Entity-SellableItem-6042769","Entity-SellableItem-6042773"]},"RelationshipType":"CATEGORYTOSELLABLEITEM"},{"$type":"Sitecore.Commerce.Plugin.Catalog.ImportRelationshipsArgument, Sitecore.Commerce.Plugin.Catalog","SourceId":"Entity-Category-Habitat_Master-Mirrorless Bundles","SourceEntityVersion":1,"TargetIds":{"$type":"System.Collections.Generic.List`1[[System.String, mscorlib]], mscorlib","$values":["Entity-SellableItem-7042093","Entity-SellableItem-7042095","Entity-SellableItem-7042096"]},"RelationshipType":"CATEGORYTOSELLABLEITEM"},{"$type":"Sitecore.Commerce.Plugin.Catalog.ImportRelationshipsArgument, Sitecore.Commerce.Plugin.Catalog","SourceId":"Entity-Category-Habitat_Master-Mirrorless Cameras","SourceEntityVersion":1,"TargetIds":{"$type":"System.Collections.Generic.List`1[[System.String, mscorlib]], mscorlib","$values":["Entity-SellableItem-7042088","Entity-SellableItem-7042089","Entity-SellableItem-7042092"]},"RelationshipType":"CATEGORYTOSELLABLEITEM"},{"$type":"Sitecore.Commerce.Plugin.Catalog.ImportRelationshipsArgument, Sitecore.Commerce.Plugin.Catalog","SourceId":"Entity-Category-Habitat_Master-Multigame Subscriptions","SourceEntityVersion":1,"TargetIds":{"$type":"System.Collections.Generic.List`1[[System.String, mscorlib]], mscorlib","$values":["Entity-SellableItem-6042453","Entity-SellableItem-6042454","Entity-SellableItem-6042455","Entity-SellableItem-6042456","Entity-SellableItem-6042457"]},"RelationshipType":"CATEGORYTOSELLABLEITEM"},{"$type":"Sitecore.Commerce.Plugin.Catalog.ImportRelationshipsArgument, Sitecore.Commerce.Plugin.Catalog","SourceId":"Entity-Category-Habitat_Master-NextCube Accessories","SourceEntityVersion":1,"TargetIds":{"$type":"System.Collections.Generic.List`1[[System.String, mscorlib]], mscorlib","$values":["Entity-SellableItem-6042433","Entity-SellableItem-6042440","Entity-SellableItem-6042441","Entity-SellableItem-6042442","Entity-SellableItem-6042443","Entity-SellableItem-6042444","Entity-SellableItem-6042445","Entity-SellableItem-6042446","Entity-SellableItem-6042447","Entity-SellableItem-6042448","Entity-SellableItem-6042449","Entity-SellableItem-6042450","Entity-SellableItem-6042452"]},"RelationshipType":"CATEGORYTOSELLABLEITEM"},{"$type":"Sitecore.Commerce.Plugin.Catalog.ImportRelationshipsArgument, Sitecore.Commerce.Plugin.Catalog","SourceId":"Entity-Category-Habitat_Master-NextCube_InGame","SourceEntityVersion":1,"TargetIds":{"$type":"System.Collections.Generic.List`1[[System.String, mscorlib]], mscorlib","$values":["Entity-SellableItem-6042453","Entity-SellableItem-6042454","Entity-SellableItem-6042455","Entity-SellableItem-6042456","Entity-SellableItem-6042457","Entity-SellableItem-6042458","Entity-SellableItem-6042459","Entity-SellableItem-6042460","Entity-SellableItem-6042461","Entity-SellableItem-6042462","Entity-SellableItem-6042463","Entity-SellableItem-6042464","Entity-SellableItem-6042465","Entity-SellableItem-6042466","Entity-SellableItem-6042467","Entity-SellableItem-6042468","Entity-SellableItem-6042469","Entity-SellableItem-6042470","Entity-SellableItem-6042471","Entity-SellableItem-6042472","Entity-SellableItem-6042473","Entity-SellableItem-6042474","Entity-SellableItem-6042475","Entity-SellableItem-6042476","Entity-SellableItem-6042477","Entity-SellableItem-6042478","Entity-SellableItem-6042479","Entity-SellableItem-6042480","Entity-SellableItem-6042481","Entity-SellableItem-6042482","Entity-SellableItem-6042483","Entity-SellableItem-6042484","Entity-SellableItem-6042485","Entity-SellableItem-6042486","Entity-SellableItem-6042487","Entity-SellableItem-6042488","Entity-SellableItem-6042489","Entity-SellableItem-6042490","Entity-SellableItem-6042491","Entity-SellableItem-6042492","Entity-SellableItem-6042493","Entity-SellableItem-6042494","Entity-SellableItem-6042495","Entity-SellableItem-6042496","Entity-SellableItem-6042497","Entity-SellableItem-6042498","Entity-SellableItem-6042499","Entity-SellableItem-6042500","Entity-SellableItem-6042501","Entity-SellableItem-6042502","Entity-SellableItem-6042503","Entity-SellableItem-6042504","Entity-SellableItem-6042505","Entity-SellableItem-6042506","Entity-SellableItem-6042507","Entity-SellableItem-6042508","Entity-SellableItem-6042509","Entity-SellableItem-6042510","Entity-SellableItem-6042511","Entity-SellableItem-6042512","Entity-SellableItem-6042513","Entity-SellableItem-6042514","Entity-SellableItem-6042515","Entity-SellableItem-6042516","Entity-SellableItem-6042517","Entity-SellableItem-6042518","Entity-SellableItem-6042519","Entity-SellableItem-6042520","Entity-SellableItem-6042521","Entity-SellableItem-6042522","Entity-SellableItem-6042523","Entity-SellableItem-6042524","Entity-SellableItem-6042525","Entity-SellableItem-6042526","Entity-SellableItem-6042527","Entity-SellableItem-6042528","Entity-SellableItem-6042529","Entity-SellableItem-6042530","Entity-SellableItem-6042531","Entity-SellableItem-6042532","Entity-SellableItem-6042533","Entity-SellableItem-6042534","Entity-SellableItem-6042535","Entity-SellableItem-6042536","Entity-SellableItem-6042537","Entity-SellableItem-6042538","Entity-SellableItem-6042539","Entity-SellableItem-6042540","Entity-SellableItem-6042541","Entity-SellableItem-6042542","Entity-SellableItem-6042543","Entity-SellableItem-6042544","Entity-SellableItem-6042545","Entity-SellableItem-6042546","Entity-SellableItem-6042547","Entity-SellableItem-6042548","Entity-SellableItem-6042549","Entity-SellableItem-6042550","Entity-SellableItem-6042551","Entity-SellableItem-6042552","Entity-SellableItem-6042553","Entity-SellableItem-6042554","Entity-SellableItem-6042555","Entity-SellableItem-6042556","Entity-SellableItem-6042557"]},"RelationshipType":"CATEGORYTOSELLABLEITEM"},{"$type":"Sitecore.Commerce.Plugin.Catalog.ImportRelationshipsArgument, Sitecore.Commerce.Plugin.Catalog","SourceId":"Entity-Category-Habitat_Master-Noise canceling headphones","SourceEntityVersion":1,"TargetIds":{"$type":"System.Collections.Generic.List`1[[System.String, mscorlib]], mscorlib","$values":["Entity-SellableItem-6042068"]},"RelationshipType":"CATEGORYTOSELLABLEITEM"},{"$type":"Sitecore.Commerce.Plugin.Catalog.ImportRelationshipsArgument, Sitecore.Commerce.Plugin.Catalog","SourceId":"Entity-Category-Habitat_Master-Other Phones","SourceEntityVersion":1,"TargetIds":{"$type":"System.Collections.Generic.List`1[[System.String, mscorlib]], mscorlib","$values":["Entity-SellableItem-6042331","Entity-SellableItem-6042332","Entity-SellableItem-6042333","Entity-SellableItem-6042334","Entity-SellableItem-6042335","Entity-SellableItem-6042336"]},"RelationshipType":"CATEGORYTOSELLABLEITEM"},{"$type":"Sitecore.Commerce.Plugin.Catalog.ImportRelationshipsArgument, Sitecore.Commerce.Plugin.Catalog","SourceId":"Entity-Category-Habitat_Master-Performance Accessories","SourceEntityVersion":1,"TargetIds":{"$type":"System.Collections.Generic.List`1[[System.String, mscorlib]], mscorlib","$values":["Entity-SellableItem-6042448","Entity-SellableItem-6042449","Entity-SellableItem-6042450","Entity-SellableItem-6042451"]},"RelationshipType":"CATEGORYTOSELLABLEITEM"},{"$type":"Sitecore.Commerce.Plugin.Catalog.ImportRelationshipsArgument, Sitecore.Commerce.Plugin.Catalog","SourceId":"Entity-Category-Habitat_Master-Phones","SourceEntityVersion":1,"TargetIds":{"$type":"System.Collections.Generic.List`1[[System.String, mscorlib]], mscorlib","$values":["Entity-Category-Habitat_Master-Other Phones","Entity-Category-Habitat_Master-Smartphone Accessories","Entity-Category-Habitat_Master-Smartphone Cases","Entity-Category-Habitat_Master-Smartphones"]},"RelationshipType":"CATEGORYTOCATEGORY"},{"$type":"Sitecore.Commerce.Plugin.Catalog.ImportRelationshipsArgument, Sitecore.Commerce.Plugin.Catalog","SourceId":"Entity-Category-Habitat_Master-Phones","SourceEntityVersion":1,"TargetIds":{"$type":"System.Collections.Generic.List`1[[System.String, mscorlib]], mscorlib","$values":["Entity-SellableItem-6001005","Entity-SellableItem-6001006","Entity-SellableItem-6042305","Entity-SellableItem-6042308","Entity-SellableItem-6042313","Entity-SellableItem-6042318","Entity-SellableItem-6042323","Entity-SellableItem-6042325","Entity-SellableItem-6042327","Entity-SellableItem-6042328","Entity-SellableItem-6042329","Entity-SellableItem-6042330","Entity-SellableItem-6042331","Entity-SellableItem-6042332","Entity-SellableItem-6042333","Entity-SellableItem-6042334","Entity-SellableItem-6042335","Entity-SellableItem-6042336","Entity-SellableItem-6042337","Entity-SellableItem-6042347","Entity-SellableItem-6042348","Entity-SellableItem-6042358","Entity-SellableItem-6042359","Entity-SellableItem-6042360","Entity-SellableItem-6042361","Entity-SellableItem-6042362","Entity-SellableItem-6042363","Entity-SellableItem-6042364","Entity-SellableItem-6042365","Entity-SellableItem-6042366","Entity-SellableItem-6042367","Entity-SellableItem-6042368","Entity-SellableItem-6042369","Entity-SellableItem-6042370","Entity-SellableItem-6042371","Entity-SellableItem-6042372","Entity-SellableItem-6042375","Entity-SellableItem-6042376","Entity-SellableItem-6042380","Entity-SellableItem-6042381","Entity-SellableItem-6042382","Entity-SellableItem-6042383","Entity-SellableItem-6042384","Entity-SellableItem-6042385","Entity-SellableItem-6042386","Entity-SellableItem-6042387"]},"RelationshipType":"CATEGORYTOSELLABLEITEM"},{"$type":"Sitecore.Commerce.Plugin.Catalog.ImportRelationshipsArgument, Sitecore.Commerce.Plugin.Catalog","SourceId":"Entity-Category-Habitat_Master-Point and shoot","SourceEntityVersion":1,"TargetIds":{"$type":"System.Collections.Generic.List`1[[System.String, mscorlib]], mscorlib","$values":["Entity-SellableItem-7042066","Entity-SellableItem-7042071","Entity-SellableItem-7042072","Entity-SellableItem-7042073"]},"RelationshipType":"CATEGORYTOSELLABLEITEM"},{"$type":"Sitecore.Commerce.Plugin.Catalog.ImportRelationshipsArgument, Sitecore.Commerce.Plugin.Catalog","SourceId":"Entity-Category-Habitat_Master-Ranges","SourceEntityVersion":1,"TargetIds":{"$type":"System.Collections.Generic.List`1[[System.String, mscorlib]], mscorlib","$values":["Entity-SellableItem-6042725","Entity-SellableItem-6042729","Entity-SellableItem-6042733","Entity-SellableItem-6042737","Entity-SellableItem-6042741","Entity-SellableItem-6042745"]},"RelationshipType":"CATEGORYTOSELLABLEITEM"},{"$type":"Sitecore.Commerce.Plugin.Catalog.ImportRelationshipsArgument, Sitecore.Commerce.Plugin.Catalog","SourceId":"Entity-Category-Habitat_Master-Refrigerators","SourceEntityVersion":1,"TargetIds":{"$type":"System.Collections.Generic.List`1[[System.String, mscorlib]], mscorlib","$values":["Entity-SellableItem-6042567","Entity-SellableItem-6042570","Entity-SellableItem-6042573","Entity-SellableItem-6042576","Entity-SellableItem-6042579","Entity-SellableItem-6042582","Entity-SellableItem-6042585","Entity-SellableItem-6042588","Entity-SellableItem-6042591","Entity-SellableItem-6042594","Entity-SellableItem-6042597","Entity-SellableItem-6042600","Entity-SellableItem-6042603","Entity-SellableItem-6042606","Entity-SellableItem-6042609","Entity-SellableItem-6042612","Entity-SellableItem-6042615","Entity-SellableItem-6042618"]},"RelationshipType":"CATEGORYTOSELLABLEITEM"},{"$type":"Sitecore.Commerce.Plugin.Catalog.ImportRelationshipsArgument, Sitecore.Commerce.Plugin.Catalog","SourceId":"Entity-Category-Habitat_Master-Running","SourceEntityVersion":1,"TargetIds":{"$type":"System.Collections.Generic.List`1[[System.String, mscorlib]], mscorlib","$values":["Entity-SellableItem-8042111","Entity-SellableItem-8042116","Entity-SellableItem-8042117","Entity-SellableItem-8042118","Entity-SellableItem-8042138","Entity-SellableItem-Alba Hydration Pack","Entity-SellableItem-Gameday Cool Blue Runners"]},"RelationshipType":"CATEGORYTOSELLABLEITEM"},{"$type":"Sitecore.Commerce.Plugin.Catalog.ImportRelationshipsArgument, Sitecore.Commerce.Plugin.Catalog","SourceId":"Entity-Category-Habitat_Master-Security Cameras","SourceEntityVersion":1,"TargetIds":{"$type":"System.Collections.Generic.List`1[[System.String, mscorlib]], mscorlib","$values":["Entity-SellableItem-6042966","Entity-SellableItem-6042967","Entity-SellableItem-6042968","Entity-SellableItem-6042969","Entity-SellableItem-6042970"]},"RelationshipType":"CATEGORYTOSELLABLEITEM"},{"$type":"Sitecore.Commerce.Plugin.Catalog.ImportRelationshipsArgument, Sitecore.Commerce.Plugin.Catalog","SourceId":"Entity-Category-Habitat_Master-Single Game Subscriptions","SourceEntityVersion":1,"TargetIds":{"$type":"System.Collections.Generic.List`1[[System.String, mscorlib]], mscorlib","$values":["Entity-SellableItem-6042458","Entity-SellableItem-6042459","Entity-SellableItem-6042460","Entity-SellableItem-6042461","Entity-SellableItem-6042462","Entity-SellableItem-6042463","Entity-SellableItem-6042464","Entity-SellableItem-6042465","Entity-SellableItem-6042466","Entity-SellableItem-6042467","Entity-SellableItem-6042468","Entity-SellableItem-6042469","Entity-SellableItem-6042470","Entity-SellableItem-6042471","Entity-SellableItem-6042472","Entity-SellableItem-6042473","Entity-SellableItem-6042474","Entity-SellableItem-6042475","Entity-SellableItem-6042476","Entity-SellableItem-6042477","Entity-SellableItem-6042478","Entity-SellableItem-6042479","Entity-SellableItem-6042480","Entity-SellableItem-6042481","Entity-SellableItem-6042482","Entity-SellableItem-6042483","Entity-SellableItem-6042484","Entity-SellableItem-6042485","Entity-SellableItem-6042486","Entity-SellableItem-6042487","Entity-SellableItem-6042488","Entity-SellableItem-6042489","Entity-SellableItem-6042490","Entity-SellableItem-6042491","Entity-SellableItem-6042492","Entity-SellableItem-6042493","Entity-SellableItem-6042494","Entity-SellableItem-6042495","Entity-SellableItem-6042496","Entity-SellableItem-6042497","Entity-SellableItem-6042498","Entity-SellableItem-6042499","Entity-SellableItem-6042500","Entity-SellableItem-6042501","Entity-SellableItem-6042502","Entity-SellableItem-6042503","Entity-SellableItem-6042504","Entity-SellableItem-6042505","Entity-SellableItem-6042506","Entity-SellableItem-6042507","Entity-SellableItem-6042508","Entity-SellableItem-6042509","Entity-SellableItem-6042510","Entity-SellableItem-6042511","Entity-SellableItem-6042512","Entity-SellableItem-6042513","Entity-SellableItem-6042514","Entity-SellableItem-6042515","Entity-SellableItem-6042516","Entity-SellableItem-6042517","Entity-SellableItem-6042518","Entity-SellableItem-6042519","Entity-SellableItem-6042520","Entity-SellableItem-6042521","Entity-SellableItem-6042522","Entity-SellableItem-6042523","Entity-SellableItem-6042524","Entity-SellableItem-6042525","Entity-SellableItem-6042526","Entity-SellableItem-6042527","Entity-SellableItem-6042528","Entity-SellableItem-6042529","Entity-SellableItem-6042530","Entity-SellableItem-6042531","Entity-SellableItem-6042532","Entity-SellableItem-6042533","Entity-SellableItem-6042534","Entity-SellableItem-6042535","Entity-SellableItem-6042536","Entity-SellableItem-6042537","Entity-SellableItem-6042538","Entity-SellableItem-6042539","Entity-SellableItem-6042540","Entity-SellableItem-6042541","Entity-SellableItem-6042542","Entity-SellableItem-6042543","Entity-SellableItem-6042544","Entity-SellableItem-6042545","Entity-SellableItem-6042546","Entity-SellableItem-6042547","Entity-SellableItem-6042548","Entity-SellableItem-6042549","Entity-SellableItem-6042550","Entity-SellableItem-6042551","Entity-SellableItem-6042552","Entity-SellableItem-6042553","Entity-SellableItem-6042554","Entity-SellableItem-6042555","Entity-SellableItem-6042556","Entity-SellableItem-6042557"]},"RelationshipType":"CATEGORYTOSELLABLEITEM"},{"$type":"Sitecore.Commerce.Plugin.Catalog.ImportRelationshipsArgument, Sitecore.Commerce.Plugin.Catalog","SourceId":"Entity-Category-Habitat_Master-Small Appliances","SourceEntityVersion":1,"TargetIds":{"$type":"System.Collections.Generic.List`1[[System.String, mscorlib]], mscorlib","$values":["Entity-SellableItem-6042777","Entity-SellableItem-6042780","Entity-SellableItem-6042783","Entity-SellableItem-6042788","Entity-SellableItem-6042793","Entity-SellableItem-6042794","Entity-SellableItem-6042799","Entity-SellableItem-6042804","Entity-SellableItem-6042809","Entity-SellableItem-6042810","Entity-SellableItem-6042811","Entity-SellableItem-6042812","Entity-SellableItem-6042817","Entity-SellableItem-6042821","Entity-SellableItem-6042822","Entity-SellableItem-6042827","Entity-SellableItem-6042832","Entity-SellableItem-6042837","Entity-SellableItem-6042842","Entity-SellableItem-6042847","Entity-SellableItem-6042852","Entity-SellableItem-6042853","Entity-SellableItem-6042854","Entity-SellableItem-6042855","Entity-SellableItem-6042860","Entity-SellableItem-6042861","Entity-SellableItem-6042866","Entity-SellableItem-6042871","Entity-SellableItem-6042872","Entity-SellableItem-6042873","Entity-SellableItem-6042874","Entity-SellableItem-6042875","Entity-SellableItem-6042876","Entity-SellableItem-6042877"]},"RelationshipType":"CATEGORYTOSELLABLEITEM"},{"$type":"Sitecore.Commerce.Plugin.Catalog.ImportRelationshipsArgument, Sitecore.Commerce.Plugin.Catalog","SourceId":"Entity-Category-Habitat_Master-Smart Locks","SourceEntityVersion":1,"TargetIds":{"$type":"System.Collections.Generic.List`1[[System.String, mscorlib]], mscorlib","$values":["Entity-SellableItem-6042974","Entity-SellableItem-6042975","Entity-SellableItem-6042976"]},"RelationshipType":"CATEGORYTOSELLABLEITEM"},{"$type":"Sitecore.Commerce.Plugin.Catalog.ImportRelationshipsArgument, Sitecore.Commerce.Plugin.Catalog","SourceId":"Entity-Category-Habitat_Master-Smart Sports Equipment","SourceEntityVersion":1,"TargetIds":{"$type":"System.Collections.Generic.List`1[[System.String, mscorlib]], mscorlib","$values":["Entity-SellableItem-6042922","Entity-SellableItem-6042923","Entity-SellableItem-6042924","Entity-SellableItem-6042929","Entity-SellableItem-6042930","Entity-SellableItem-6042935","Entity-SellableItem-6042936","Entity-SellableItem-8042104","Entity-SellableItem-8042200"]},"RelationshipType":"CATEGORYTOSELLABLEITEM"},{"$type":"Sitecore.Commerce.Plugin.Catalog.ImportRelationshipsArgument, Sitecore.Commerce.Plugin.Catalog","SourceId":"Entity-Category-Habitat_Master-Smart TVs","SourceEntityVersion":1,"TargetIds":{"$type":"System.Collections.Generic.List`1[[System.String, mscorlib]], mscorlib","$values":["Entity-SellableItem-6042286","Entity-SellableItem-6042287","Entity-SellableItem-6042288","Entity-SellableItem-6042289","Entity-SellableItem-6042290","Entity-SellableItem-6042291"]},"RelationshipType":"CATEGORYTOSELLABLEITEM"},{"$type":"Sitecore.Commerce.Plugin.Catalog.ImportRelationshipsArgument, Sitecore.Commerce.Plugin.Catalog","SourceId":"Entity-Category-Habitat_Master-Smartphone Accessories","SourceEntityVersion":1,"TargetIds":{"$type":"System.Collections.Generic.List`1[[System.String, mscorlib]], mscorlib","$values":["Entity-SellableItem-6042362","Entity-SellableItem-6042363","Entity-SellableItem-6042364","Entity-SellableItem-6042365","Entity-SellableItem-6042366","Entity-SellableItem-6042367","Entity-SellableItem-6042368","Entity-SellableItem-6042369","Entity-SellableItem-6042370","Entity-SellableItem-6042371","Entity-SellableItem-6042372","Entity-SellableItem-6042375","Entity-SellableItem-6042376","Entity-SellableItem-6042380","Entity-SellableItem-6042381","Entity-SellableItem-6042382","Entity-SellableItem-6042383","Entity-SellableItem-6042384","Entity-SellableItem-6042385","Entity-SellableItem-6042386","Entity-SellableItem-6042387"]},"RelationshipType":"CATEGORYTOSELLABLEITEM"},{"$type":"Sitecore.Commerce.Plugin.Catalog.ImportRelationshipsArgument, Sitecore.Commerce.Plugin.Catalog","SourceId":"Entity-Category-Habitat_Master-Smartphone Cases","SourceEntityVersion":1,"TargetIds":{"$type":"System.Collections.Generic.List`1[[System.String, mscorlib]], mscorlib","$values":["Entity-SellableItem-6042337","Entity-SellableItem-6042347","Entity-SellableItem-6042348","Entity-SellableItem-6042358","Entity-SellableItem-6042359","Entity-SellableItem-6042360","Entity-SellableItem-6042361"]},"RelationshipType":"CATEGORYTOSELLABLEITEM"},{"$type":"Sitecore.Commerce.Plugin.Catalog.ImportRelationshipsArgument, Sitecore.Commerce.Plugin.Catalog","SourceId":"Entity-Category-Habitat_Master-Smartphones","SourceEntityVersion":1,"TargetIds":{"$type":"System.Collections.Generic.List`1[[System.String, mscorlib]], mscorlib","$values":["Entity-SellableItem-6042305","Entity-SellableItem-6042308","Entity-SellableItem-6042313","Entity-SellableItem-6042318","Entity-SellableItem-6042323","Entity-SellableItem-6042325","Entity-SellableItem-6042327","Entity-SellableItem-6042328","Entity-SellableItem-6042329","Entity-SellableItem-6042330"]},"RelationshipType":"CATEGORYTOSELLABLEITEM"},{"$type":"Sitecore.Commerce.Plugin.Catalog.ImportRelationshipsArgument, Sitecore.Commerce.Plugin.Catalog","SourceId":"Entity-Category-Habitat_Master-Soundbars","SourceEntityVersion":1,"TargetIds":{"$type":"System.Collections.Generic.List`1[[System.String, mscorlib]], mscorlib","$values":["Entity-SellableItem-6042072","Entity-SellableItem-6042073","Entity-SellableItem-6042074","Entity-SellableItem-6042075","Entity-SellableItem-6042076"]},"RelationshipType":"CATEGORYTOSELLABLEITEM"},{"$type":"Sitecore.Commerce.Plugin.Catalog.ImportRelationshipsArgument, Sitecore.Commerce.Plugin.Catalog","SourceId":"Entity-Category-Habitat_Master-Speakers","SourceEntityVersion":1,"TargetIds":{"$type":"System.Collections.Generic.List`1[[System.String, mscorlib]], mscorlib","$values":["Entity-SellableItem-6042078","Entity-SellableItem-6042079","Entity-SellableItem-6042080","Entity-SellableItem-6042081","Entity-SellableItem-6042082","Entity-SellableItem-6042083","Entity-SellableItem-6042084","Entity-SellableItem-6042085","Entity-SellableItem-6042086","Entity-SellableItem-6042087","Entity-SellableItem-6042088","Entity-SellableItem-6042089","Entity-SellableItem-6042090","Entity-SellableItem-6042091","Entity-SellableItem-6042092","Entity-SellableItem-6042093","Entity-SellableItem-6042094","Entity-SellableItem-6042095","Entity-SellableItem-6042096","Entity-SellableItem-6042097","Entity-SellableItem-6042098","Entity-SellableItem-6042099","Entity-SellableItem-6042100","Entity-SellableItem-6042101","Entity-SellableItem-6042102","Entity-SellableItem-6042103","Entity-SellableItem-6042104"]},"RelationshipType":"CATEGORYTOSELLABLEITEM"},{"$type":"Sitecore.Commerce.Plugin.Catalog.ImportRelationshipsArgument, Sitecore.Commerce.Plugin.Catalog","SourceId":"Entity-Category-Habitat_Master-Tablets","SourceEntityVersion":1,"TargetIds":{"$type":"System.Collections.Generic.List`1[[System.String, mscorlib]], mscorlib","$values":["Entity-SellableItem-6042194","Entity-SellableItem-6042195","Entity-SellableItem-6042196","Entity-SellableItem-6042197","Entity-SellableItem-6042198","Entity-SellableItem-6042199","Entity-SellableItem-6042200","Entity-SellableItem-6042201","Entity-SellableItem-6042202","Entity-SellableItem-6042203","Entity-SellableItem-6042204","Entity-SellableItem-6042205","Entity-SellableItem-6042206","Entity-SellableItem-6042207","Entity-SellableItem-6042208","Entity-SellableItem-6042209","Entity-SellableItem-6042210","Entity-SellableItem-6042211","Entity-SellableItem-6042212","Entity-SellableItem-6042213","Entity-SellableItem-6042214","Entity-SellableItem-6042215"]},"RelationshipType":"CATEGORYTOSELLABLEITEM"},{"$type":"Sitecore.Commerce.Plugin.Catalog.ImportRelationshipsArgument, Sitecore.Commerce.Plugin.Catalog","SourceId":"Entity-Category-Habitat_Master-Televisions","SourceEntityVersion":1,"TargetIds":{"$type":"System.Collections.Generic.List`1[[System.String, mscorlib]], mscorlib","$values":["Entity-Category-Habitat_Master-3D TVs","Entity-Category-Habitat_Master-4K","Entity-Category-Habitat_Master-4K with HDR","Entity-Category-Habitat_Master-Curved UHD TVs","Entity-Category-Habitat_Master-HDTV","Entity-Category-Habitat_Master-Smart TVs"]},"RelationshipType":"CATEGORYTOCATEGORY"},{"$type":"Sitecore.Commerce.Plugin.Catalog.ImportRelationshipsArgument, Sitecore.Commerce.Plugin.Catalog","SourceId":"Entity-Category-Habitat_Master-Televisions","SourceEntityVersion":1,"TargetIds":{"$type":"System.Collections.Generic.List`1[[System.String, mscorlib]], mscorlib","$values":["Entity-SellableItem-6042260","Entity-SellableItem-6042261","Entity-SellableItem-6042262","Entity-SellableItem-6042264","Entity-SellableItem-6042265","Entity-SellableItem-6042266","Entity-SellableItem-6042267","Entity-SellableItem-6042268","Entity-SellableItem-6042269","Entity-SellableItem-6042270","Entity-SellableItem-6042271","Entity-SellableItem-6042272","Entity-SellableItem-6042273","Entity-SellableItem-6042274","Entity-SellableItem-6042275","Entity-SellableItem-6042276","Entity-SellableItem-6042277","Entity-SellableItem-6042278","Entity-SellableItem-6042279","Entity-SellableItem-6042280","Entity-SellableItem-6042281","Entity-SellableItem-6042282","Entity-SellableItem-6042283","Entity-SellableItem-6042284","Entity-SellableItem-6042285","Entity-SellableItem-6042286","Entity-SellableItem-6042287","Entity-SellableItem-6042288","Entity-SellableItem-6042289","Entity-SellableItem-6042290","Entity-SellableItem-6042291","Entity-SellableItem-6042292","Entity-SellableItem-6042293","Entity-SellableItem-6042294","Entity-SellableItem-6042295"]},"RelationshipType":"CATEGORYTOSELLABLEITEM"},{"$type":"Sitecore.Commerce.Plugin.Catalog.ImportRelationshipsArgument, Sitecore.Commerce.Plugin.Catalog","SourceId":"Entity-Category-Habitat_Master-Thermostats","SourceEntityVersion":1,"TargetIds":{"$type":"System.Collections.Generic.List`1[[System.String, mscorlib]], mscorlib","$values":["Entity-SellableItem-6042962","Entity-SellableItem-6042963","Entity-SellableItem-6042964","Entity-SellableItem-6042965"]},"RelationshipType":"CATEGORYTOSELLABLEITEM"},{"$type":"Sitecore.Commerce.Plugin.Catalog.ImportRelationshipsArgument, Sitecore.Commerce.Plugin.Catalog","SourceId":"Entity-Category-Habitat_Master-Vacuums","SourceEntityVersion":1,"TargetIds":{"$type":"System.Collections.Generic.List`1[[System.String, mscorlib]], mscorlib","$values":["Entity-SellableItem-6042777","Entity-SellableItem-6042780","Entity-SellableItem-6042783","Entity-SellableItem-6042788","Entity-SellableItem-6042793","Entity-SellableItem-6042794","Entity-SellableItem-6042799","Entity-SellableItem-6042810"]},"RelationshipType":"CATEGORYTOSELLABLEITEM"},{"$type":"Sitecore.Commerce.Plugin.Catalog.ImportRelationshipsArgument, Sitecore.Commerce.Plugin.Catalog","SourceId":"Entity-Category-Habitat_Master-Warranties and Installations","SourceEntityVersion":1,"TargetIds":{"$type":"System.Collections.Generic.List`1[[System.String, mscorlib]], mscorlib","$values":["Entity-SellableItem-6042147","Entity-SellableItem-6042148","Entity-SellableItem-6042149","Entity-SellableItem-6042150","Entity-SellableItem-6042151","Entity-SellableItem-6042152","Entity-SellableItem-6042153","Entity-SellableItem-6042154","Entity-SellableItem-6042160","Entity-SellableItem-6042254","Entity-SellableItem-6042299","Entity-SellableItem-6042561","Entity-SellableItem-6042878","Entity-SellableItem-6042879","Entity-SellableItem-6042880","Entity-SellableItem-6042977","Entity-SellableItem-6042978","Entity-SellableItem-6042979","Entity-SellableItem-7042169","Entity-SellableItem-7042257","Entity-SellableItem-7042258","Entity-SellableItem-7042259"]},"RelationshipType":"CATEGORYTOSELLABLEITEM"},{"$type":"Sitecore.Commerce.Plugin.Catalog.ImportRelationshipsArgument, Sitecore.Commerce.Plugin.Catalog","SourceId":"Entity-Category-Habitat_Master-Warranties and Services","SourceEntityVersion":1,"TargetIds":{"$type":"System.Collections.Generic.List`1[[System.String, mscorlib]], mscorlib","$values":["Entity-SellableItem-6042251","Entity-SellableItem-6042417","Entity-SellableItem-6042418","Entity-SellableItem-6042419","Entity-SellableItem-6042420","Entity-SellableItem-6042421","Entity-SellableItem-6042422","Entity-SellableItem-6042423","Entity-SellableItem-6042558","Entity-SellableItem-6042559","Entity-SellableItem-6042560","Entity-SellableItem-7042167","Entity-SellableItem-7042168"]},"RelationshipType":"CATEGORYTOSELLABLEITEM"},{"$type":"Sitecore.Commerce.Plugin.Catalog.ImportRelationshipsArgument, Sitecore.Commerce.Plugin.Catalog","SourceId":"Entity-Category-Habitat_Master-Women s Shavers","SourceEntityVersion":1,"TargetIds":{"$type":"System.Collections.Generic.List`1[[System.String, mscorlib]], mscorlib","$values":["Entity-SellableItem-6042956","Entity-SellableItem-6042957"]},"RelationshipType":"CATEGORYTOSELLABLEITEM"},{"$type":"Sitecore.Commerce.Plugin.Catalog.ImportRelationshipsArgument, Sitecore.Commerce.Plugin.Catalog","SourceId":"Entity-SellableItem-28208","SourceEntityVersion":1,"TargetIds":{"$type":"System.Collections.Generic.List`1[[System.String, mscorlib]], mscorlib","$values":["Entity-Category-Habitat_Master-FeaturedProducts"]},"RelationshipType":"UPSELLCATEGORY"},{"$type":"Sitecore.Commerce.Plugin.Catalog.ImportRelationshipsArgument, Sitecore.Commerce.Plugin.Catalog","SourceId":"Entity-SellableItem-6001001","SourceEntityVersion":1,"TargetIds":{"$type":"System.Collections.Generic.List`1[[System.String, mscorlib]], mscorlib","$values":["Entity-SellableItem-6042964","Entity-SellableItem-6042971"]},"RelationshipType":"BUNDLETOSELLABLEITEMVARIANT"},{"$type":"Sitecore.Commerce.Plugin.Catalog.ImportRelationshipsArgument, Sitecore.Commerce.Plugin.Catalog","SourceId":"Entity-SellableItem-6001002","SourceEntityVersion":1,"TargetIds":{"$type":"System.Collections.Generic.List`1[[System.String, mscorlib]], mscorlib","$values":["Entity-SellableItem-6042896","Entity-SellableItem-7042066"]},"RelationshipType":"BUNDLETOSELLABLEITEMVARIANT"},{"$type":"Sitecore.Commerce.Plugin.Catalog.ImportRelationshipsArgument, Sitecore.Commerce.Plugin.Catalog","SourceId":"Entity-SellableItem-6001003","SourceEntityVersion":1,"TargetIds":{"$type":"System.Collections.Generic.List`1[[System.String, mscorlib]], mscorlib","$values":["Entity-SellableItem-6042331","Entity-SellableItem-6042567","Entity-SellableItem-6042896","Entity-SellableItem-7042066"]},"RelationshipType":"BUNDLETOSELLABLEITEMVARIANT"},{"$type":"Sitecore.Commerce.Plugin.Catalog.ImportRelationshipsArgument, Sitecore.Commerce.Plugin.Catalog","SourceId":"Entity-SellableItem-6001004","SourceEntityVersion":1,"TargetIds":{"$type":"System.Collections.Generic.List`1[[System.String, mscorlib]], mscorlib","$values":["Entity-SellableItem-6042453","Entity-SellableItem-6042986"]},"RelationshipType":"BUNDLETOSELLABLEITEMVARIANT"},{"$type":"Sitecore.Commerce.Plugin.Catalog.ImportRelationshipsArgument, Sitecore.Commerce.Plugin.Catalog","SourceId":"Entity-SellableItem-6001005","SourceEntityVersion":1,"TargetIds":{"$type":"System.Collections.Generic.List`1[[System.String, mscorlib]], mscorlib","$values":["Entity-SellableItem-6042059","Entity-SellableItem-6042305"]},"RelationshipType":"BUNDLETOSELLABLEITEMVARIANT"},{"$type":"Sitecore.Commerce.Plugin.Catalog.ImportRelationshipsArgument, Sitecore.Commerce.Plugin.Catalog","SourceId":"Entity-SellableItem-6001006","SourceEntityVersion":1,"TargetIds":{"$type":"System.Collections.Generic.List`1[[System.String, mscorlib]], mscorlib","$values":["Entity-SellableItem-6042058","Entity-SellableItem-6042305"]},"RelationshipType":"BUNDLETOSELLABLEITEMVARIANT"},{"$type":"Sitecore.Commerce.Plugin.Catalog.ImportRelationshipsArgument, Sitecore.Commerce.Plugin.Catalog","SourceId":"Entity-SellableItem-6001007","SourceEntityVersion":1,"TargetIds":{"$type":"System.Collections.Generic.List`1[[System.String, mscorlib]], mscorlib","$values":["Entity-SellableItem-6042058","Entity-SellableItem-6042059"]},"RelationshipType":"BUNDLETOSELLABLEITEMVARIANT"},{"$type":"Sitecore.Commerce.Plugin.Catalog.ImportRelationshipsArgument, Sitecore.Commerce.Plugin.Catalog","SourceId":"Entity-SellableItem-6001008","SourceEntityVersion":1,"TargetIds":{"$type":"System.Collections.Generic.List`1[[System.String, mscorlib]], mscorlib","$values":["Entity-SellableItem-6042986"]},"RelationshipType":"BUNDLETOSELLABLEITEMVARIANT"},{"$type":"Sitecore.Commerce.Plugin.Catalog.ImportRelationshipsArgument, Sitecore.Commerce.Plugin.Catalog","SourceId":"Entity-SellableItem-6001009","SourceEntityVersion":1,"TargetIds":{"$type":"System.Collections.Generic.List`1[[System.String, mscorlib]], mscorlib","$values":["Entity-SellableItem-7042259"]},"RelationshipType":"BUNDLETOSELLABLEITEMVARIANT"},{"$type":"Sitecore.Commerce.Plugin.Catalog.ImportRelationshipsArgument, Sitecore.Commerce.Plugin.Catalog","SourceId":"Entity-SellableItem-6001010","SourceEntityVersion":1,"TargetIds":{"$type":"System.Collections.Generic.List`1[[System.String, mscorlib]], mscorlib","$values":["Entity-SellableItem-6042418"]},"RelationshipType":"BUNDLETOSELLABLEITEMVARIANT"},{"$type":"Sitecore.Commerce.Plugin.Catalog.ImportRelationshipsArgument, Sitecore.Commerce.Plugin.Catalog","SourceId":"Entity-SellableItem-6001011","SourceEntityVersion":1,"TargetIds":{"$type":"System.Collections.Generic.List`1[[System.String, mscorlib]], mscorlib","$values":["Entity-SellableItem-6042453"]},"RelationshipType":"BUNDLETOSELLABLEITEMVARIANT"},{"$type":"Sitecore.Commerce.Plugin.Catalog.ImportRelationshipsArgument, Sitecore.Commerce.Plugin.Catalog","SourceId":"Entity-SellableItem-6042058","SourceEntityVersion":1,"TargetIds":{"$type":"System.Collections.Generic.List`1[[System.String, mscorlib]], mscorlib","$values":["Entity-SellableItem-6001006","Entity-SellableItem-6001007"]},"RelationshipType":"SELLABLEITEMTOBUNDLE"},{"$type":"Sitecore.Commerce.Plugin.Catalog.ImportRelationshipsArgument, Sitecore.Commerce.Plugin.Catalog","SourceId":"Entity-SellableItem-6042059","SourceEntityVersion":1,"TargetIds":{"$type":"System.Collections.Generic.List`1[[System.String, mscorlib]], mscorlib","$values":["Entity-SellableItem-6001005","Entity-SellableItem-6001007"]},"RelationshipType":"SELLABLEITEMTOBUNDLE"},{"$type":"Sitecore.Commerce.Plugin.Catalog.ImportRelationshipsArgument, Sitecore.Commerce.Plugin.Catalog","SourceId":"Entity-SellableItem-6042305","SourceEntityVersion":1,"TargetIds":{"$type":"System.Collections.Generic.List`1[[System.String, mscorlib]], mscorlib","$values":["Entity-SellableItem-6001005","Entity-SellableItem-6001006"]},"RelationshipType":"SELLABLEITEMTOBUNDLE"},{"$type":"Sitecore.Commerce.Plugin.Catalog.ImportRelationshipsArgument, Sitecore.Commerce.Plugin.Catalog","SourceId":"Entity-SellableItem-6042331","SourceEntityVersion":1,"TargetIds":{"$type":"System.Collections.Generic.List`1[[System.String, mscorlib]], mscorlib","$values":["Entity-SellableItem-6001003"]},"RelationshipType":"SELLABLEITEMTOBUNDLE"},{"$type":"Sitecore.Commerce.Plugin.Catalog.ImportRelationshipsArgument, Sitecore.Commerce.Plugin.Catalog","SourceId":"Entity-SellableItem-6042418","SourceEntityVersion":1,"TargetIds":{"$type":"System.Collections.Generic.List`1[[System.String, mscorlib]], mscorlib","$values":["Entity-SellableItem-6001010"]},"RelationshipType":"SELLABLEITEMTOBUNDLE"},{"$type":"Sitecore.Commerce.Plugin.Catalog.ImportRelationshipsArgument, Sitecore.Commerce.Plugin.Catalog","SourceId":"Entity-SellableItem-6042453","SourceEntityVersion":1,"TargetIds":{"$type":"System.Collections.Generic.List`1[[System.String, mscorlib]], mscorlib","$values":["Entity-SellableItem-6001004","Entity-SellableItem-6001011"]},"RelationshipType":"SELLABLEITEMTOBUNDLE"},{"$type":"Sitecore.Commerce.Plugin.Catalog.ImportRelationshipsArgument, Sitecore.Commerce.Plugin.Catalog","SourceId":"Entity-SellableItem-6042567","SourceEntityVersion":1,"TargetIds":{"$type":"System.Collections.Generic.List`1[[System.String, mscorlib]], mscorlib","$values":["Entity-SellableItem-6001003"]},"RelationshipType":"SELLABLEITEMTOBUNDLE"},{"$type":"Sitecore.Commerce.Plugin.Catalog.ImportRelationshipsArgument, Sitecore.Commerce.Plugin.Catalog","SourceId":"Entity-SellableItem-6042896","SourceEntityVersion":1,"TargetIds":{"$type":"System.Collections.Generic.List`1[[System.String, mscorlib]], mscorlib","$values":["Entity-SellableItem-6001002","Entity-SellableItem-6001003"]},"RelationshipType":"SELLABLEITEMTOBUNDLE"},{"$type":"Sitecore.Commerce.Plugin.Catalog.ImportRelationshipsArgument, Sitecore.Commerce.Plugin.Catalog","SourceId":"Entity-SellableItem-6042964","SourceEntityVersion":1,"TargetIds":{"$type":"System.Collections.Generic.List`1[[System.String, mscorlib]], mscorlib","$values":["Entity-SellableItem-6001001"]},"RelationshipType":"SELLABLEITEMTOBUNDLE"},{"$type":"Sitecore.Commerce.Plugin.Catalog.ImportRelationshipsArgument, Sitecore.Commerce.Plugin.Catalog","SourceId":"Entity-SellableItem-6042971","SourceEntityVersion":1,"TargetIds":{"$type":"System.Collections.Generic.List`1[[System.String, mscorlib]], mscorlib","$values":["Entity-SellableItem-6001001"]},"RelationshipType":"SELLABLEITEMTOBUNDLE"},{"$type":"Sitecore.Commerce.Plugin.Catalog.ImportRelationshipsArgument, Sitecore.Commerce.Plugin.Catalog","SourceId":"Entity-SellableItem-6042986","SourceEntityVersion":2,"TargetIds":{"$type":"System.Collections.Generic.List`1[[System.String, mscorlib]], mscorlib","$values":["Entity-SellableItem-6001004","Entity-SellableItem-6001008","Entity-SellableItem-8042200"]},"RelationshipType":"SELLABLEITEMTOBUNDLE"},{"$type":"Sitecore.Commerce.Plugin.Catalog.ImportRelationshipsArgument, Sitecore.Commerce.Plugin.Catalog","SourceId":"Entity-SellableItem-7042066","SourceEntityVersion":1,"TargetIds":{"$type":"System.Collections.Generic.List`1[[System.String, mscorlib]], mscorlib","$values":["Entity-SellableItem-6001002","Entity-SellableItem-6001003"]},"RelationshipType":"SELLABLEITEMTOBUNDLE"},{"$type":"Sitecore.Commerce.Plugin.Catalog.ImportRelationshipsArgument, Sitecore.Commerce.Plugin.Catalog","SourceId":"Entity-SellableItem-7042259","SourceEntityVersion":1,"TargetIds":{"$type":"System.Collections.Generic.List`1[[System.String, mscorlib]], mscorlib","$values":["Entity-SellableItem-6001009"]},"RelationshipType":"SELLABLEITEMTOBUNDLE"},{"$type":"Sitecore.Commerce.Plugin.Catalog.ImportRelationshipsArgument, Sitecore.Commerce.Plugin.Catalog","SourceId":"Entity-SellableItem-8042101","SourceEntityVersion":1,"TargetIds":{"$type":"System.Collections.Generic.List`1[[System.String, mscorlib]], mscorlib","$values":["Entity-SellableItem-8042200"]},"RelationshipType":"SELLABLEITEMTOBUNDLE"},{"$type":"Sitecore.Commerce.Plugin.Catalog.ImportRelationshipsArgument, Sitecore.Commerce.Plugin.Catalog","SourceId":"Entity-SellableItem-8042103","SourceEntityVersion":1,"TargetIds":{"$type":"System.Collections.Generic.List`1[[System.String, mscorlib]], mscorlib","$values":["Entity-Category-Habitat_Master-Smart Sports Equipment"]},"RelationshipType":"UPSELLCATEGORY"},{"$type":"Sitecore.Commerce.Plugin.Catalog.ImportRelationshipsArgument, Sitecore.Commerce.Plugin.Catalog","SourceId":"Entity-SellableItem-8042104","SourceEntityVersion":1,"TargetIds":{"$type":"System.Collections.Generic.List`1[[System.String, mscorlib]], mscorlib","$values":["Entity-SellableItem-8042200"]},"RelationshipType":"SELLABLEITEMTOBUNDLE"},{"$type":"Sitecore.Commerce.Plugin.Catalog.ImportRelationshipsArgument, Sitecore.Commerce.Plugin.Catalog","SourceId":"Entity-SellableItem-8042200","SourceEntityVersion":2,"TargetIds":{"$type":"System.Collections.Generic.List`1[[System.String, mscorlib]], mscorlib","$values":["Entity-SellableItem-6042986","Entity-SellableItem-8042101","Entity-SellableItem-8042104"]},"RelationshipType":"BUNDLETOSELLABLEITEM"}]}