{"$type":"System.Collections.Generic.List`1[[Sitecore.Commerce.Plugin.Catalog.RelationshipArgument, Sitecore.Commerce.Plugin.Catalog]], mscorlib","$values":[{"$type":"Sitecore.Commerce.Plugin.Catalog.RelationshipArgument, Sitecore.Commerce.Plugin.Catalog","SourceName":"Entity-Category-Habitat_Master-Gaming","TargetName":"Entity-Category-Habitat_Master-Consoles","RelationshipType":"CategoryToCategory"},{"$type":"Sitecore.Commerce.Plugin.Catalog.RelationshipArgument, Sitecore.Commerce.Plugin.Catalog","SourceName":"Entity-Category-Habitat_Master-Gaming","TargetName":"Entity-Category-Habitat_Master-Multigame Subscriptions","RelationshipType":"CategoryToCategory"},{"$type":"Sitecore.Commerce.Plugin.Catalog.RelationshipArgument, Sitecore.Commerce.Plugin.Catalog","SourceName":"Entity-Category-Habitat_Master-Gaming","TargetName":"Entity-Category-Habitat_Master-NextCube Accessories","RelationshipType":"CategoryToCategory"},{"$type":"Sitecore.Commerce.Plugin.Catalog.RelationshipArgument, Sitecore.Commerce.Plugin.Catalog","SourceName":"Entity-Category-Habitat_Master-Gaming","TargetName":"Entity-Category-Habitat_Master-Single Game Subscriptions","RelationshipType":"CategoryToCategory"}]}