{"$type":"System.Collections.Generic.List`1[[Sitecore.Commerce.Plugin.Catalog.RelationshipArgument, Sitecore.Commerce.Plugin.Catalog]], mscorlib","$values":[{"$type":"Sitecore.Commerce.Plugin.Catalog.RelationshipArgument, Sitecore.Commerce.Plugin.Catalog","SourceName":"Entity-SellableItem-6001001","SourceEntityVersion":2,"TargetName":"Entity-SellableItem-6042964","RelationshipType":"BundleToSellableItemVariant"},{"$type":"Sitecore.Commerce.Plugin.Catalog.RelationshipArgument, Sitecore.Commerce.Plugin.Catalog","SourceName":"Entity-SellableItem-6001001","SourceEntityVersion":2,"TargetName":"Entity-SellableItem-6042971","RelationshipType":"BundleToSellableItemVariant"}]}