{"$type":"System.Collections.Generic.List`1[[Sitecore.Commerce.Plugin.Catalog.RelationshipArgument, Sitecore.Commerce.Plugin.Catalog]], mscorlib","$values":[{"$type":"Sitecore.Commerce.Plugin.Catalog.RelationshipArgument, Sitecore.Commerce.Plugin.Catalog","SourceName":"Entity-SellableItem-6042400","TargetName":"Entity-SellableItem-6042390","RelationshipType":"CrossSellProduct"},{"$type":"Sitecore.Commerce.Plugin.Catalog.RelationshipArgument, Sitecore.Commerce.Plugin.Catalog","SourceName":"Entity-SellableItem-6042400","TargetName":"Entity-SellableItem-6042396","RelationshipType":"CrossSellProduct"},{"$type":"Sitecore.Commerce.Plugin.Catalog.RelationshipArgument, Sitecore.Commerce.Plugin.Catalog","SourceName":"Entity-SellableItem-6042400","TargetName":"Entity-SellableItem-6042398","RelationshipType":"CrossSellProduct"},{"$type":"Sitecore.Commerce.Plugin.Catalog.RelationshipArgument, Sitecore.Commerce.Plugin.Catalog","SourceName":"Entity-SellableItem-6042400","TargetName":"Entity-SellableItem-6042399","RelationshipType":"CrossSellProduct"},{"$type":"Sitecore.Commerce.Plugin.Catalog.RelationshipArgument, Sitecore.Commerce.Plugin.Catalog","SourceName":"Entity-SellableItem-6042400","TargetName":"Entity-SellableItem-6042409","RelationshipType":"CrossSellProduct"},{"$type":"Sitecore.Commerce.Plugin.Catalog.RelationshipArgument, Sitecore.Commerce.Plugin.Catalog","SourceName":"Entity-SellableItem-6042400","TargetName":"Entity-SellableItem-6042411","RelationshipType":"CrossSellProduct"},{"$type":"Sitecore.Commerce.Plugin.Catalog.RelationshipArgument, Sitecore.Commerce.Plugin.Catalog","SourceName":"Entity-SellableItem-6042400","TargetName":"Entity-SellableItem-6042414","RelationshipType":"CrossSellProduct"},{"$type":"Sitecore.Commerce.Plugin.Catalog.RelationshipArgument, Sitecore.Commerce.Plugin.Catalog","SourceName":"Entity-SellableItem-6042400","TargetName":"Entity-SellableItem-6042415","RelationshipType":"CrossSellProduct"}]}