{"$type":"Sitecore.Commerce.Plugin.Catalog.ImportRelationshipsArgument[], Sitecore.Commerce.Plugin.Catalog","$values":[{"$type":"Sitecore.Commerce.Plugin.Catalog.ImportRelationshipsArgument, Sitecore.Commerce.Plugin.Catalog","SourceId":"Entity-SellableItem-6042145","SourceEntityVersion":1,"TargetIds":{"$type":"System.Collections.Generic.List`1[[System.String, mscorlib]], mscorlib","$values":["Entity-SellableItem-6042142","Entity-SellableItem-6042143","Entity-SellableItem-6042144","Entity-SellableItem-6042146"]},"RelationshipType":"CROSSSELLPRODUCT"},{"$type":"Sitecore.Commerce.Plugin.Catalog.ImportRelationshipsArgument, Sitecore.Commerce.Plugin.Catalog","SourceId":"Entity-SellableItem-6042146","SourceEntityVersion":1,"TargetIds":{"$type":"System.Collections.Generic.List`1[[System.String, mscorlib]], mscorlib","$values":["Entity-SellableItem-6042142","Entity-SellableItem-6042143","Entity-SellableItem-6042144","Entity-SellableItem-6042145"]},"RelationshipType":"CROSSSELLPRODUCT"},{"$type":"Sitecore.Commerce.Plugin.Catalog.ImportRelationshipsArgument, Sitecore.Commerce.Plugin.Catalog","SourceId":"Entity-SellableItem-6042147","SourceEntityVersion":1,"TargetIds":{"$type":"System.Collections.Generic.List`1[[System.String, mscorlib]], mscorlib","$values":["Entity-SellableItem-6042064","Entity-SellableItem-6042183","Entity-SellableItem-6042283","Entity-SellableItem-6042325","Entity-SellableItem-6042402","Entity-SellableItem-6042430","Entity-SellableItem-6042886","Entity-SellableItem-6042962","Entity-SellableItem-6042963","Entity-SellableItem-6042986","Entity-SellableItem-7042082"]},"RelationshipType":"RELATEDPRODUCT"},{"$type":"Sitecore.Commerce.Plugin.Catalog.ImportRelationshipsArgument, Sitecore.Commerce.Plugin.Catalog","SourceId":"Entity-SellableItem-6042148","SourceEntityVersion":1,"TargetIds":{"$type":"System.Collections.Generic.List`1[[System.String, mscorlib]], mscorlib","$values":["Entity-SellableItem-6042064","Entity-SellableItem-6042183","Entity-SellableItem-6042283","Entity-SellableItem-6042325","Entity-SellableItem-6042402","Entity-SellableItem-6042430","Entity-SellableItem-6042886","Entity-SellableItem-6042962","Entity-SellableItem-6042963","Entity-SellableItem-6042986","Entity-SellableItem-7042082"]},"RelationshipType":"RELATEDPRODUCT"},{"$type":"Sitecore.Commerce.Plugin.Catalog.ImportRelationshipsArgument, Sitecore.Commerce.Plugin.Catalog","SourceId":"Entity-SellableItem-6042149","SourceEntityVersion":1,"TargetIds":{"$type":"System.Collections.Generic.List`1[[System.String, mscorlib]], mscorlib","$values":["Entity-SellableItem-6042064","Entity-SellableItem-6042183","Entity-SellableItem-6042283","Entity-SellableItem-6042325","Entity-SellableItem-6042402","Entity-SellableItem-6042430","Entity-SellableItem-6042886","Entity-SellableItem-6042962","Entity-SellableItem-6042963","Entity-SellableItem-6042986","Entity-SellableItem-7042082"]},"RelationshipType":"RELATEDPRODUCT"},{"$type":"Sitecore.Commerce.Plugin.Catalog.ImportRelationshipsArgument, Sitecore.Commerce.Plugin.Catalog","SourceId":"Entity-SellableItem-6042150","SourceEntityVersion":1,"TargetIds":{"$type":"System.Collections.Generic.List`1[[System.String, mscorlib]], mscorlib","$values":["Entity-SellableItem-6042064","Entity-SellableItem-6042183","Entity-SellableItem-6042283","Entity-SellableItem-6042325","Entity-SellableItem-6042402","Entity-SellableItem-6042430","Entity-SellableItem-6042886","Entity-SellableItem-6042962","Entity-SellableItem-6042963","Entity-SellableItem-6042986","Entity-SellableItem-7042082"]},"RelationshipType":"RELATEDPRODUCT"},{"$type":"Sitecore.Commerce.Plugin.Catalog.ImportRelationshipsArgument, Sitecore.Commerce.Plugin.Catalog","SourceId":"Entity-SellableItem-6042151","SourceEntityVersion":1,"TargetIds":{"$type":"System.Collections.Generic.List`1[[System.String, mscorlib]], mscorlib","$values":["Entity-SellableItem-6042064","Entity-SellableItem-6042183","Entity-SellableItem-6042283","Entity-SellableItem-6042325","Entity-SellableItem-6042402","Entity-SellableItem-6042430","Entity-SellableItem-6042886","Entity-SellableItem-6042962","Entity-SellableItem-6042963","Entity-SellableItem-6042986","Entity-SellableItem-7042082"]},"RelationshipType":"RELATEDPRODUCT"},{"$type":"Sitecore.Commerce.Plugin.Catalog.ImportRelationshipsArgument, Sitecore.Commerce.Plugin.Catalog","SourceId":"Entity-SellableItem-6042152","SourceEntityVersion":1,"TargetIds":{"$type":"System.Collections.Generic.List`1[[System.String, mscorlib]], mscorlib","$values":["Entity-SellableItem-6042064","Entity-SellableItem-6042183","Entity-SellableItem-6042283","Entity-SellableItem-6042325","Entity-SellableItem-6042402","Entity-SellableItem-6042430","Entity-SellableItem-6042886","Entity-SellableItem-6042962","Entity-SellableItem-6042963","Entity-SellableItem-6042986","Entity-SellableItem-7042082"]},"RelationshipType":"RELATEDPRODUCT"},{"$type":"Sitecore.Commerce.Plugin.Catalog.ImportRelationshipsArgument, Sitecore.Commerce.Plugin.Catalog","SourceId":"Entity-SellableItem-6042153","SourceEntityVersion":1,"TargetIds":{"$type":"System.Collections.Generic.List`1[[System.String, mscorlib]], mscorlib","$values":["Entity-SellableItem-6042064","Entity-SellableItem-6042183","Entity-SellableItem-6042283","Entity-SellableItem-6042325","Entity-SellableItem-6042402","Entity-SellableItem-6042430","Entity-SellableItem-6042886","Entity-SellableItem-6042962","Entity-SellableItem-6042963","Entity-SellableItem-6042986","Entity-SellableItem-7042082"]},"RelationshipType":"RELATEDPRODUCT"},{"$type":"Sitecore.Commerce.Plugin.Catalog.ImportRelationshipsArgument, Sitecore.Commerce.Plugin.Catalog","SourceId":"Entity-SellableItem-6042154","SourceEntityVersion":1,"TargetIds":{"$type":"System.Collections.Generic.List`1[[System.String, mscorlib]], mscorlib","$values":["Entity-SellableItem-6042064","Entity-SellableItem-6042183","Entity-SellableItem-6042283","Entity-SellableItem-6042325","Entity-SellableItem-6042402","Entity-SellableItem-6042430","Entity-SellableItem-6042886","Entity-SellableItem-6042962","Entity-SellableItem-6042963","Entity-SellableItem-6042986","Entity-SellableItem-7042082"]},"RelationshipType":"RELATEDPRODUCT"},{"$type":"Sitecore.Commerce.Plugin.Catalog.ImportRelationshipsArgument, Sitecore.Commerce.Plugin.Catalog","SourceId":"Entity-SellableItem-6042160","SourceEntityVersion":1,"TargetIds":{"$type":"System.Collections.Generic.List`1[[System.String, mscorlib]], mscorlib","$values":["Entity-SellableItem-6042064","Entity-SellableItem-6042183","Entity-SellableItem-6042283","Entity-SellableItem-6042325","Entity-SellableItem-6042402","Entity-SellableItem-6042430","Entity-SellableItem-6042886","Entity-SellableItem-6042962","Entity-SellableItem-6042963","Entity-SellableItem-6042986","Entity-SellableItem-7042082"]},"RelationshipType":"RELATEDPRODUCT"},{"$type":"Sitecore.Commerce.Plugin.Catalog.ImportRelationshipsArgument, Sitecore.Commerce.Plugin.Catalog","SourceId":"Entity-SellableItem-6042175","SourceEntityVersion":1,"TargetIds":{"$type":"System.Collections.Generic.List`1[[System.String, mscorlib]], mscorlib","$values":["Entity-SellableItem-6042177","Entity-SellableItem-6042178","Entity-SellableItem-6042179","Entity-SellableItem-6042180","Entity-SellableItem-6042181"]},"RelationshipType":"CROSSSELLPRODUCT"},{"$type":"Sitecore.Commerce.Plugin.Catalog.ImportRelationshipsArgument, Sitecore.Commerce.Plugin.Catalog","SourceId":"Entity-SellableItem-6042175","SourceEntityVersion":1,"TargetIds":{"$type":"System.Collections.Generic.List`1[[System.String, mscorlib]], mscorlib","$values":["Entity-SellableItem-6042235","Entity-SellableItem-6042236","Entity-SellableItem-6042237","Entity-SellableItem-6042238","Entity-SellableItem-6042254"]},"RelationshipType":"UPSELLPRODUCT"},{"$type":"Sitecore.Commerce.Plugin.Catalog.ImportRelationshipsArgument, Sitecore.Commerce.Plugin.Catalog","SourceId":"Entity-SellableItem-6042176","SourceEntityVersion":1,"TargetIds":{"$type":"System.Collections.Generic.List`1[[System.String, mscorlib]], mscorlib","$values":["Entity-SellableItem-6042175","Entity-SellableItem-6042177","Entity-SellableItem-6042178","Entity-SellableItem-6042179","Entity-SellableItem-6042180","Entity-SellableItem-6042181"]},"RelationshipType":"CROSSSELLPRODUCT"},{"$type":"Sitecore.Commerce.Plugin.Catalog.ImportRelationshipsArgument, Sitecore.Commerce.Plugin.Catalog","SourceId":"Entity-SellableItem-6042176","SourceEntityVersion":1,"TargetIds":{"$type":"System.Collections.Generic.List`1[[System.String, mscorlib]], mscorlib","$values":["Entity-SellableItem-6042235","Entity-SellableItem-6042236","Entity-SellableItem-6042237","Entity-SellableItem-6042238","Entity-SellableItem-6042254"]},"RelationshipType":"UPSELLPRODUCT"},{"$type":"Sitecore.Commerce.Plugin.Catalog.ImportRelationshipsArgument, Sitecore.Commerce.Plugin.Catalog","SourceId":"Entity-SellableItem-6042177","SourceEntityVersion":1,"TargetIds":{"$type":"System.Collections.Generic.List`1[[System.String, mscorlib]], mscorlib","$values":["Entity-SellableItem-6042175","Entity-SellableItem-6042178","Entity-SellableItem-6042179","Entity-SellableItem-6042180","Entity-SellableItem-6042181"]},"RelationshipType":"CROSSSELLPRODUCT"},{"$type":"Sitecore.Commerce.Plugin.Catalog.ImportRelationshipsArgument, Sitecore.Commerce.Plugin.Catalog","SourceId":"Entity-SellableItem-6042177","SourceEntityVersion":1,"TargetIds":{"$type":"System.Collections.Generic.List`1[[System.String, mscorlib]], mscorlib","$values":["Entity-SellableItem-6042235","Entity-SellableItem-6042236","Entity-SellableItem-6042237","Entity-SellableItem-6042238","Entity-SellableItem-6042254"]},"RelationshipType":"UPSELLPRODUCT"},{"$type":"Sitecore.Commerce.Plugin.Catalog.ImportRelationshipsArgument, Sitecore.Commerce.Plugin.Catalog","SourceId":"Entity-SellableItem-6042178","SourceEntityVersion":2,"TargetIds":{"$type":"System.Collections.Generic.List`1[[System.String, mscorlib]], mscorlib","$values":["Entity-SellableItem-6042175","Entity-SellableItem-6042177","Entity-SellableItem-6042179","Entity-SellableItem-6042180","Entity-SellableItem-6042181"]},"RelationshipType":"CROSSSELLPRODUCT"},{"$type":"Sitecore.Commerce.Plugin.Catalog.ImportRelationshipsArgument, Sitecore.Commerce.Plugin.Catalog","SourceId":"Entity-SellableItem-6042178","SourceEntityVersion":2,"TargetIds":{"$type":"System.Collections.Generic.List`1[[System.String, mscorlib]], mscorlib","$values":["Entity-SellableItem-6042235","Entity-SellableItem-6042236","Entity-SellableItem-6042237","Entity-SellableItem-6042238","Entity-SellableItem-6042254"]},"RelationshipType":"UPSELLPRODUCT"},{"$type":"Sitecore.Commerce.Plugin.Catalog.ImportRelationshipsArgument, Sitecore.Commerce.Plugin.Catalog","SourceId":"Entity-SellableItem-6042179","SourceEntityVersion":1,"TargetIds":{"$type":"System.Collections.Generic.List`1[[System.String, mscorlib]], mscorlib","$values":["Entity-SellableItem-6042175","Entity-SellableItem-6042177","Entity-SellableItem-6042178","Entity-SellableItem-6042180","Entity-SellableItem-6042181"]},"RelationshipType":"CROSSSELLPRODUCT"},{"$type":"Sitecore.Commerce.Plugin.Catalog.ImportRelationshipsArgument, Sitecore.Commerce.Plugin.Catalog","SourceId":"Entity-SellableItem-6042179","SourceEntityVersion":1,"TargetIds":{"$type":"System.Collections.Generic.List`1[[System.String, mscorlib]], mscorlib","$values":["Entity-SellableItem-6042235","Entity-SellableItem-6042236","Entity-SellableItem-6042237","Entity-SellableItem-6042238","Entity-SellableItem-6042254"]},"RelationshipType":"UPSELLPRODUCT"},{"$type":"Sitecore.Commerce.Plugin.Catalog.ImportRelationshipsArgument, Sitecore.Commerce.Plugin.Catalog","SourceId":"Entity-SellableItem-6042180","SourceEntityVersion":1,"TargetIds":{"$type":"System.Collections.Generic.List`1[[System.String, mscorlib]], mscorlib","$values":["Entity-SellableItem-6042175","Entity-SellableItem-6042177","Entity-SellableItem-6042178","Entity-SellableItem-6042179","Entity-SellableItem-6042181"]},"RelationshipType":"CROSSSELLPRODUCT"},{"$type":"Sitecore.Commerce.Plugin.Catalog.ImportRelationshipsArgument, Sitecore.Commerce.Plugin.Catalog","SourceId":"Entity-SellableItem-6042180","SourceEntityVersion":1,"TargetIds":{"$type":"System.Collections.Generic.List`1[[System.String, mscorlib]], mscorlib","$values":["Entity-SellableItem-6042235","Entity-SellableItem-6042236","Entity-SellableItem-6042237","Entity-SellableItem-6042238","Entity-SellableItem-6042254"]},"RelationshipType":"UPSELLPRODUCT"},{"$type":"Sitecore.Commerce.Plugin.Catalog.ImportRelationshipsArgument, Sitecore.Commerce.Plugin.Catalog","SourceId":"Entity-SellableItem-6042181","SourceEntityVersion":1,"TargetIds":{"$type":"System.Collections.Generic.List`1[[System.String, mscorlib]], mscorlib","$values":["Entity-SellableItem-6042175","Entity-SellableItem-6042177","Entity-SellableItem-6042178","Entity-SellableItem-6042179","Entity-SellableItem-6042180"]},"RelationshipType":"CROSSSELLPRODUCT"},{"$type":"Sitecore.Commerce.Plugin.Catalog.ImportRelationshipsArgument, Sitecore.Commerce.Plugin.Catalog","SourceId":"Entity-SellableItem-6042181","SourceEntityVersion":1,"TargetIds":{"$type":"System.Collections.Generic.List`1[[System.String, mscorlib]], mscorlib","$values":["Entity-SellableItem-6042235","Entity-SellableItem-6042236","Entity-SellableItem-6042237","Entity-SellableItem-6042238","Entity-SellableItem-6042254"]},"RelationshipType":"UPSELLPRODUCT"},{"$type":"Sitecore.Commerce.Plugin.Catalog.ImportRelationshipsArgument, Sitecore.Commerce.Plugin.Catalog","SourceId":"Entity-SellableItem-6042182","SourceEntityVersion":1,"TargetIds":{"$type":"System.Collections.Generic.List`1[[System.String, mscorlib]], mscorlib","$values":["Entity-SellableItem-6042175","Entity-SellableItem-6042177","Entity-SellableItem-6042178","Entity-SellableItem-6042179","Entity-SellableItem-6042180","Entity-SellableItem-6042181"]},"RelationshipType":"CROSSSELLPRODUCT"},{"$type":"Sitecore.Commerce.Plugin.Catalog.ImportRelationshipsArgument, Sitecore.Commerce.Plugin.Catalog","SourceId":"Entity-SellableItem-6042182","SourceEntityVersion":1,"TargetIds":{"$type":"System.Collections.Generic.List`1[[System.String, mscorlib]], mscorlib","$values":["Entity-SellableItem-6042235","Entity-SellableItem-6042236","Entity-SellableItem-6042237","Entity-SellableItem-6042238","Entity-SellableItem-6042254"]},"RelationshipType":"UPSELLPRODUCT"},{"$type":"Sitecore.Commerce.Plugin.Catalog.ImportRelationshipsArgument, Sitecore.Commerce.Plugin.Catalog","SourceId":"Entity-SellableItem-6042183","SourceEntityVersion":2,"TargetIds":{"$type":"System.Collections.Generic.List`1[[System.String, mscorlib]], mscorlib","$values":["Entity-SellableItem-6042175","Entity-SellableItem-6042177","Entity-SellableItem-6042178","Entity-SellableItem-6042179","Entity-SellableItem-6042180","Entity-SellableItem-6042181"]},"RelationshipType":"CROSSSELLPRODUCT"},{"$type":"Sitecore.Commerce.Plugin.Catalog.ImportRelationshipsArgument, Sitecore.Commerce.Plugin.Catalog","SourceId":"Entity-SellableItem-6042183","SourceEntityVersion":2,"TargetIds":{"$type":"System.Collections.Generic.List`1[[System.String, mscorlib]], mscorlib","$values":["Entity-SellableItem-6042177"]},"RelationshipType":"INSTALLATIONPRODUCT"},{"$type":"Sitecore.Commerce.Plugin.Catalog.ImportRelationshipsArgument, Sitecore.Commerce.Plugin.Catalog","SourceId":"Entity-SellableItem-6042183","SourceEntityVersion":2,"TargetIds":{"$type":"System.Collections.Generic.List`1[[System.String, mscorlib]], mscorlib","$values":["Entity-SellableItem-6042235","Entity-SellableItem-6042236","Entity-SellableItem-6042237","Entity-SellableItem-6042238","Entity-SellableItem-6042254"]},"RelationshipType":"UPSELLPRODUCT"},{"$type":"Sitecore.Commerce.Plugin.Catalog.ImportRelationshipsArgument, Sitecore.Commerce.Plugin.Catalog","SourceId":"Entity-SellableItem-6042184","SourceEntityVersion":1,"TargetIds":{"$type":"System.Collections.Generic.List`1[[System.String, mscorlib]], mscorlib","$values":["Entity-SellableItem-6042175","Entity-SellableItem-6042177","Entity-SellableItem-6042178","Entity-SellableItem-6042179","Entity-SellableItem-6042180","Entity-SellableItem-6042181"]},"RelationshipType":"CROSSSELLPRODUCT"},{"$type":"Sitecore.Commerce.Plugin.Catalog.ImportRelationshipsArgument, Sitecore.Commerce.Plugin.Catalog","SourceId":"Entity-SellableItem-6042184","SourceEntityVersion":1,"TargetIds":{"$type":"System.Collections.Generic.List`1[[System.String, mscorlib]], mscorlib","$values":["Entity-SellableItem-6042235","Entity-SellableItem-6042236","Entity-SellableItem-6042237","Entity-SellableItem-6042238","Entity-SellableItem-6042254"]},"RelationshipType":"UPSELLPRODUCT"},{"$type":"Sitecore.Commerce.Plugin.Catalog.ImportRelationshipsArgument, Sitecore.Commerce.Plugin.Catalog","SourceId":"Entity-SellableItem-6042185","SourceEntityVersion":1,"TargetIds":{"$type":"System.Collections.Generic.List`1[[System.String, mscorlib]], mscorlib","$values":["Entity-SellableItem-6042175","Entity-SellableItem-6042177","Entity-SellableItem-6042178","Entity-SellableItem-6042179","Entity-SellableItem-6042180","Entity-SellableItem-6042181"]},"RelationshipType":"CROSSSELLPRODUCT"},{"$type":"Sitecore.Commerce.Plugin.Catalog.ImportRelationshipsArgument, Sitecore.Commerce.Plugin.Catalog","SourceId":"Entity-SellableItem-6042185","SourceEntityVersion":1,"TargetIds":{"$type":"System.Collections.Generic.List`1[[System.String, mscorlib]], mscorlib","$values":["Entity-SellableItem-6042235","Entity-SellableItem-6042236","Entity-SellableItem-6042237","Entity-SellableItem-6042238","Entity-SellableItem-6042254"]},"RelationshipType":"UPSELLPRODUCT"},{"$type":"Sitecore.Commerce.Plugin.Catalog.ImportRelationshipsArgument, Sitecore.Commerce.Plugin.Catalog","SourceId":"Entity-SellableItem-6042186","SourceEntityVersion":1,"TargetIds":{"$type":"System.Collections.Generic.List`1[[System.String, mscorlib]], mscorlib","$values":["Entity-SellableItem-6042175","Entity-SellableItem-6042177","Entity-SellableItem-6042178","Entity-SellableItem-6042179","Entity-SellableItem-6042180","Entity-SellableItem-6042181","Entity-SellableItem-6042235","Entity-SellableItem-6042236","Entity-SellableItem-6042237","Entity-SellableItem-6042238","Entity-SellableItem-6042254"]},"RelationshipType":"CROSSSELLPRODUCT"},{"$type":"Sitecore.Commerce.Plugin.Catalog.ImportRelationshipsArgument, Sitecore.Commerce.Plugin.Catalog","SourceId":"Entity-SellableItem-6042187","SourceEntityVersion":1,"TargetIds":{"$type":"System.Collections.Generic.List`1[[System.String, mscorlib]], mscorlib","$values":["Entity-SellableItem-6042175","Entity-SellableItem-6042177","Entity-SellableItem-6042178","Entity-SellableItem-6042179","Entity-SellableItem-6042180","Entity-SellableItem-6042181"]},"RelationshipType":"CROSSSELLPRODUCT"},{"$type":"Sitecore.Commerce.Plugin.Catalog.ImportRelationshipsArgument, Sitecore.Commerce.Plugin.Catalog","SourceId":"Entity-SellableItem-6042187","SourceEntityVersion":1,"TargetIds":{"$type":"System.Collections.Generic.List`1[[System.String, mscorlib]], mscorlib","$values":["Entity-SellableItem-6042235","Entity-SellableItem-6042236","Entity-SellableItem-6042237","Entity-SellableItem-6042238","Entity-SellableItem-6042254"]},"RelationshipType":"UPSELLPRODUCT"},{"$type":"Sitecore.Commerce.Plugin.Catalog.ImportRelationshipsArgument, Sitecore.Commerce.Plugin.Catalog","SourceId":"Entity-SellableItem-6042188","SourceEntityVersion":1,"TargetIds":{"$type":"System.Collections.Generic.List`1[[System.String, mscorlib]], mscorlib","$values":["Entity-SellableItem-6042175","Entity-SellableItem-6042177","Entity-SellableItem-6042178","Entity-SellableItem-6042179","Entity-SellableItem-6042180","Entity-SellableItem-6042181"]},"RelationshipType":"CROSSSELLPRODUCT"},{"$type":"Sitecore.Commerce.Plugin.Catalog.ImportRelationshipsArgument, Sitecore.Commerce.Plugin.Catalog","SourceId":"Entity-SellableItem-6042188","SourceEntityVersion":1,"TargetIds":{"$type":"System.Collections.Generic.List`1[[System.String, mscorlib]], mscorlib","$values":["Entity-SellableItem-6042235","Entity-SellableItem-6042236","Entity-SellableItem-6042237","Entity-SellableItem-6042238","Entity-SellableItem-6042254"]},"RelationshipType":"UPSELLPRODUCT"},{"$type":"Sitecore.Commerce.Plugin.Catalog.ImportRelationshipsArgument, Sitecore.Commerce.Plugin.Catalog","SourceId":"Entity-SellableItem-6042189","SourceEntityVersion":1,"TargetIds":{"$type":"System.Collections.Generic.List`1[[System.String, mscorlib]], mscorlib","$values":["Entity-SellableItem-6042175","Entity-SellableItem-6042177","Entity-SellableItem-6042178","Entity-SellableItem-6042179","Entity-SellableItem-6042180","Entity-SellableItem-6042181"]},"RelationshipType":"CROSSSELLPRODUCT"},{"$type":"Sitecore.Commerce.Plugin.Catalog.ImportRelationshipsArgument, Sitecore.Commerce.Plugin.Catalog","SourceId":"Entity-SellableItem-6042189","SourceEntityVersion":1,"TargetIds":{"$type":"System.Collections.Generic.List`1[[System.String, mscorlib]], mscorlib","$values":["Entity-SellableItem-6042235","Entity-SellableItem-6042236","Entity-SellableItem-6042237","Entity-SellableItem-6042238","Entity-SellableItem-6042254"]},"RelationshipType":"UPSELLPRODUCT"},{"$type":"Sitecore.Commerce.Plugin.Catalog.ImportRelationshipsArgument, Sitecore.Commerce.Plugin.Catalog","SourceId":"Entity-SellableItem-6042190","SourceEntityVersion":1,"TargetIds":{"$type":"System.Collections.Generic.List`1[[System.String, mscorlib]], mscorlib","$values":["Entity-SellableItem-6042175","Entity-SellableItem-6042177","Entity-SellableItem-6042178","Entity-SellableItem-6042179","Entity-SellableItem-6042180","Entity-SellableItem-6042181"]},"RelationshipType":"CROSSSELLPRODUCT"},{"$type":"Sitecore.Commerce.Plugin.Catalog.ImportRelationshipsArgument, Sitecore.Commerce.Plugin.Catalog","SourceId":"Entity-SellableItem-6042190","SourceEntityVersion":1,"TargetIds":{"$type":"System.Collections.Generic.List`1[[System.String, mscorlib]], mscorlib","$values":["Entity-SellableItem-6042235","Entity-SellableItem-6042236","Entity-SellableItem-6042237","Entity-SellableItem-6042238","Entity-SellableItem-6042254"]},"RelationshipType":"UPSELLPRODUCT"},{"$type":"Sitecore.Commerce.Plugin.Catalog.ImportRelationshipsArgument, Sitecore.Commerce.Plugin.Catalog","SourceId":"Entity-SellableItem-6042191","SourceEntityVersion":1,"TargetIds":{"$type":"System.Collections.Generic.List`1[[System.String, mscorlib]], mscorlib","$values":["Entity-SellableItem-6042175","Entity-SellableItem-6042177","Entity-SellableItem-6042178","Entity-SellableItem-6042179","Entity-SellableItem-6042180","Entity-SellableItem-6042181"]},"RelationshipType":"CROSSSELLPRODUCT"},{"$type":"Sitecore.Commerce.Plugin.Catalog.ImportRelationshipsArgument, Sitecore.Commerce.Plugin.Catalog","SourceId":"Entity-SellableItem-6042191","SourceEntityVersion":1,"TargetIds":{"$type":"System.Collections.Generic.List`1[[System.String, mscorlib]], mscorlib","$values":["Entity-SellableItem-6042235","Entity-SellableItem-6042236","Entity-SellableItem-6042237","Entity-SellableItem-6042238","Entity-SellableItem-6042254"]},"RelationshipType":"UPSELLPRODUCT"},{"$type":"Sitecore.Commerce.Plugin.Catalog.ImportRelationshipsArgument, Sitecore.Commerce.Plugin.Catalog","SourceId":"Entity-SellableItem-6042192","SourceEntityVersion":1,"TargetIds":{"$type":"System.Collections.Generic.List`1[[System.String, mscorlib]], mscorlib","$values":["Entity-SellableItem-6042175","Entity-SellableItem-6042177","Entity-SellableItem-6042178","Entity-SellableItem-6042179","Entity-SellableItem-6042180","Entity-SellableItem-6042181"]},"RelationshipType":"CROSSSELLPRODUCT"},{"$type":"Sitecore.Commerce.Plugin.Catalog.ImportRelationshipsArgument, Sitecore.Commerce.Plugin.Catalog","SourceId":"Entity-SellableItem-6042192","SourceEntityVersion":1,"TargetIds":{"$type":"System.Collections.Generic.List`1[[System.String, mscorlib]], mscorlib","$values":["Entity-SellableItem-6042235","Entity-SellableItem-6042236","Entity-SellableItem-6042237","Entity-SellableItem-6042238","Entity-SellableItem-6042254"]},"RelationshipType":"UPSELLPRODUCT"},{"$type":"Sitecore.Commerce.Plugin.Catalog.ImportRelationshipsArgument, Sitecore.Commerce.Plugin.Catalog","SourceId":"Entity-SellableItem-6042193","SourceEntityVersion":1,"TargetIds":{"$type":"System.Collections.Generic.List`1[[System.String, mscorlib]], mscorlib","$values":["Entity-SellableItem-6042175","Entity-SellableItem-6042177","Entity-SellableItem-6042178","Entity-SellableItem-6042179","Entity-SellableItem-6042180","Entity-SellableItem-6042181"]},"RelationshipType":"CROSSSELLPRODUCT"},{"$type":"Sitecore.Commerce.Plugin.Catalog.ImportRelationshipsArgument, Sitecore.Commerce.Plugin.Catalog","SourceId":"Entity-SellableItem-6042193","SourceEntityVersion":1,"TargetIds":{"$type":"System.Collections.Generic.List`1[[System.String, mscorlib]], mscorlib","$values":["Entity-SellableItem-6042235","Entity-SellableItem-6042236","Entity-SellableItem-6042237","Entity-SellableItem-6042238","Entity-SellableItem-6042254"]},"RelationshipType":"UPSELLPRODUCT"},{"$type":"Sitecore.Commerce.Plugin.Catalog.ImportRelationshipsArgument, Sitecore.Commerce.Plugin.Catalog","SourceId":"Entity-SellableItem-6042194","SourceEntityVersion":1,"TargetIds":{"$type":"System.Collections.Generic.List`1[[System.String, mscorlib]], mscorlib","$values":["Entity-SellableItem-6042197","Entity-SellableItem-6042201","Entity-SellableItem-6042202","Entity-SellableItem-6042209","Entity-SellableItem-6042214"]},"RelationshipType":"CROSSSELLPRODUCT"},{"$type":"Sitecore.Commerce.Plugin.Catalog.ImportRelationshipsArgument, Sitecore.Commerce.Plugin.Catalog","SourceId":"Entity-SellableItem-6042194","SourceEntityVersion":1,"TargetIds":{"$type":"System.Collections.Generic.List`1[[System.String, mscorlib]], mscorlib","$values":["Entity-SellableItem-6042176","Entity-SellableItem-6042184","Entity-SellableItem-6042254"]},"RelationshipType":"UPSELLPRODUCT"},{"$type":"Sitecore.Commerce.Plugin.Catalog.ImportRelationshipsArgument, Sitecore.Commerce.Plugin.Catalog","SourceId":"Entity-SellableItem-6042195","SourceEntityVersion":1,"TargetIds":{"$type":"System.Collections.Generic.List`1[[System.String, mscorlib]], mscorlib","$values":["Entity-SellableItem-6042197","Entity-SellableItem-6042201","Entity-SellableItem-6042202","Entity-SellableItem-6042209","Entity-SellableItem-6042214"]},"RelationshipType":"CROSSSELLPRODUCT"},{"$type":"Sitecore.Commerce.Plugin.Catalog.ImportRelationshipsArgument, Sitecore.Commerce.Plugin.Catalog","SourceId":"Entity-SellableItem-6042195","SourceEntityVersion":1,"TargetIds":{"$type":"System.Collections.Generic.List`1[[System.String, mscorlib]], mscorlib","$values":["Entity-SellableItem-6042176","Entity-SellableItem-6042184","Entity-SellableItem-6042254"]},"RelationshipType":"UPSELLPRODUCT"},{"$type":"Sitecore.Commerce.Plugin.Catalog.ImportRelationshipsArgument, Sitecore.Commerce.Plugin.Catalog","SourceId":"Entity-SellableItem-6042196","SourceEntityVersion":1,"TargetIds":{"$type":"System.Collections.Generic.List`1[[System.String, mscorlib]], mscorlib","$values":["Entity-SellableItem-6042197","Entity-SellableItem-6042201","Entity-SellableItem-6042202","Entity-SellableItem-6042209","Entity-SellableItem-6042214"]},"RelationshipType":"CROSSSELLPRODUCT"},{"$type":"Sitecore.Commerce.Plugin.Catalog.ImportRelationshipsArgument, Sitecore.Commerce.Plugin.Catalog","SourceId":"Entity-SellableItem-6042196","SourceEntityVersion":1,"TargetIds":{"$type":"System.Collections.Generic.List`1[[System.String, mscorlib]], mscorlib","$values":["Entity-SellableItem-6042176","Entity-SellableItem-6042184","Entity-SellableItem-6042254"]},"RelationshipType":"UPSELLPRODUCT"},{"$type":"Sitecore.Commerce.Plugin.Catalog.ImportRelationshipsArgument, Sitecore.Commerce.Plugin.Catalog","SourceId":"Entity-SellableItem-6042197","SourceEntityVersion":1,"TargetIds":{"$type":"System.Collections.Generic.List`1[[System.String, mscorlib]], mscorlib","$values":["Entity-SellableItem-6042065","Entity-SellableItem-6042201","Entity-SellableItem-6042202","Entity-SellableItem-6042209","Entity-SellableItem-6042214"]},"RelationshipType":"CROSSSELLPRODUCT"},{"$type":"Sitecore.Commerce.Plugin.Catalog.ImportRelationshipsArgument, Sitecore.Commerce.Plugin.Catalog","SourceId":"Entity-SellableItem-6042197","SourceEntityVersion":1,"TargetIds":{"$type":"System.Collections.Generic.List`1[[System.String, mscorlib]], mscorlib","$values":["Entity-SellableItem-6042176","Entity-SellableItem-6042184","Entity-SellableItem-6042254"]},"RelationshipType":"UPSELLPRODUCT"},{"$type":"Sitecore.Commerce.Plugin.Catalog.ImportRelationshipsArgument, Sitecore.Commerce.Plugin.Catalog","SourceId":"Entity-SellableItem-6042198","SourceEntityVersion":1,"TargetIds":{"$type":"System.Collections.Generic.List`1[[System.String, mscorlib]], mscorlib","$values":["Entity-SellableItem-6042197","Entity-SellableItem-6042201","Entity-SellableItem-6042202","Entity-SellableItem-6042209","Entity-SellableItem-6042214"]},"RelationshipType":"CROSSSELLPRODUCT"},{"$type":"Sitecore.Commerce.Plugin.Catalog.ImportRelationshipsArgument, Sitecore.Commerce.Plugin.Catalog","SourceId":"Entity-SellableItem-6042198","SourceEntityVersion":1,"TargetIds":{"$type":"System.Collections.Generic.List`1[[System.String, mscorlib]], mscorlib","$values":["Entity-SellableItem-6042176","Entity-SellableItem-6042184","Entity-SellableItem-6042254"]},"RelationshipType":"UPSELLPRODUCT"},{"$type":"Sitecore.Commerce.Plugin.Catalog.ImportRelationshipsArgument, Sitecore.Commerce.Plugin.Catalog","SourceId":"Entity-SellableItem-6042199","SourceEntityVersion":1,"TargetIds":{"$type":"System.Collections.Generic.List`1[[System.String, mscorlib]], mscorlib","$values":["Entity-SellableItem-6042197","Entity-SellableItem-6042201","Entity-SellableItem-6042202","Entity-SellableItem-6042209","Entity-SellableItem-6042214"]},"RelationshipType":"CROSSSELLPRODUCT"},{"$type":"Sitecore.Commerce.Plugin.Catalog.ImportRelationshipsArgument, Sitecore.Commerce.Plugin.Catalog","SourceId":"Entity-SellableItem-6042199","SourceEntityVersion":1,"TargetIds":{"$type":"System.Collections.Generic.List`1[[System.String, mscorlib]], mscorlib","$values":["Entity-SellableItem-6042176","Entity-SellableItem-6042184","Entity-SellableItem-6042254"]},"RelationshipType":"UPSELLPRODUCT"},{"$type":"Sitecore.Commerce.Plugin.Catalog.ImportRelationshipsArgument, Sitecore.Commerce.Plugin.Catalog","SourceId":"Entity-SellableItem-6042200","SourceEntityVersion":1,"TargetIds":{"$type":"System.Collections.Generic.List`1[[System.String, mscorlib]], mscorlib","$values":["Entity-SellableItem-6042197","Entity-SellableItem-6042201","Entity-SellableItem-6042202","Entity-SellableItem-6042209","Entity-SellableItem-6042214"]},"RelationshipType":"CROSSSELLPRODUCT"},{"$type":"Sitecore.Commerce.Plugin.Catalog.ImportRelationshipsArgument, Sitecore.Commerce.Plugin.Catalog","SourceId":"Entity-SellableItem-6042200","SourceEntityVersion":1,"TargetIds":{"$type":"System.Collections.Generic.List`1[[System.String, mscorlib]], mscorlib","$values":["Entity-SellableItem-6042176","Entity-SellableItem-6042184","Entity-SellableItem-6042254"]},"RelationshipType":"UPSELLPRODUCT"},{"$type":"Sitecore.Commerce.Plugin.Catalog.ImportRelationshipsArgument, Sitecore.Commerce.Plugin.Catalog","SourceId":"Entity-SellableItem-6042201","SourceEntityVersion":1,"TargetIds":{"$type":"System.Collections.Generic.List`1[[System.String, mscorlib]], mscorlib","$values":["Entity-SellableItem-6042197","Entity-SellableItem-6042202","Entity-SellableItem-6042209","Entity-SellableItem-6042214"]},"RelationshipType":"CROSSSELLPRODUCT"},{"$type":"Sitecore.Commerce.Plugin.Catalog.ImportRelationshipsArgument, Sitecore.Commerce.Plugin.Catalog","SourceId":"Entity-SellableItem-6042201","SourceEntityVersion":1,"TargetIds":{"$type":"System.Collections.Generic.List`1[[System.String, mscorlib]], mscorlib","$values":["Entity-SellableItem-6042176","Entity-SellableItem-6042184","Entity-SellableItem-6042254"]},"RelationshipType":"UPSELLPRODUCT"},{"$type":"Sitecore.Commerce.Plugin.Catalog.ImportRelationshipsArgument, Sitecore.Commerce.Plugin.Catalog","SourceId":"Entity-SellableItem-6042202","SourceEntityVersion":1,"TargetIds":{"$type":"System.Collections.Generic.List`1[[System.String, mscorlib]], mscorlib","$values":["Entity-SellableItem-6042197","Entity-SellableItem-6042201","Entity-SellableItem-6042209","Entity-SellableItem-6042214"]},"RelationshipType":"CROSSSELLPRODUCT"},{"$type":"Sitecore.Commerce.Plugin.Catalog.ImportRelationshipsArgument, Sitecore.Commerce.Plugin.Catalog","SourceId":"Entity-SellableItem-6042202","SourceEntityVersion":1,"TargetIds":{"$type":"System.Collections.Generic.List`1[[System.String, mscorlib]], mscorlib","$values":["Entity-SellableItem-6042176","Entity-SellableItem-6042184","Entity-SellableItem-6042254"]},"RelationshipType":"UPSELLPRODUCT"},{"$type":"Sitecore.Commerce.Plugin.Catalog.ImportRelationshipsArgument, Sitecore.Commerce.Plugin.Catalog","SourceId":"Entity-SellableItem-6042203","SourceEntityVersion":1,"TargetIds":{"$type":"System.Collections.Generic.List`1[[System.String, mscorlib]], mscorlib","$values":["Entity-SellableItem-6042197","Entity-SellableItem-6042201","Entity-SellableItem-6042202","Entity-SellableItem-6042209","Entity-SellableItem-6042214"]},"RelationshipType":"CROSSSELLPRODUCT"},{"$type":"Sitecore.Commerce.Plugin.Catalog.ImportRelationshipsArgument, Sitecore.Commerce.Plugin.Catalog","SourceId":"Entity-SellableItem-6042203","SourceEntityVersion":1,"TargetIds":{"$type":"System.Collections.Generic.List`1[[System.String, mscorlib]], mscorlib","$values":["Entity-SellableItem-6042176","Entity-SellableItem-6042184","Entity-SellableItem-6042254"]},"RelationshipType":"UPSELLPRODUCT"},{"$type":"Sitecore.Commerce.Plugin.Catalog.ImportRelationshipsArgument, Sitecore.Commerce.Plugin.Catalog","SourceId":"Entity-SellableItem-6042204","SourceEntityVersion":1,"TargetIds":{"$type":"System.Collections.Generic.List`1[[System.String, mscorlib]], mscorlib","$values":["Entity-SellableItem-6042176","Entity-SellableItem-6042184","Entity-SellableItem-6042197","Entity-SellableItem-6042201","Entity-SellableItem-6042202","Entity-SellableItem-6042209","Entity-SellableItem-6042214","Entity-SellableItem-6042254"]},"RelationshipType":"CROSSSELLPRODUCT"},{"$type":"Sitecore.Commerce.Plugin.Catalog.ImportRelationshipsArgument, Sitecore.Commerce.Plugin.Catalog","SourceId":"Entity-SellableItem-6042205","SourceEntityVersion":1,"TargetIds":{"$type":"System.Collections.Generic.List`1[[System.String, mscorlib]], mscorlib","$values":["Entity-SellableItem-6042176","Entity-SellableItem-6042184","Entity-SellableItem-6042197","Entity-SellableItem-6042201","Entity-SellableItem-6042202","Entity-SellableItem-6042209","Entity-SellableItem-6042214","Entity-SellableItem-6042254"]},"RelationshipType":"CROSSSELLPRODUCT"},{"$type":"Sitecore.Commerce.Plugin.Catalog.ImportRelationshipsArgument, Sitecore.Commerce.Plugin.Catalog","SourceId":"Entity-SellableItem-6042206","SourceEntityVersion":1,"TargetIds":{"$type":"System.Collections.Generic.List`1[[System.String, mscorlib]], mscorlib","$values":["Entity-SellableItem-6042197","Entity-SellableItem-6042201","Entity-SellableItem-6042202","Entity-SellableItem-6042209","Entity-SellableItem-6042214"]},"RelationshipType":"CROSSSELLPRODUCT"},{"$type":"Sitecore.Commerce.Plugin.Catalog.ImportRelationshipsArgument, Sitecore.Commerce.Plugin.Catalog","SourceId":"Entity-SellableItem-6042206","SourceEntityVersion":1,"TargetIds":{"$type":"System.Collections.Generic.List`1[[System.String, mscorlib]], mscorlib","$values":["Entity-SellableItem-6042176","Entity-SellableItem-6042184","Entity-SellableItem-6042254"]},"RelationshipType":"UPSELLPRODUCT"},{"$type":"Sitecore.Commerce.Plugin.Catalog.ImportRelationshipsArgument, Sitecore.Commerce.Plugin.Catalog","SourceId":"Entity-SellableItem-6042207","SourceEntityVersion":1,"TargetIds":{"$type":"System.Collections.Generic.List`1[[System.String, mscorlib]], mscorlib","$values":["Entity-SellableItem-6042197","Entity-SellableItem-6042201","Entity-SellableItem-6042202","Entity-SellableItem-6042209","Entity-SellableItem-6042214"]},"RelationshipType":"CROSSSELLPRODUCT"},{"$type":"Sitecore.Commerce.Plugin.Catalog.ImportRelationshipsArgument, Sitecore.Commerce.Plugin.Catalog","SourceId":"Entity-SellableItem-6042207","SourceEntityVersion":1,"TargetIds":{"$type":"System.Collections.Generic.List`1[[System.String, mscorlib]], mscorlib","$values":["Entity-SellableItem-6042176","Entity-SellableItem-6042184","Entity-SellableItem-6042254"]},"RelationshipType":"UPSELLPRODUCT"},{"$type":"Sitecore.Commerce.Plugin.Catalog.ImportRelationshipsArgument, Sitecore.Commerce.Plugin.Catalog","SourceId":"Entity-SellableItem-6042208","SourceEntityVersion":1,"TargetIds":{"$type":"System.Collections.Generic.List`1[[System.String, mscorlib]], mscorlib","$values":["Entity-SellableItem-6042197","Entity-SellableItem-6042201","Entity-SellableItem-6042202","Entity-SellableItem-6042209","Entity-SellableItem-6042214"]},"RelationshipType":"CROSSSELLPRODUCT"},{"$type":"Sitecore.Commerce.Plugin.Catalog.ImportRelationshipsArgument, Sitecore.Commerce.Plugin.Catalog","SourceId":"Entity-SellableItem-6042208","SourceEntityVersion":1,"TargetIds":{"$type":"System.Collections.Generic.List`1[[System.String, mscorlib]], mscorlib","$values":["Entity-SellableItem-6042176","Entity-SellableItem-6042184","Entity-SellableItem-6042254"]},"RelationshipType":"UPSELLPRODUCT"},{"$type":"Sitecore.Commerce.Plugin.Catalog.ImportRelationshipsArgument, Sitecore.Commerce.Plugin.Catalog","SourceId":"Entity-SellableItem-6042209","SourceEntityVersion":1,"TargetIds":{"$type":"System.Collections.Generic.List`1[[System.String, mscorlib]], mscorlib","$values":["Entity-SellableItem-6042197","Entity-SellableItem-6042201","Entity-SellableItem-6042202"]},"RelationshipType":"CROSSSELLPRODUCT"},{"$type":"Sitecore.Commerce.Plugin.Catalog.ImportRelationshipsArgument, Sitecore.Commerce.Plugin.Catalog","SourceId":"Entity-SellableItem-6042209","SourceEntityVersion":1,"TargetIds":{"$type":"System.Collections.Generic.List`1[[System.String, mscorlib]], mscorlib","$values":["Entity-SellableItem-6042176","Entity-SellableItem-6042184","Entity-SellableItem-6042254"]},"RelationshipType":"UPSELLPRODUCT"},{"$type":"Sitecore.Commerce.Plugin.Catalog.ImportRelationshipsArgument, Sitecore.Commerce.Plugin.Catalog","SourceId":"Entity-SellableItem-6042210","SourceEntityVersion":1,"TargetIds":{"$type":"System.Collections.Generic.List`1[[System.String, mscorlib]], mscorlib","$values":["Entity-SellableItem-6042197","Entity-SellableItem-6042201","Entity-SellableItem-6042202","Entity-SellableItem-6042209","Entity-SellableItem-6042214"]},"RelationshipType":"CROSSSELLPRODUCT"},{"$type":"Sitecore.Commerce.Plugin.Catalog.ImportRelationshipsArgument, Sitecore.Commerce.Plugin.Catalog","SourceId":"Entity-SellableItem-6042210","SourceEntityVersion":1,"TargetIds":{"$type":"System.Collections.Generic.List`1[[System.String, mscorlib]], mscorlib","$values":["Entity-SellableItem-6042176","Entity-SellableItem-6042184","Entity-SellableItem-6042254"]},"RelationshipType":"UPSELLPRODUCT"},{"$type":"Sitecore.Commerce.Plugin.Catalog.ImportRelationshipsArgument, Sitecore.Commerce.Plugin.Catalog","SourceId":"Entity-SellableItem-6042211","SourceEntityVersion":1,"TargetIds":{"$type":"System.Collections.Generic.List`1[[System.String, mscorlib]], mscorlib","$values":["Entity-SellableItem-6042197","Entity-SellableItem-6042201","Entity-SellableItem-6042202","Entity-SellableItem-6042209","Entity-SellableItem-6042214"]},"RelationshipType":"CROSSSELLPRODUCT"},{"$type":"Sitecore.Commerce.Plugin.Catalog.ImportRelationshipsArgument, Sitecore.Commerce.Plugin.Catalog","SourceId":"Entity-SellableItem-6042211","SourceEntityVersion":1,"TargetIds":{"$type":"System.Collections.Generic.List`1[[System.String, mscorlib]], mscorlib","$values":["Entity-SellableItem-6042176","Entity-SellableItem-6042184","Entity-SellableItem-6042254"]},"RelationshipType":"UPSELLPRODUCT"},{"$type":"Sitecore.Commerce.Plugin.Catalog.ImportRelationshipsArgument, Sitecore.Commerce.Plugin.Catalog","SourceId":"Entity-SellableItem-6042212","SourceEntityVersion":1,"TargetIds":{"$type":"System.Collections.Generic.List`1[[System.String, mscorlib]], mscorlib","$values":["Entity-SellableItem-6042176","Entity-SellableItem-6042184","Entity-SellableItem-6042197","Entity-SellableItem-6042201","Entity-SellableItem-6042202","Entity-SellableItem-6042209","Entity-SellableItem-6042214","Entity-SellableItem-6042254"]},"RelationshipType":"CROSSSELLPRODUCT"},{"$type":"Sitecore.Commerce.Plugin.Catalog.ImportRelationshipsArgument, Sitecore.Commerce.Plugin.Catalog","SourceId":"Entity-SellableItem-6042213","SourceEntityVersion":1,"TargetIds":{"$type":"System.Collections.Generic.List`1[[System.String, mscorlib]], mscorlib","$values":["Entity-SellableItem-6042197","Entity-SellableItem-6042201","Entity-SellableItem-6042202","Entity-SellableItem-6042209","Entity-SellableItem-6042214"]},"RelationshipType":"CROSSSELLPRODUCT"},{"$type":"Sitecore.Commerce.Plugin.Catalog.ImportRelationshipsArgument, Sitecore.Commerce.Plugin.Catalog","SourceId":"Entity-SellableItem-6042213","SourceEntityVersion":1,"TargetIds":{"$type":"System.Collections.Generic.List`1[[System.String, mscorlib]], mscorlib","$values":["Entity-SellableItem-6042176","Entity-SellableItem-6042184","Entity-SellableItem-6042254"]},"RelationshipType":"UPSELLPRODUCT"},{"$type":"Sitecore.Commerce.Plugin.Catalog.ImportRelationshipsArgument, Sitecore.Commerce.Plugin.Catalog","SourceId":"Entity-SellableItem-6042214","SourceEntityVersion":1,"TargetIds":{"$type":"System.Collections.Generic.List`1[[System.String, mscorlib]], mscorlib","$values":["Entity-SellableItem-6042197","Entity-SellableItem-6042201","Entity-SellableItem-6042202","Entity-SellableItem-6042209"]},"RelationshipType":"CROSSSELLPRODUCT"},{"$type":"Sitecore.Commerce.Plugin.Catalog.ImportRelationshipsArgument, Sitecore.Commerce.Plugin.Catalog","SourceId":"Entity-SellableItem-6042214","SourceEntityVersion":1,"TargetIds":{"$type":"System.Collections.Generic.List`1[[System.String, mscorlib]], mscorlib","$values":["Entity-SellableItem-6042176","Entity-SellableItem-6042184","Entity-SellableItem-6042254"]},"RelationshipType":"UPSELLPRODUCT"},{"$type":"Sitecore.Commerce.Plugin.Catalog.ImportRelationshipsArgument, Sitecore.Commerce.Plugin.Catalog","SourceId":"Entity-SellableItem-6042215","SourceEntityVersion":1,"TargetIds":{"$type":"System.Collections.Generic.List`1[[System.String, mscorlib]], mscorlib","$values":["Entity-SellableItem-6042197","Entity-SellableItem-6042201","Entity-SellableItem-6042202","Entity-SellableItem-6042209","Entity-SellableItem-6042214","Entity-SellableItem-6042254"]},"RelationshipType":"CROSSSELLPRODUCT"},{"$type":"Sitecore.Commerce.Plugin.Catalog.ImportRelationshipsArgument, Sitecore.Commerce.Plugin.Catalog","SourceId":"Entity-SellableItem-6042215","SourceEntityVersion":1,"TargetIds":{"$type":"System.Collections.Generic.List`1[[System.String, mscorlib]], mscorlib","$values":["Entity-SellableItem-6042176","Entity-SellableItem-6042184"]},"RelationshipType":"UPSELLPRODUCT"},{"$type":"Sitecore.Commerce.Plugin.Catalog.ImportRelationshipsArgument, Sitecore.Commerce.Plugin.Catalog","SourceId":"Entity-SellableItem-6042216","SourceEntityVersion":1,"TargetIds":{"$type":"System.Collections.Generic.List`1[[System.String, mscorlib]], mscorlib","$values":["Entity-SellableItem-6042217","Entity-SellableItem-6042218","Entity-SellableItem-6042219"]},"RelationshipType":"CROSSSELLPRODUCT"},{"$type":"Sitecore.Commerce.Plugin.Catalog.ImportRelationshipsArgument, Sitecore.Commerce.Plugin.Catalog","SourceId":"Entity-SellableItem-6042216","SourceEntityVersion":1,"TargetIds":{"$type":"System.Collections.Generic.List`1[[System.String, mscorlib]], mscorlib","$values":["Entity-SellableItem-6042197","Entity-SellableItem-6042201","Entity-SellableItem-6042202","Entity-SellableItem-6042209","Entity-SellableItem-6042214","Entity-SellableItem-6042254"]},"RelationshipType":"UPSELLPRODUCT"},{"$type":"Sitecore.Commerce.Plugin.Catalog.ImportRelationshipsArgument, Sitecore.Commerce.Plugin.Catalog","SourceId":"Entity-SellableItem-6042217","SourceEntityVersion":1,"TargetIds":{"$type":"System.Collections.Generic.List`1[[System.String, mscorlib]], mscorlib","$values":["Entity-SellableItem-6042216","Entity-SellableItem-6042218","Entity-SellableItem-6042219"]},"RelationshipType":"CROSSSELLPRODUCT"},{"$type":"Sitecore.Commerce.Plugin.Catalog.ImportRelationshipsArgument, Sitecore.Commerce.Plugin.Catalog","SourceId":"Entity-SellableItem-6042217","SourceEntityVersion":1,"TargetIds":{"$type":"System.Collections.Generic.List`1[[System.String, mscorlib]], mscorlib","$values":["Entity-SellableItem-6042197","Entity-SellableItem-6042201","Entity-SellableItem-6042202","Entity-SellableItem-6042209","Entity-SellableItem-6042214","Entity-SellableItem-6042254"]},"RelationshipType":"UPSELLPRODUCT"},{"$type":"Sitecore.Commerce.Plugin.Catalog.ImportRelationshipsArgument, Sitecore.Commerce.Plugin.Catalog","SourceId":"Entity-SellableItem-6042218","SourceEntityVersion":1,"TargetIds":{"$type":"System.Collections.Generic.List`1[[System.String, mscorlib]], mscorlib","$values":["Entity-SellableItem-6042216","Entity-SellableItem-6042217","Entity-SellableItem-6042219"]},"RelationshipType":"CROSSSELLPRODUCT"},{"$type":"Sitecore.Commerce.Plugin.Catalog.ImportRelationshipsArgument, Sitecore.Commerce.Plugin.Catalog","SourceId":"Entity-SellableItem-6042218","SourceEntityVersion":1,"TargetIds":{"$type":"System.Collections.Generic.List`1[[System.String, mscorlib]], mscorlib","$values":["Entity-SellableItem-6042197","Entity-SellableItem-6042201","Entity-SellableItem-6042202","Entity-SellableItem-6042209","Entity-SellableItem-6042214","Entity-SellableItem-6042254"]},"RelationshipType":"UPSELLPRODUCT"},{"$type":"Sitecore.Commerce.Plugin.Catalog.ImportRelationshipsArgument, Sitecore.Commerce.Plugin.Catalog","SourceId":"Entity-SellableItem-6042219","SourceEntityVersion":1,"TargetIds":{"$type":"System.Collections.Generic.List`1[[System.String, mscorlib]], mscorlib","$values":["Entity-SellableItem-6042216","Entity-SellableItem-6042217","Entity-SellableItem-6042218"]},"RelationshipType":"CROSSSELLPRODUCT"},{"$type":"Sitecore.Commerce.Plugin.Catalog.ImportRelationshipsArgument, Sitecore.Commerce.Plugin.Catalog","SourceId":"Entity-SellableItem-6042219","SourceEntityVersion":1,"TargetIds":{"$type":"System.Collections.Generic.List`1[[System.String, mscorlib]], mscorlib","$values":["Entity-SellableItem-6042197","Entity-SellableItem-6042201","Entity-SellableItem-6042202","Entity-SellableItem-6042209","Entity-SellableItem-6042214","Entity-SellableItem-6042254"]},"RelationshipType":"UPSELLPRODUCT"},{"$type":"Sitecore.Commerce.Plugin.Catalog.ImportRelationshipsArgument, Sitecore.Commerce.Plugin.Catalog","SourceId":"Entity-SellableItem-6042220","SourceEntityVersion":1,"TargetIds":{"$type":"System.Collections.Generic.List`1[[System.String, mscorlib]], mscorlib","$values":["Entity-SellableItem-6042216","Entity-SellableItem-6042217","Entity-SellableItem-6042218"]},"RelationshipType":"CROSSSELLPRODUCT"},{"$type":"Sitecore.Commerce.Plugin.Catalog.ImportRelationshipsArgument, Sitecore.Commerce.Plugin.Catalog","SourceId":"Entity-SellableItem-6042220","SourceEntityVersion":1,"TargetIds":{"$type":"System.Collections.Generic.List`1[[System.String, mscorlib]], mscorlib","$values":["Entity-SellableItem-6042197","Entity-SellableItem-6042201","Entity-SellableItem-6042202","Entity-SellableItem-6042209","Entity-SellableItem-6042214","Entity-SellableItem-6042254"]},"RelationshipType":"UPSELLPRODUCT"},{"$type":"Sitecore.Commerce.Plugin.Catalog.ImportRelationshipsArgument, Sitecore.Commerce.Plugin.Catalog","SourceId":"Entity-SellableItem-6042221","SourceEntityVersion":1,"TargetIds":{"$type":"System.Collections.Generic.List`1[[System.String, mscorlib]], mscorlib","$values":["Entity-SellableItem-6042222","Entity-SellableItem-6042232"]},"RelationshipType":"CROSSSELLPRODUCT"},{"$type":"Sitecore.Commerce.Plugin.Catalog.ImportRelationshipsArgument, Sitecore.Commerce.Plugin.Catalog","SourceId":"Entity-SellableItem-6042221","SourceEntityVersion":1,"TargetIds":{"$type":"System.Collections.Generic.List`1[[System.String, mscorlib]], mscorlib","$values":["Entity-SellableItem-6042197","Entity-SellableItem-6042201","Entity-SellableItem-6042202","Entity-SellableItem-6042209","Entity-SellableItem-6042214","Entity-SellableItem-6042254"]},"RelationshipType":"UPSELLPRODUCT"},{"$type":"Sitecore.Commerce.Plugin.Catalog.ImportRelationshipsArgument, Sitecore.Commerce.Plugin.Catalog","SourceId":"Entity-SellableItem-6042222","SourceEntityVersion":1,"TargetIds":{"$type":"System.Collections.Generic.List`1[[System.String, mscorlib]], mscorlib","$values":["Entity-SellableItem-6042221","Entity-SellableItem-6042232"]},"RelationshipType":"CROSSSELLPRODUCT"},{"$type":"Sitecore.Commerce.Plugin.Catalog.ImportRelationshipsArgument, Sitecore.Commerce.Plugin.Catalog","SourceId":"Entity-SellableItem-6042222","SourceEntityVersion":1,"TargetIds":{"$type":"System.Collections.Generic.List`1[[System.String, mscorlib]], mscorlib","$values":["Entity-SellableItem-6042197","Entity-SellableItem-6042201","Entity-SellableItem-6042202","Entity-SellableItem-6042209","Entity-SellableItem-6042214","Entity-SellableItem-6042254"]},"RelationshipType":"UPSELLPRODUCT"},{"$type":"Sitecore.Commerce.Plugin.Catalog.ImportRelationshipsArgument, Sitecore.Commerce.Plugin.Catalog","SourceId":"Entity-SellableItem-6042227","SourceEntityVersion":1,"TargetIds":{"$type":"System.Collections.Generic.List`1[[System.String, mscorlib]], mscorlib","$values":["Entity-SellableItem-6042221","Entity-SellableItem-6042222","Entity-SellableItem-6042232"]},"RelationshipType":"CROSSSELLPRODUCT"},{"$type":"Sitecore.Commerce.Plugin.Catalog.ImportRelationshipsArgument, Sitecore.Commerce.Plugin.Catalog","SourceId":"Entity-SellableItem-6042227","SourceEntityVersion":1,"TargetIds":{"$type":"System.Collections.Generic.List`1[[System.String, mscorlib]], mscorlib","$values":["Entity-SellableItem-6042197","Entity-SellableItem-6042201","Entity-SellableItem-6042202","Entity-SellableItem-6042209","Entity-SellableItem-6042214","Entity-SellableItem-6042254"]},"RelationshipType":"UPSELLPRODUCT"},{"$type":"Sitecore.Commerce.Plugin.Catalog.ImportRelationshipsArgument, Sitecore.Commerce.Plugin.Catalog","SourceId":"Entity-SellableItem-6042232","SourceEntityVersion":1,"TargetIds":{"$type":"System.Collections.Generic.List`1[[System.String, mscorlib]], mscorlib","$values":["Entity-SellableItem-6042221","Entity-SellableItem-6042222"]},"RelationshipType":"CROSSSELLPRODUCT"},{"$type":"Sitecore.Commerce.Plugin.Catalog.ImportRelationshipsArgument, Sitecore.Commerce.Plugin.Catalog","SourceId":"Entity-SellableItem-6042232","SourceEntityVersion":1,"TargetIds":{"$type":"System.Collections.Generic.List`1[[System.String, mscorlib]], mscorlib","$values":["Entity-SellableItem-6042197","Entity-SellableItem-6042201","Entity-SellableItem-6042202","Entity-SellableItem-6042209","Entity-SellableItem-6042214","Entity-SellableItem-6042254"]},"RelationshipType":"UPSELLPRODUCT"},{"$type":"Sitecore.Commerce.Plugin.Catalog.ImportRelationshipsArgument, Sitecore.Commerce.Plugin.Catalog","SourceId":"Entity-SellableItem-6042235","SourceEntityVersion":1,"TargetIds":{"$type":"System.Collections.Generic.List`1[[System.String, mscorlib]], mscorlib","$values":["Entity-SellableItem-6042236","Entity-SellableItem-6042237","Entity-SellableItem-6042238"]},"RelationshipType":"CROSSSELLPRODUCT"},{"$type":"Sitecore.Commerce.Plugin.Catalog.ImportRelationshipsArgument, Sitecore.Commerce.Plugin.Catalog","SourceId":"Entity-SellableItem-6042235","SourceEntityVersion":1,"TargetIds":{"$type":"System.Collections.Generic.List`1[[System.String, mscorlib]], mscorlib","$values":["Entity-SellableItem-6042248","Entity-SellableItem-6042249","Entity-SellableItem-6042250","Entity-SellableItem-6042254"]},"RelationshipType":"UPSELLPRODUCT"},{"$type":"Sitecore.Commerce.Plugin.Catalog.ImportRelationshipsArgument, Sitecore.Commerce.Plugin.Catalog","SourceId":"Entity-SellableItem-6042236","SourceEntityVersion":1,"TargetIds":{"$type":"System.Collections.Generic.List`1[[System.String, mscorlib]], mscorlib","$values":["Entity-SellableItem-6042235","Entity-SellableItem-6042237","Entity-SellableItem-6042238"]},"RelationshipType":"CROSSSELLPRODUCT"},{"$type":"Sitecore.Commerce.Plugin.Catalog.ImportRelationshipsArgument, Sitecore.Commerce.Plugin.Catalog","SourceId":"Entity-SellableItem-6042236","SourceEntityVersion":1,"TargetIds":{"$type":"System.Collections.Generic.List`1[[System.String, mscorlib]], mscorlib","$values":["Entity-SellableItem-6042248","Entity-SellableItem-6042249","Entity-SellableItem-6042250","Entity-SellableItem-6042254"]},"RelationshipType":"UPSELLPRODUCT"},{"$type":"Sitecore.Commerce.Plugin.Catalog.ImportRelationshipsArgument, Sitecore.Commerce.Plugin.Catalog","SourceId":"Entity-SellableItem-6042237","SourceEntityVersion":1,"TargetIds":{"$type":"System.Collections.Generic.List`1[[System.String, mscorlib]], mscorlib","$values":["Entity-SellableItem-6042235","Entity-SellableItem-6042236","Entity-SellableItem-6042238"]},"RelationshipType":"CROSSSELLPRODUCT"},{"$type":"Sitecore.Commerce.Plugin.Catalog.ImportRelationshipsArgument, Sitecore.Commerce.Plugin.Catalog","SourceId":"Entity-SellableItem-6042237","SourceEntityVersion":1,"TargetIds":{"$type":"System.Collections.Generic.List`1[[System.String, mscorlib]], mscorlib","$values":["Entity-SellableItem-6042248","Entity-SellableItem-6042249","Entity-SellableItem-6042250","Entity-SellableItem-6042254"]},"RelationshipType":"UPSELLPRODUCT"},{"$type":"Sitecore.Commerce.Plugin.Catalog.ImportRelationshipsArgument, Sitecore.Commerce.Plugin.Catalog","SourceId":"Entity-SellableItem-6042238","SourceEntityVersion":1,"TargetIds":{"$type":"System.Collections.Generic.List`1[[System.String, mscorlib]], mscorlib","$values":["Entity-SellableItem-6042235","Entity-SellableItem-6042236","Entity-SellableItem-6042237","Entity-SellableItem-6042248","Entity-SellableItem-6042249","Entity-SellableItem-6042250","Entity-SellableItem-6042254"]},"RelationshipType":"CROSSSELLPRODUCT"},{"$type":"Sitecore.Commerce.Plugin.Catalog.ImportRelationshipsArgument, Sitecore.Commerce.Plugin.Catalog","SourceId":"Entity-SellableItem-6042239","SourceEntityVersion":1,"TargetIds":{"$type":"System.Collections.Generic.List`1[[System.String, mscorlib]], mscorlib","$values":["Entity-SellableItem-6042235","Entity-SellableItem-6042236","Entity-SellableItem-6042237","Entity-SellableItem-6042238"]},"RelationshipType":"CROSSSELLPRODUCT"},{"$type":"Sitecore.Commerce.Plugin.Catalog.ImportRelationshipsArgument, Sitecore.Commerce.Plugin.Catalog","SourceId":"Entity-SellableItem-6042239","SourceEntityVersion":1,"TargetIds":{"$type":"System.Collections.Generic.List`1[[System.String, mscorlib]], mscorlib","$values":["Entity-SellableItem-6042248","Entity-SellableItem-6042249","Entity-SellableItem-6042250","Entity-SellableItem-6042254"]},"RelationshipType":"UPSELLPRODUCT"},{"$type":"Sitecore.Commerce.Plugin.Catalog.ImportRelationshipsArgument, Sitecore.Commerce.Plugin.Catalog","SourceId":"Entity-SellableItem-6042240","SourceEntityVersion":1,"TargetIds":{"$type":"System.Collections.Generic.List`1[[System.String, mscorlib]], mscorlib","$values":["Entity-SellableItem-6042241","Entity-SellableItem-6042242","Entity-SellableItem-6042243","Entity-SellableItem-6042244","Entity-SellableItem-6042245","Entity-SellableItem-6042246"]},"RelationshipType":"CROSSSELLPRODUCT"},{"$type":"Sitecore.Commerce.Plugin.Catalog.ImportRelationshipsArgument, Sitecore.Commerce.Plugin.Catalog","SourceId":"Entity-SellableItem-6042240","SourceEntityVersion":1,"TargetIds":{"$type":"System.Collections.Generic.List`1[[System.String, mscorlib]], mscorlib","$values":["Entity-SellableItem-6042254"]},"RelationshipType":"UPSELLPRODUCT"},{"$type":"Sitecore.Commerce.Plugin.Catalog.ImportRelationshipsArgument, Sitecore.Commerce.Plugin.Catalog","SourceId":"Entity-SellableItem-6042241","SourceEntityVersion":1,"TargetIds":{"$type":"System.Collections.Generic.List`1[[System.String, mscorlib]], mscorlib","$values":["Entity-SellableItem-6042240","Entity-SellableItem-6042242","Entity-SellableItem-6042243","Entity-SellableItem-6042244","Entity-SellableItem-6042245","Entity-SellableItem-6042246"]},"RelationshipType":"CROSSSELLPRODUCT"},{"$type":"Sitecore.Commerce.Plugin.Catalog.ImportRelationshipsArgument, Sitecore.Commerce.Plugin.Catalog","SourceId":"Entity-SellableItem-6042241","SourceEntityVersion":1,"TargetIds":{"$type":"System.Collections.Generic.List`1[[System.String, mscorlib]], mscorlib","$values":["Entity-SellableItem-6042254"]},"RelationshipType":"UPSELLPRODUCT"},{"$type":"Sitecore.Commerce.Plugin.Catalog.ImportRelationshipsArgument, Sitecore.Commerce.Plugin.Catalog","SourceId":"Entity-SellableItem-6042242","SourceEntityVersion":1,"TargetIds":{"$type":"System.Collections.Generic.List`1[[System.String, mscorlib]], mscorlib","$values":["Entity-SellableItem-6042240","Entity-SellableItem-6042241","Entity-SellableItem-6042243","Entity-SellableItem-6042244","Entity-SellableItem-6042245","Entity-SellableItem-6042246"]},"RelationshipType":"CROSSSELLPRODUCT"},{"$type":"Sitecore.Commerce.Plugin.Catalog.ImportRelationshipsArgument, Sitecore.Commerce.Plugin.Catalog","SourceId":"Entity-SellableItem-6042242","SourceEntityVersion":1,"TargetIds":{"$type":"System.Collections.Generic.List`1[[System.String, mscorlib]], mscorlib","$values":["Entity-SellableItem-6042254"]},"RelationshipType":"UPSELLPRODUCT"},{"$type":"Sitecore.Commerce.Plugin.Catalog.ImportRelationshipsArgument, Sitecore.Commerce.Plugin.Catalog","SourceId":"Entity-SellableItem-6042243","SourceEntityVersion":1,"TargetIds":{"$type":"System.Collections.Generic.List`1[[System.String, mscorlib]], mscorlib","$values":["Entity-SellableItem-6042240","Entity-SellableItem-6042241","Entity-SellableItem-6042242","Entity-SellableItem-6042244","Entity-SellableItem-6042245","Entity-SellableItem-6042246"]},"RelationshipType":"CROSSSELLPRODUCT"},{"$type":"Sitecore.Commerce.Plugin.Catalog.ImportRelationshipsArgument, Sitecore.Commerce.Plugin.Catalog","SourceId":"Entity-SellableItem-6042243","SourceEntityVersion":1,"TargetIds":{"$type":"System.Collections.Generic.List`1[[System.String, mscorlib]], mscorlib","$values":["Entity-SellableItem-6042254"]},"RelationshipType":"UPSELLPRODUCT"},{"$type":"Sitecore.Commerce.Plugin.Catalog.ImportRelationshipsArgument, Sitecore.Commerce.Plugin.Catalog","SourceId":"Entity-SellableItem-6042244","SourceEntityVersion":1,"TargetIds":{"$type":"System.Collections.Generic.List`1[[System.String, mscorlib]], mscorlib","$values":["Entity-SellableItem-6042240","Entity-SellableItem-6042241","Entity-SellableItem-6042242","Entity-SellableItem-6042243","Entity-SellableItem-6042245","Entity-SellableItem-6042246"]},"RelationshipType":"CROSSSELLPRODUCT"},{"$type":"Sitecore.Commerce.Plugin.Catalog.ImportRelationshipsArgument, Sitecore.Commerce.Plugin.Catalog","SourceId":"Entity-SellableItem-6042244","SourceEntityVersion":1,"TargetIds":{"$type":"System.Collections.Generic.List`1[[System.String, mscorlib]], mscorlib","$values":["Entity-SellableItem-6042254"]},"RelationshipType":"UPSELLPRODUCT"},{"$type":"Sitecore.Commerce.Plugin.Catalog.ImportRelationshipsArgument, Sitecore.Commerce.Plugin.Catalog","SourceId":"Entity-SellableItem-6042245","SourceEntityVersion":1,"TargetIds":{"$type":"System.Collections.Generic.List`1[[System.String, mscorlib]], mscorlib","$values":["Entity-SellableItem-6042175","Entity-SellableItem-6042177","Entity-SellableItem-6042178","Entity-SellableItem-6042179","Entity-SellableItem-6042180","Entity-SellableItem-6042181"]},"RelationshipType":"CROSSSELLPRODUCT"},{"$type":"Sitecore.Commerce.Plugin.Catalog.ImportRelationshipsArgument, Sitecore.Commerce.Plugin.Catalog","SourceId":"Entity-SellableItem-6042245","SourceEntityVersion":1,"TargetIds":{"$type":"System.Collections.Generic.List`1[[System.String, mscorlib]], mscorlib","$values":["Entity-SellableItem-6042235","Entity-SellableItem-6042236","Entity-SellableItem-6042237","Entity-SellableItem-6042238","Entity-SellableItem-6042254"]},"RelationshipType":"UPSELLPRODUCT"},{"$type":"Sitecore.Commerce.Plugin.Catalog.ImportRelationshipsArgument, Sitecore.Commerce.Plugin.Catalog","SourceId":"Entity-SellableItem-6042246","SourceEntityVersion":1,"TargetIds":{"$type":"System.Collections.Generic.List`1[[System.String, mscorlib]], mscorlib","$values":["Entity-SellableItem-6042175","Entity-SellableItem-6042177","Entity-SellableItem-6042178","Entity-SellableItem-6042179","Entity-SellableItem-6042180","Entity-SellableItem-6042181"]},"RelationshipType":"CROSSSELLPRODUCT"},{"$type":"Sitecore.Commerce.Plugin.Catalog.ImportRelationshipsArgument, Sitecore.Commerce.Plugin.Catalog","SourceId":"Entity-SellableItem-6042246","SourceEntityVersion":1,"TargetIds":{"$type":"System.Collections.Generic.List`1[[System.String, mscorlib]], mscorlib","$values":["Entity-SellableItem-6042235","Entity-SellableItem-6042236","Entity-SellableItem-6042237","Entity-SellableItem-6042238","Entity-SellableItem-6042254"]},"RelationshipType":"UPSELLPRODUCT"},{"$type":"Sitecore.Commerce.Plugin.Catalog.ImportRelationshipsArgument, Sitecore.Commerce.Plugin.Catalog","SourceId":"Entity-SellableItem-6042247","SourceEntityVersion":1,"TargetIds":{"$type":"System.Collections.Generic.List`1[[System.String, mscorlib]], mscorlib","$values":["Entity-SellableItem-6042240","Entity-SellableItem-6042241","Entity-SellableItem-6042242","Entity-SellableItem-6042243","Entity-SellableItem-6042244","Entity-SellableItem-6042245","Entity-SellableItem-6042246"]},"RelationshipType":"CROSSSELLPRODUCT"},{"$type":"Sitecore.Commerce.Plugin.Catalog.ImportRelationshipsArgument, Sitecore.Commerce.Plugin.Catalog","SourceId":"Entity-SellableItem-6042247","SourceEntityVersion":1,"TargetIds":{"$type":"System.Collections.Generic.List`1[[System.String, mscorlib]], mscorlib","$values":["Entity-SellableItem-6042254"]},"RelationshipType":"UPSELLPRODUCT"},{"$type":"Sitecore.Commerce.Plugin.Catalog.ImportRelationshipsArgument, Sitecore.Commerce.Plugin.Catalog","SourceId":"Entity-SellableItem-6042248","SourceEntityVersion":1,"TargetIds":{"$type":"System.Collections.Generic.List`1[[System.String, mscorlib]], mscorlib","$values":["Entity-SellableItem-6042240","Entity-SellableItem-6042241","Entity-SellableItem-6042242","Entity-SellableItem-6042250"]},"RelationshipType":"CROSSSELLPRODUCT"},{"$type":"Sitecore.Commerce.Plugin.Catalog.ImportRelationshipsArgument, Sitecore.Commerce.Plugin.Catalog","SourceId":"Entity-SellableItem-6042248","SourceEntityVersion":1,"TargetIds":{"$type":"System.Collections.Generic.List`1[[System.String, mscorlib]], mscorlib","$values":["Entity-SellableItem-6042254"]},"RelationshipType":"UPSELLPRODUCT"},{"$type":"Sitecore.Commerce.Plugin.Catalog.ImportRelationshipsArgument, Sitecore.Commerce.Plugin.Catalog","SourceId":"Entity-SellableItem-6042249","SourceEntityVersion":1,"TargetIds":{"$type":"System.Collections.Generic.List`1[[System.String, mscorlib]], mscorlib","$values":["Entity-SellableItem-6042240","Entity-SellableItem-6042241","Entity-SellableItem-6042242","Entity-SellableItem-6042248","Entity-SellableItem-6042250"]},"RelationshipType":"CROSSSELLPRODUCT"},{"$type":"Sitecore.Commerce.Plugin.Catalog.ImportRelationshipsArgument, Sitecore.Commerce.Plugin.Catalog","SourceId":"Entity-SellableItem-6042249","SourceEntityVersion":1,"TargetIds":{"$type":"System.Collections.Generic.List`1[[System.String, mscorlib]], mscorlib","$values":["Entity-SellableItem-6042254"]},"RelationshipType":"UPSELLPRODUCT"},{"$type":"Sitecore.Commerce.Plugin.Catalog.ImportRelationshipsArgument, Sitecore.Commerce.Plugin.Catalog","SourceId":"Entity-SellableItem-6042250","SourceEntityVersion":1,"TargetIds":{"$type":"System.Collections.Generic.List`1[[System.String, mscorlib]], mscorlib","$values":["Entity-SellableItem-6042240","Entity-SellableItem-6042241","Entity-SellableItem-6042242","Entity-SellableItem-6042248"]},"RelationshipType":"CROSSSELLPRODUCT"},{"$type":"Sitecore.Commerce.Plugin.Catalog.ImportRelationshipsArgument, Sitecore.Commerce.Plugin.Catalog","SourceId":"Entity-SellableItem-6042250","SourceEntityVersion":1,"TargetIds":{"$type":"System.Collections.Generic.List`1[[System.String, mscorlib]], mscorlib","$values":["Entity-SellableItem-6042254"]},"RelationshipType":"UPSELLPRODUCT"},{"$type":"Sitecore.Commerce.Plugin.Catalog.ImportRelationshipsArgument, Sitecore.Commerce.Plugin.Catalog","SourceId":"Entity-SellableItem-6042251","SourceEntityVersion":1,"TargetIds":{"$type":"System.Collections.Generic.List`1[[System.String, mscorlib]], mscorlib","$values":["Entity-SellableItem-6042188","Entity-SellableItem-6042193","Entity-SellableItem-6042214","Entity-SellableItem-6042221","Entity-SellableItem-6042236","Entity-SellableItem-6042239","Entity-SellableItem-6042248","Entity-SellableItem-6042250"]},"RelationshipType":"CROSSSELLPRODUCT"},{"$type":"Sitecore.Commerce.Plugin.Catalog.ImportRelationshipsArgument, Sitecore.Commerce.Plugin.Catalog","SourceId":"Entity-SellableItem-6042251","SourceEntityVersion":1,"TargetIds":{"$type":"System.Collections.Generic.List`1[[System.String, mscorlib]], mscorlib","$values":["Entity-SellableItem-6042254"]},"RelationshipType":"WARRANTYPRODUCT"},{"$type":"Sitecore.Commerce.Plugin.Catalog.ImportRelationshipsArgument, Sitecore.Commerce.Plugin.Catalog","SourceId":"Entity-SellableItem-6042254","SourceEntityVersion":1,"TargetIds":{"$type":"System.Collections.Generic.List`1[[System.String, mscorlib]], mscorlib","$values":["Entity-SellableItem-6042064","Entity-SellableItem-6042183","Entity-SellableItem-6042283","Entity-SellableItem-6042325","Entity-SellableItem-6042402","Entity-SellableItem-6042430","Entity-SellableItem-6042886","Entity-SellableItem-6042962","Entity-SellableItem-6042963","Entity-SellableItem-6042986","Entity-SellableItem-7042082"]},"RelationshipType":"RELATEDPRODUCT"},{"$type":"Sitecore.Commerce.Plugin.Catalog.ImportRelationshipsArgument, Sitecore.Commerce.Plugin.Catalog","SourceId":"Entity-SellableItem-6042264","SourceEntityVersion":2,"TargetIds":{"$type":"System.Collections.Generic.List`1[[System.String, mscorlib]], mscorlib","$values":["Entity-SellableItem-6001012"]},"RelationshipType":"SELLABLEITEMTOBUNDLE"},{"$type":"Sitecore.Commerce.Plugin.Catalog.ImportRelationshipsArgument, Sitecore.Commerce.Plugin.Catalog","SourceId":"Entity-SellableItem-6042266","SourceEntityVersion":1,"TargetIds":{"$type":"System.Collections.Generic.List`1[[System.String, mscorlib]], mscorlib","$values":["Entity-SellableItem-6042076","Entity-SellableItem-6042283","Entity-SellableItem-6042402"]},"RelationshipType":"CROSSSELLPRODUCT"},{"$type":"Sitecore.Commerce.Plugin.Catalog.ImportRelationshipsArgument, Sitecore.Commerce.Plugin.Catalog","SourceId":"Entity-SellableItem-6042266","SourceEntityVersion":1,"TargetIds":{"$type":"System.Collections.Generic.List`1[[System.String, mscorlib]], mscorlib","$values":["Entity-SellableItem-6042299","Entity-SellableItem-6042417","Entity-SellableItem-6042418","Entity-SellableItem-6042421","Entity-SellableItem-6042422","Entity-SellableItem-6042423"]},"RelationshipType":"UPSELLPRODUCT"},{"$type":"Sitecore.Commerce.Plugin.Catalog.ImportRelationshipsArgument, Sitecore.Commerce.Plugin.Catalog","SourceId":"Entity-SellableItem-6042267","SourceEntityVersion":1,"TargetIds":{"$type":"System.Collections.Generic.List`1[[System.String, mscorlib]], mscorlib","$values":["Entity-SellableItem-6042076","Entity-SellableItem-6042283","Entity-SellableItem-6042402"]},"RelationshipType":"CROSSSELLPRODUCT"},{"$type":"Sitecore.Commerce.Plugin.Catalog.ImportRelationshipsArgument, Sitecore.Commerce.Plugin.Catalog","SourceId":"Entity-SellableItem-6042267","SourceEntityVersion":1,"TargetIds":{"$type":"System.Collections.Generic.List`1[[System.String, mscorlib]], mscorlib","$values":["Entity-SellableItem-6042299","Entity-SellableItem-6042417","Entity-SellableItem-6042418","Entity-SellableItem-6042421","Entity-SellableItem-6042422","Entity-SellableItem-6042423"]},"RelationshipType":"UPSELLPRODUCT"},{"$type":"Sitecore.Commerce.Plugin.Catalog.ImportRelationshipsArgument, Sitecore.Commerce.Plugin.Catalog","SourceId":"Entity-SellableItem-6042268","SourceEntityVersion":1,"TargetIds":{"$type":"System.Collections.Generic.List`1[[System.String, mscorlib]], mscorlib","$values":["Entity-SellableItem-6042076","Entity-SellableItem-6042283","Entity-SellableItem-6042402"]},"RelationshipType":"CROSSSELLPRODUCT"},{"$type":"Sitecore.Commerce.Plugin.Catalog.ImportRelationshipsArgument, Sitecore.Commerce.Plugin.Catalog","SourceId":"Entity-SellableItem-6042268","SourceEntityVersion":1,"TargetIds":{"$type":"System.Collections.Generic.List`1[[System.String, mscorlib]], mscorlib","$values":["Entity-SellableItem-6042299","Entity-SellableItem-6042417","Entity-SellableItem-6042418","Entity-SellableItem-6042421","Entity-SellableItem-6042422","Entity-SellableItem-6042423"]},"RelationshipType":"UPSELLPRODUCT"},{"$type":"Sitecore.Commerce.Plugin.Catalog.ImportRelationshipsArgument, Sitecore.Commerce.Plugin.Catalog","SourceId":"Entity-SellableItem-6042269","SourceEntityVersion":1,"TargetIds":{"$type":"System.Collections.Generic.List`1[[System.String, mscorlib]], mscorlib","$values":["Entity-SellableItem-6042076","Entity-SellableItem-6042283","Entity-SellableItem-6042402"]},"RelationshipType":"CROSSSELLPRODUCT"},{"$type":"Sitecore.Commerce.Plugin.Catalog.ImportRelationshipsArgument, Sitecore.Commerce.Plugin.Catalog","SourceId":"Entity-SellableItem-6042269","SourceEntityVersion":1,"TargetIds":{"$type":"System.Collections.Generic.List`1[[System.String, mscorlib]], mscorlib","$values":["Entity-SellableItem-6042299","Entity-SellableItem-6042417","Entity-SellableItem-6042418","Entity-SellableItem-6042421","Entity-SellableItem-6042422"]},"RelationshipType":"UPSELLPRODUCT"},{"$type":"Sitecore.Commerce.Plugin.Catalog.ImportRelationshipsArgument, Sitecore.Commerce.Plugin.Catalog","SourceId":"Entity-SellableItem-6042270","SourceEntityVersion":1,"TargetIds":{"$type":"System.Collections.Generic.List`1[[System.String, mscorlib]], mscorlib","$values":["Entity-SellableItem-6042076","Entity-SellableItem-6042283","Entity-SellableItem-6042402"]},"RelationshipType":"CROSSSELLPRODUCT"},{"$type":"Sitecore.Commerce.Plugin.Catalog.ImportRelationshipsArgument, Sitecore.Commerce.Plugin.Catalog","SourceId":"Entity-SellableItem-6042270","SourceEntityVersion":1,"TargetIds":{"$type":"System.Collections.Generic.List`1[[System.String, mscorlib]], mscorlib","$values":["Entity-SellableItem-6042299","Entity-SellableItem-6042417","Entity-SellableItem-6042418","Entity-SellableItem-6042421","Entity-SellableItem-6042422","Entity-SellableItem-6042423"]},"RelationshipType":"UPSELLPRODUCT"},{"$type":"Sitecore.Commerce.Plugin.Catalog.ImportRelationshipsArgument, Sitecore.Commerce.Plugin.Catalog","SourceId":"Entity-SellableItem-6042271","SourceEntityVersion":1,"TargetIds":{"$type":"System.Collections.Generic.List`1[[System.String, mscorlib]], mscorlib","$values":["Entity-SellableItem-6042076","Entity-SellableItem-6042283","Entity-SellableItem-6042402"]},"RelationshipType":"CROSSSELLPRODUCT"},{"$type":"Sitecore.Commerce.Plugin.Catalog.ImportRelationshipsArgument, Sitecore.Commerce.Plugin.Catalog","SourceId":"Entity-SellableItem-6042271","SourceEntityVersion":1,"TargetIds":{"$type":"System.Collections.Generic.List`1[[System.String, mscorlib]], mscorlib","$values":["Entity-SellableItem-6042299","Entity-SellableItem-6042417","Entity-SellableItem-6042418","Entity-SellableItem-6042421","Entity-SellableItem-6042422","Entity-SellableItem-6042423"]},"RelationshipType":"UPSELLPRODUCT"},{"$type":"Sitecore.Commerce.Plugin.Catalog.ImportRelationshipsArgument, Sitecore.Commerce.Plugin.Catalog","SourceId":"Entity-SellableItem-6042272","SourceEntityVersion":1,"TargetIds":{"$type":"System.Collections.Generic.List`1[[System.String, mscorlib]], mscorlib","$values":["Entity-SellableItem-6042076","Entity-SellableItem-6042283","Entity-SellableItem-6042402"]},"RelationshipType":"CROSSSELLPRODUCT"},{"$type":"Sitecore.Commerce.Plugin.Catalog.ImportRelationshipsArgument, Sitecore.Commerce.Plugin.Catalog","SourceId":"Entity-SellableItem-6042272","SourceEntityVersion":1,"TargetIds":{"$type":"System.Collections.Generic.List`1[[System.String, mscorlib]], mscorlib","$values":["Entity-SellableItem-6042299","Entity-SellableItem-6042417","Entity-SellableItem-6042421","Entity-SellableItem-6042422","Entity-SellableItem-6042423"]},"RelationshipType":"UPSELLPRODUCT"},{"$type":"Sitecore.Commerce.Plugin.Catalog.ImportRelationshipsArgument, Sitecore.Commerce.Plugin.Catalog","SourceId":"Entity-SellableItem-6042273","SourceEntityVersion":1,"TargetIds":{"$type":"System.Collections.Generic.List`1[[System.String, mscorlib]], mscorlib","$values":["Entity-SellableItem-6042076","Entity-SellableItem-6042283","Entity-SellableItem-6042402"]},"RelationshipType":"CROSSSELLPRODUCT"},{"$type":"Sitecore.Commerce.Plugin.Catalog.ImportRelationshipsArgument, Sitecore.Commerce.Plugin.Catalog","SourceId":"Entity-SellableItem-6042273","SourceEntityVersion":1,"TargetIds":{"$type":"System.Collections.Generic.List`1[[System.String, mscorlib]], mscorlib","$values":["Entity-SellableItem-6042299","Entity-SellableItem-6042417","Entity-SellableItem-6042421","Entity-SellableItem-6042422","Entity-SellableItem-6042423"]},"RelationshipType":"UPSELLPRODUCT"},{"$type":"Sitecore.Commerce.Plugin.Catalog.ImportRelationshipsArgument, Sitecore.Commerce.Plugin.Catalog","SourceId":"Entity-SellableItem-6042274","SourceEntityVersion":1,"TargetIds":{"$type":"System.Collections.Generic.List`1[[System.String, mscorlib]], mscorlib","$values":["Entity-SellableItem-6042076","Entity-SellableItem-6042283","Entity-SellableItem-6042402"]},"RelationshipType":"CROSSSELLPRODUCT"},{"$type":"Sitecore.Commerce.Plugin.Catalog.ImportRelationshipsArgument, Sitecore.Commerce.Plugin.Catalog","SourceId":"Entity-SellableItem-6042274","SourceEntityVersion":1,"TargetIds":{"$type":"System.Collections.Generic.List`1[[System.String, mscorlib]], mscorlib","$values":["Entity-SellableItem-6042299","Entity-SellableItem-6042417","Entity-SellableItem-6042421","Entity-SellableItem-6042422","Entity-SellableItem-6042423"]},"RelationshipType":"UPSELLPRODUCT"},{"$type":"Sitecore.Commerce.Plugin.Catalog.ImportRelationshipsArgument, Sitecore.Commerce.Plugin.Catalog","SourceId":"Entity-SellableItem-6042275","SourceEntityVersion":1,"TargetIds":{"$type":"System.Collections.Generic.List`1[[System.String, mscorlib]], mscorlib","$values":["Entity-SellableItem-6042076","Entity-SellableItem-6042283","Entity-SellableItem-6042402"]},"RelationshipType":"CROSSSELLPRODUCT"},{"$type":"Sitecore.Commerce.Plugin.Catalog.ImportRelationshipsArgument, Sitecore.Commerce.Plugin.Catalog","SourceId":"Entity-SellableItem-6042275","SourceEntityVersion":1,"TargetIds":{"$type":"System.Collections.Generic.List`1[[System.String, mscorlib]], mscorlib","$values":["Entity-SellableItem-6042299","Entity-SellableItem-6042417","Entity-SellableItem-6042421","Entity-SellableItem-6042422","Entity-SellableItem-6042423"]},"RelationshipType":"UPSELLPRODUCT"},{"$type":"Sitecore.Commerce.Plugin.Catalog.ImportRelationshipsArgument, Sitecore.Commerce.Plugin.Catalog","SourceId":"Entity-SellableItem-6042276","SourceEntityVersion":1,"TargetIds":{"$type":"System.Collections.Generic.List`1[[System.String, mscorlib]], mscorlib","$values":["Entity-SellableItem-6042076","Entity-SellableItem-6042283","Entity-SellableItem-6042402"]},"RelationshipType":"CROSSSELLPRODUCT"},{"$type":"Sitecore.Commerce.Plugin.Catalog.ImportRelationshipsArgument, Sitecore.Commerce.Plugin.Catalog","SourceId":"Entity-SellableItem-6042276","SourceEntityVersion":1,"TargetIds":{"$type":"System.Collections.Generic.List`1[[System.String, mscorlib]], mscorlib","$values":["Entity-SellableItem-6042299","Entity-SellableItem-6042417","Entity-SellableItem-6042421","Entity-SellableItem-6042422","Entity-SellableItem-6042423"]},"RelationshipType":"UPSELLPRODUCT"},{"$type":"Sitecore.Commerce.Plugin.Catalog.ImportRelationshipsArgument, Sitecore.Commerce.Plugin.Catalog","SourceId":"Entity-SellableItem-6042277","SourceEntityVersion":1,"TargetIds":{"$type":"System.Collections.Generic.List`1[[System.String, mscorlib]], mscorlib","$values":["Entity-SellableItem-6042076","Entity-SellableItem-6042283"]},"RelationshipType":"CROSSSELLPRODUCT"},{"$type":"Sitecore.Commerce.Plugin.Catalog.ImportRelationshipsArgument, Sitecore.Commerce.Plugin.Catalog","SourceId":"Entity-SellableItem-6042277","SourceEntityVersion":1,"TargetIds":{"$type":"System.Collections.Generic.List`1[[System.String, mscorlib]], mscorlib","$values":["Entity-SellableItem-6042299","Entity-SellableItem-6042417","Entity-SellableItem-6042421","Entity-SellableItem-6042422","Entity-SellableItem-6042423"]},"RelationshipType":"UPSELLPRODUCT"},{"$type":"Sitecore.Commerce.Plugin.Catalog.ImportRelationshipsArgument, Sitecore.Commerce.Plugin.Catalog","SourceId":"Entity-SellableItem-6042278","SourceEntityVersion":1,"TargetIds":{"$type":"System.Collections.Generic.List`1[[System.String, mscorlib]], mscorlib","$values":["Entity-SellableItem-6042076","Entity-SellableItem-6042283","Entity-SellableItem-6042402"]},"RelationshipType":"CROSSSELLPRODUCT"},{"$type":"Sitecore.Commerce.Plugin.Catalog.ImportRelationshipsArgument, Sitecore.Commerce.Plugin.Catalog","SourceId":"Entity-SellableItem-6042278","SourceEntityVersion":1,"TargetIds":{"$type":"System.Collections.Generic.List`1[[System.String, mscorlib]], mscorlib","$values":["Entity-SellableItem-6042299","Entity-SellableItem-6042417","Entity-SellableItem-6042421","Entity-SellableItem-6042422","Entity-SellableItem-6042423"]},"RelationshipType":"UPSELLPRODUCT"},{"$type":"Sitecore.Commerce.Plugin.Catalog.ImportRelationshipsArgument, Sitecore.Commerce.Plugin.Catalog","SourceId":"Entity-SellableItem-6042279","SourceEntityVersion":1,"TargetIds":{"$type":"System.Collections.Generic.List`1[[System.String, mscorlib]], mscorlib","$values":["Entity-SellableItem-6042076","Entity-SellableItem-6042283","Entity-SellableItem-6042402"]},"RelationshipType":"CROSSSELLPRODUCT"},{"$type":"Sitecore.Commerce.Plugin.Catalog.ImportRelationshipsArgument, Sitecore.Commerce.Plugin.Catalog","SourceId":"Entity-SellableItem-6042279","SourceEntityVersion":1,"TargetIds":{"$type":"System.Collections.Generic.List`1[[System.String, mscorlib]], mscorlib","$values":["Entity-SellableItem-6042299","Entity-SellableItem-6042417","Entity-SellableItem-6042421","Entity-SellableItem-6042422","Entity-SellableItem-6042423"]},"RelationshipType":"UPSELLPRODUCT"},{"$type":"Sitecore.Commerce.Plugin.Catalog.ImportRelationshipsArgument, Sitecore.Commerce.Plugin.Catalog","SourceId":"Entity-SellableItem-6042280","SourceEntityVersion":1,"TargetIds":{"$type":"System.Collections.Generic.List`1[[System.String, mscorlib]], mscorlib","$values":["Entity-SellableItem-6042076","Entity-SellableItem-6042283","Entity-SellableItem-6042402"]},"RelationshipType":"CROSSSELLPRODUCT"},{"$type":"Sitecore.Commerce.Plugin.Catalog.ImportRelationshipsArgument, Sitecore.Commerce.Plugin.Catalog","SourceId":"Entity-SellableItem-6042280","SourceEntityVersion":1,"TargetIds":{"$type":"System.Collections.Generic.List`1[[System.String, mscorlib]], mscorlib","$values":["Entity-SellableItem-6042299","Entity-SellableItem-6042417","Entity-SellableItem-6042421","Entity-SellableItem-6042422","Entity-SellableItem-6042423"]},"RelationshipType":"UPSELLPRODUCT"},{"$type":"Sitecore.Commerce.Plugin.Catalog.ImportRelationshipsArgument, Sitecore.Commerce.Plugin.Catalog","SourceId":"Entity-SellableItem-6042281","SourceEntityVersion":1,"TargetIds":{"$type":"System.Collections.Generic.List`1[[System.String, mscorlib]], mscorlib","$values":["Entity-SellableItem-6042076","Entity-SellableItem-6042283","Entity-SellableItem-6042402"]},"RelationshipType":"CROSSSELLPRODUCT"},{"$type":"Sitecore.Commerce.Plugin.Catalog.ImportRelationshipsArgument, Sitecore.Commerce.Plugin.Catalog","SourceId":"Entity-SellableItem-6042281","SourceEntityVersion":1,"TargetIds":{"$type":"System.Collections.Generic.List`1[[System.String, mscorlib]], mscorlib","$values":["Entity-SellableItem-6042299","Entity-SellableItem-6042417","Entity-SellableItem-6042421","Entity-SellableItem-6042422","Entity-SellableItem-6042423"]},"RelationshipType":"UPSELLPRODUCT"},{"$type":"Sitecore.Commerce.Plugin.Catalog.ImportRelationshipsArgument, Sitecore.Commerce.Plugin.Catalog","SourceId":"Entity-SellableItem-6042282","SourceEntityVersion":1,"TargetIds":{"$type":"System.Collections.Generic.List`1[[System.String, mscorlib]], mscorlib","$values":["Entity-SellableItem-6042076","Entity-SellableItem-6042283","Entity-SellableItem-6042402"]},"RelationshipType":"CROSSSELLPRODUCT"},{"$type":"Sitecore.Commerce.Plugin.Catalog.ImportRelationshipsArgument, Sitecore.Commerce.Plugin.Catalog","SourceId":"Entity-SellableItem-6042282","SourceEntityVersion":1,"TargetIds":{"$type":"System.Collections.Generic.List`1[[System.String, mscorlib]], mscorlib","$values":["Entity-SellableItem-6042299","Entity-SellableItem-6042417","Entity-SellableItem-6042418","Entity-SellableItem-6042421","Entity-SellableItem-6042422","Entity-SellableItem-6042423"]},"RelationshipType":"UPSELLPRODUCT"},{"$type":"Sitecore.Commerce.Plugin.Catalog.ImportRelationshipsArgument, Sitecore.Commerce.Plugin.Catalog","SourceId":"Entity-SellableItem-6042283","SourceEntityVersion":1,"TargetIds":{"$type":"System.Collections.Generic.List`1[[System.String, mscorlib]], mscorlib","$values":["Entity-SellableItem-6042260","Entity-SellableItem-6042261","Entity-SellableItem-6042262","Entity-SellableItem-6042264","Entity-SellableItem-6042265","Entity-SellableItem-6042266","Entity-SellableItem-6042267","Entity-SellableItem-6042268","Entity-SellableItem-6042269","Entity-SellableItem-6042270","Entity-SellableItem-6042271","Entity-SellableItem-6042272","Entity-SellableItem-6042273","Entity-SellableItem-6042274","Entity-SellableItem-6042275","Entity-SellableItem-6042276","Entity-SellableItem-6042277","Entity-SellableItem-6042278","Entity-SellableItem-6042279","Entity-SellableItem-6042280","Entity-SellableItem-6042281","Entity-SellableItem-6042282","Entity-SellableItem-6042284","Entity-SellableItem-6042285","Entity-SellableItem-6042286","Entity-SellableItem-6042287","Entity-SellableItem-6042288","Entity-SellableItem-6042289","Entity-SellableItem-6042290","Entity-SellableItem-6042292","Entity-SellableItem-6042293","Entity-SellableItem-6042294","Entity-SellableItem-6042295"]},"RelationshipType":"CROSSSELLPRODUCT"},{"$type":"Sitecore.Commerce.Plugin.Catalog.ImportRelationshipsArgument, Sitecore.Commerce.Plugin.Catalog","SourceId":"Entity-SellableItem-6042283","SourceEntityVersion":1,"TargetIds":{"$type":"System.Collections.Generic.List`1[[System.String, mscorlib]], mscorlib","$values":["Entity-SellableItem-6042075","Entity-SellableItem-6042076"]},"RelationshipType":"RELATEDPRODUCT"},{"$type":"Sitecore.Commerce.Plugin.Catalog.ImportRelationshipsArgument, Sitecore.Commerce.Plugin.Catalog","SourceId":"Entity-SellableItem-6042283","SourceEntityVersion":1,"TargetIds":{"$type":"System.Collections.Generic.List`1[[System.String, mscorlib]], mscorlib","$values":["Entity-SellableItem-6042299","Entity-SellableItem-6042417","Entity-SellableItem-6042418","Entity-SellableItem-6042421","Entity-SellableItem-6042422","Entity-SellableItem-6042423"]},"RelationshipType":"UPSELLPRODUCT"},{"$type":"Sitecore.Commerce.Plugin.Catalog.ImportRelationshipsArgument, Sitecore.Commerce.Plugin.Catalog","SourceId":"Entity-SellableItem-6042284","SourceEntityVersion":1,"TargetIds":{"$type":"System.Collections.Generic.List`1[[System.String, mscorlib]], mscorlib","$values":["Entity-SellableItem-6042076","Entity-SellableItem-6042283","Entity-SellableItem-6042402"]},"RelationshipType":"CROSSSELLPRODUCT"},{"$type":"Sitecore.Commerce.Plugin.Catalog.ImportRelationshipsArgument, Sitecore.Commerce.Plugin.Catalog","SourceId":"Entity-SellableItem-6042284","SourceEntityVersion":1,"TargetIds":{"$type":"System.Collections.Generic.List`1[[System.String, mscorlib]], mscorlib","$values":["Entity-SellableItem-6042299","Entity-SellableItem-6042417","Entity-SellableItem-6042418","Entity-SellableItem-6042421","Entity-SellableItem-6042422","Entity-SellableItem-6042423"]},"RelationshipType":"UPSELLPRODUCT"},{"$type":"Sitecore.Commerce.Plugin.Catalog.ImportRelationshipsArgument, Sitecore.Commerce.Plugin.Catalog","SourceId":"Entity-SellableItem-6042285","SourceEntityVersion":1,"TargetIds":{"$type":"System.Collections.Generic.List`1[[System.String, mscorlib]], mscorlib","$values":["Entity-SellableItem-6042076","Entity-SellableItem-6042283","Entity-SellableItem-6042402"]},"RelationshipType":"CROSSSELLPRODUCT"},{"$type":"Sitecore.Commerce.Plugin.Catalog.ImportRelationshipsArgument, Sitecore.Commerce.Plugin.Catalog","SourceId":"Entity-SellableItem-6042285","SourceEntityVersion":1,"TargetIds":{"$type":"System.Collections.Generic.List`1[[System.String, mscorlib]], mscorlib","$values":["Entity-SellableItem-6042299","Entity-SellableItem-6042417","Entity-SellableItem-6042418","Entity-SellableItem-6042421","Entity-SellableItem-6042422","Entity-SellableItem-6042423"]},"RelationshipType":"UPSELLPRODUCT"},{"$type":"Sitecore.Commerce.Plugin.Catalog.ImportRelationshipsArgument, Sitecore.Commerce.Plugin.Catalog","SourceId":"Entity-SellableItem-6042286","SourceEntityVersion":1,"TargetIds":{"$type":"System.Collections.Generic.List`1[[System.String, mscorlib]], mscorlib","$values":["Entity-SellableItem-6042076","Entity-SellableItem-6042283","Entity-SellableItem-6042402"]},"RelationshipType":"CROSSSELLPRODUCT"},{"$type":"Sitecore.Commerce.Plugin.Catalog.ImportRelationshipsArgument, Sitecore.Commerce.Plugin.Catalog","SourceId":"Entity-SellableItem-6042286","SourceEntityVersion":1,"TargetIds":{"$type":"System.Collections.Generic.List`1[[System.String, mscorlib]], mscorlib","$values":["Entity-SellableItem-6042299","Entity-SellableItem-6042417","Entity-SellableItem-6042421","Entity-SellableItem-6042422","Entity-SellableItem-6042423"]},"RelationshipType":"UPSELLPRODUCT"},{"$type":"Sitecore.Commerce.Plugin.Catalog.ImportRelationshipsArgument, Sitecore.Commerce.Plugin.Catalog","SourceId":"Entity-SellableItem-6042287","SourceEntityVersion":1,"TargetIds":{"$type":"System.Collections.Generic.List`1[[System.String, mscorlib]], mscorlib","$values":["Entity-SellableItem-6042076","Entity-SellableItem-6042283","Entity-SellableItem-6042402"]},"RelationshipType":"CROSSSELLPRODUCT"},{"$type":"Sitecore.Commerce.Plugin.Catalog.ImportRelationshipsArgument, Sitecore.Commerce.Plugin.Catalog","SourceId":"Entity-SellableItem-6042287","SourceEntityVersion":1,"TargetIds":{"$type":"System.Collections.Generic.List`1[[System.String, mscorlib]], mscorlib","$values":["Entity-SellableItem-6042299","Entity-SellableItem-6042417","Entity-SellableItem-6042421","Entity-SellableItem-6042422","Entity-SellableItem-6042423"]},"RelationshipType":"UPSELLPRODUCT"},{"$type":"Sitecore.Commerce.Plugin.Catalog.ImportRelationshipsArgument, Sitecore.Commerce.Plugin.Catalog","SourceId":"Entity-SellableItem-6042288","SourceEntityVersion":1,"TargetIds":{"$type":"System.Collections.Generic.List`1[[System.String, mscorlib]], mscorlib","$values":["Entity-SellableItem-6042076","Entity-SellableItem-6042283","Entity-SellableItem-6042402"]},"RelationshipType":"CROSSSELLPRODUCT"},{"$type":"Sitecore.Commerce.Plugin.Catalog.ImportRelationshipsArgument, Sitecore.Commerce.Plugin.Catalog","SourceId":"Entity-SellableItem-6042288","SourceEntityVersion":1,"TargetIds":{"$type":"System.Collections.Generic.List`1[[System.String, mscorlib]], mscorlib","$values":["Entity-SellableItem-6042299","Entity-SellableItem-6042417","Entity-SellableItem-6042421","Entity-SellableItem-6042422","Entity-SellableItem-6042423"]},"RelationshipType":"UPSELLPRODUCT"},{"$type":"Sitecore.Commerce.Plugin.Catalog.ImportRelationshipsArgument, Sitecore.Commerce.Plugin.Catalog","SourceId":"Entity-SellableItem-6042289","SourceEntityVersion":1,"TargetIds":{"$type":"System.Collections.Generic.List`1[[System.String, mscorlib]], mscorlib","$values":["Entity-SellableItem-6042076","Entity-SellableItem-6042283","Entity-SellableItem-6042402"]},"RelationshipType":"CROSSSELLPRODUCT"},{"$type":"Sitecore.Commerce.Plugin.Catalog.ImportRelationshipsArgument, Sitecore.Commerce.Plugin.Catalog","SourceId":"Entity-SellableItem-6042289","SourceEntityVersion":1,"TargetIds":{"$type":"System.Collections.Generic.List`1[[System.String, mscorlib]], mscorlib","$values":["Entity-SellableItem-6042299","Entity-SellableItem-6042417","Entity-SellableItem-6042421","Entity-SellableItem-6042422","Entity-SellableItem-6042423"]},"RelationshipType":"UPSELLPRODUCT"},{"$type":"Sitecore.Commerce.Plugin.Catalog.ImportRelationshipsArgument, Sitecore.Commerce.Plugin.Catalog","SourceId":"Entity-SellableItem-6042290","SourceEntityVersion":1,"TargetIds":{"$type":"System.Collections.Generic.List`1[[System.String, mscorlib]], mscorlib","$values":["Entity-SellableItem-6042076","Entity-SellableItem-6042283","Entity-SellableItem-6042402"]},"RelationshipType":"CROSSSELLPRODUCT"},{"$type":"Sitecore.Commerce.Plugin.Catalog.ImportRelationshipsArgument, Sitecore.Commerce.Plugin.Catalog","SourceId":"Entity-SellableItem-6042290","SourceEntityVersion":1,"TargetIds":{"$type":"System.Collections.Generic.List`1[[System.String, mscorlib]], mscorlib","$values":["Entity-SellableItem-6042299","Entity-SellableItem-6042417","Entity-SellableItem-6042421","Entity-SellableItem-6042422","Entity-SellableItem-6042423"]},"RelationshipType":"UPSELLPRODUCT"},{"$type":"Sitecore.Commerce.Plugin.Catalog.ImportRelationshipsArgument, Sitecore.Commerce.Plugin.Catalog","SourceId":"Entity-SellableItem-6042291","SourceEntityVersion":1,"TargetIds":{"$type":"System.Collections.Generic.List`1[[System.String, mscorlib]], mscorlib","$values":["Entity-SellableItem-6042076","Entity-SellableItem-6042283","Entity-SellableItem-6042402"]},"RelationshipType":"CROSSSELLPRODUCT"},{"$type":"Sitecore.Commerce.Plugin.Catalog.ImportRelationshipsArgument, Sitecore.Commerce.Plugin.Catalog","SourceId":"Entity-SellableItem-6042291","SourceEntityVersion":1,"TargetIds":{"$type":"System.Collections.Generic.List`1[[System.String, mscorlib]], mscorlib","$values":["Entity-SellableItem-6042299","Entity-SellableItem-6042417","Entity-SellableItem-6042421","Entity-SellableItem-6042422","Entity-SellableItem-6042423"]},"RelationshipType":"UPSELLPRODUCT"},{"$type":"Sitecore.Commerce.Plugin.Catalog.ImportRelationshipsArgument, Sitecore.Commerce.Plugin.Catalog","SourceId":"Entity-SellableItem-6042292","SourceEntityVersion":1,"TargetIds":{"$type":"System.Collections.Generic.List`1[[System.String, mscorlib]], mscorlib","$values":["Entity-SellableItem-6042076","Entity-SellableItem-6042283","Entity-SellableItem-6042402"]},"RelationshipType":"CROSSSELLPRODUCT"},{"$type":"Sitecore.Commerce.Plugin.Catalog.ImportRelationshipsArgument, Sitecore.Commerce.Plugin.Catalog","SourceId":"Entity-SellableItem-6042292","SourceEntityVersion":1,"TargetIds":{"$type":"System.Collections.Generic.List`1[[System.String, mscorlib]], mscorlib","$values":["Entity-SellableItem-6042299","Entity-SellableItem-6042417","Entity-SellableItem-6042421","Entity-SellableItem-6042422","Entity-SellableItem-6042423"]},"RelationshipType":"UPSELLPRODUCT"},{"$type":"Sitecore.Commerce.Plugin.Catalog.ImportRelationshipsArgument, Sitecore.Commerce.Plugin.Catalog","SourceId":"Entity-SellableItem-6042293","SourceEntityVersion":1,"TargetIds":{"$type":"System.Collections.Generic.List`1[[System.String, mscorlib]], mscorlib","$values":["Entity-SellableItem-6042076","Entity-SellableItem-6042283","Entity-SellableItem-6042402"]},"RelationshipType":"CROSSSELLPRODUCT"},{"$type":"Sitecore.Commerce.Plugin.Catalog.ImportRelationshipsArgument, Sitecore.Commerce.Plugin.Catalog","SourceId":"Entity-SellableItem-6042293","SourceEntityVersion":1,"TargetIds":{"$type":"System.Collections.Generic.List`1[[System.String, mscorlib]], mscorlib","$values":["Entity-SellableItem-6042299","Entity-SellableItem-6042417","Entity-SellableItem-6042421","Entity-SellableItem-6042422","Entity-SellableItem-6042423"]},"RelationshipType":"UPSELLPRODUCT"}]}