{"$type":"System.Collections.Generic.List`1[[Sitecore.Commerce.Plugin.Catalog.RelationshipArgument, Sitecore.Commerce.Plugin.Catalog]], mscorlib","$values":[{"$type":"Sitecore.Commerce.Plugin.Catalog.RelationshipArgument, Sitecore.Commerce.Plugin.Catalog","SourceName":"Entity-Category-Habitat_Master-Cameras","TargetName":"Entity-Category-Habitat_Master-Camcorders","RelationshipType":"CategoryToCategory"},{"$type":"Sitecore.Commerce.Plugin.Catalog.RelationshipArgument, Sitecore.Commerce.Plugin.Catalog","SourceName":"Entity-Category-Habitat_Master-Cameras","TargetName":"Entity-Category-Habitat_Master-Camera Accessories","RelationshipType":"CategoryToCategory"},{"$type":"Sitecore.Commerce.Plugin.Catalog.RelationshipArgument, Sitecore.Commerce.Plugin.Catalog","SourceName":"Entity-Category-Habitat_Master-Cameras","TargetName":"Entity-Category-Habitat_Master-Drones","RelationshipType":"CategoryToCategory"},{"$type":"Sitecore.Commerce.Plugin.Catalog.RelationshipArgument, Sitecore.Commerce.Plugin.Catalog","SourceName":"Entity-Category-Habitat_Master-Cameras","TargetName":"Entity-Category-Habitat_Master-DSLR","RelationshipType":"CategoryToCategory"},{"$type":"Sitecore.Commerce.Plugin.Catalog.RelationshipArgument, Sitecore.Commerce.Plugin.Catalog","SourceName":"Entity-Category-Habitat_Master-Cameras","TargetName":"Entity-Category-Habitat_Master-DSLR Bundles","RelationshipType":"CategoryToCategory"},{"$type":"Sitecore.Commerce.Plugin.Catalog.RelationshipArgument, Sitecore.Commerce.Plugin.Catalog","SourceName":"Entity-Category-Habitat_Master-Cameras","TargetName":"Entity-Category-Habitat_Master-DSLR Lenses","RelationshipType":"CategoryToCategory"},{"$type":"Sitecore.Commerce.Plugin.Catalog.RelationshipArgument, Sitecore.Commerce.Plugin.Catalog","SourceName":"Entity-Category-Habitat_Master-Cameras","TargetName":"Entity-Category-Habitat_Master-Mirrorless Bundles","RelationshipType":"CategoryToCategory"},{"$type":"Sitecore.Commerce.Plugin.Catalog.RelationshipArgument, Sitecore.Commerce.Plugin.Catalog","SourceName":"Entity-Category-Habitat_Master-Cameras","TargetName":"Entity-Category-Habitat_Master-Mirrorless Cameras","RelationshipType":"CategoryToCategory"},{"$type":"Sitecore.Commerce.Plugin.Catalog.RelationshipArgument, Sitecore.Commerce.Plugin.Catalog","SourceName":"Entity-Category-Habitat_Master-Cameras","TargetName":"Entity-Category-Habitat_Master-Point and shoot","RelationshipType":"CategoryToCategory"},{"$type":"Sitecore.Commerce.Plugin.Catalog.RelationshipArgument, Sitecore.Commerce.Plugin.Catalog","SourceName":"Entity-Category-Habitat_Master-Cameras","TargetName":"Entity-Category-Habitat_Master-Warranties and Services","RelationshipType":"CategoryToCategory"}]}