{"$type":"System.Collections.Generic.List`1[[Sitecore.Commerce.Plugin.Catalog.RelationshipArgument, Sitecore.Commerce.Plugin.Catalog]], mscorlib","$values":[{"$type":"Sitecore.Commerce.Plugin.Catalog.RelationshipArgument, Sitecore.Commerce.Plugin.Catalog","SourceName":"Entity-Category-Habitat_Master_Regional-Health  Beauty and Fitness","TargetName":"Entity-Category-Habitat_Master_Regional-Basketball Collection","RelationshipType":"CategoryToCategory"},{"$type":"Sitecore.Commerce.Plugin.Catalog.RelationshipArgument, Sitecore.Commerce.Plugin.Catalog","SourceName":"Entity-Category-Habitat_Master_Regional-Health  Beauty and Fitness","TargetName":"Entity-Category-Habitat_Master_Regional-Cycling","RelationshipType":"CategoryToCategory"},{"$type":"Sitecore.Commerce.Plugin.Catalog.RelationshipArgument, Sitecore.Commerce.Plugin.Catalog","SourceName":"Entity-Category-Habitat_Master_Regional-Health  Beauty and Fitness","TargetName":"Entity-Category-Habitat_Master_Regional-Digital Scales","RelationshipType":"CategoryToCategory"},{"$type":"Sitecore.Commerce.Plugin.Catalog.RelationshipArgument, Sitecore.Commerce.Plugin.Catalog","SourceName":"Entity-Category-Habitat_Master_Regional-Health  Beauty and Fitness","TargetName":"Entity-Category-Habitat_Master_Regional-Digital Subscriptions","RelationshipType":"CategoryToCategory"},{"$type":"Sitecore.Commerce.Plugin.Catalog.RelationshipArgument, Sitecore.Commerce.Plugin.Catalog","SourceName":"Entity-Category-Habitat_Master_Regional-Health  Beauty and Fitness","TargetName":"Entity-Category-Habitat_Master_Regional-Electric Shaver","RelationshipType":"CategoryToCategory"},{"$type":"Sitecore.Commerce.Plugin.Catalog.RelationshipArgument, Sitecore.Commerce.Plugin.Catalog","SourceName":"Entity-Category-Habitat_Master_Regional-Health  Beauty and Fitness","TargetName":"Entity-Category-Habitat_Master_Regional-Electric Tooth Brushes","RelationshipType":"CategoryToCategory"},{"$type":"Sitecore.Commerce.Plugin.Catalog.RelationshipArgument, Sitecore.Commerce.Plugin.Catalog","SourceName":"Entity-Category-Habitat_Master_Regional-Health  Beauty and Fitness","TargetName":"Entity-Category-Habitat_Master_Regional-Fitness Activity Trackers","RelationshipType":"CategoryToCategory"},{"$type":"Sitecore.Commerce.Plugin.Catalog.RelationshipArgument, Sitecore.Commerce.Plugin.Catalog","SourceName":"Entity-Category-Habitat_Master_Regional-Health  Beauty and Fitness","TargetName":"Entity-Category-Habitat_Master_Regional-Golf Collection","RelationshipType":"CategoryToCategory"},{"$type":"Sitecore.Commerce.Plugin.Catalog.RelationshipArgument, Sitecore.Commerce.Plugin.Catalog","SourceName":"Entity-Category-Habitat_Master_Regional-Health  Beauty and Fitness","TargetName":"Entity-Category-Habitat_Master_Regional-Running","RelationshipType":"CategoryToCategory"},{"$type":"Sitecore.Commerce.Plugin.Catalog.RelationshipArgument, Sitecore.Commerce.Plugin.Catalog","SourceName":"Entity-Category-Habitat_Master_Regional-Health  Beauty and Fitness","TargetName":"Entity-Category-Habitat_Master_Regional-Smart Sports Equipment","RelationshipType":"CategoryToCategory"},{"$type":"Sitecore.Commerce.Plugin.Catalog.RelationshipArgument, Sitecore.Commerce.Plugin.Catalog","SourceName":"Entity-Category-Habitat_Master_Regional-Health  Beauty and Fitness","TargetName":"Entity-Category-Habitat_Master_Regional-Women s Shavers","RelationshipType":"CategoryToCategory"}]}