{"$type":"System.Collections.Generic.List`1[[Sitecore.Commerce.Plugin.Catalog.RelationshipArgument, Sitecore.Commerce.Plugin.Catalog]], mscorlib","$values":[{"$type":"Sitecore.Commerce.Plugin.Catalog.RelationshipArgument, Sitecore.Commerce.Plugin.Catalog","SourceName":"Entity-SellableItem-28208","TargetName":"Entity-Category-Habitat_Master_Regional-FeaturedProducts","RelationshipType":"UpSellCategory"},{"$type":"Sitecore.Commerce.Plugin.Catalog.RelationshipArgument, Sitecore.Commerce.Plugin.Catalog","SourceName":"Entity-SellableItem-28208","TargetName":"Entity-Category-Habitat_Master-FeaturedProducts","RelationshipType":"UpSellCategory"}]}