{"$type":"System.Collections.Generic.List`1[[Sitecore.Commerce.Plugin.Catalog.RelationshipArgument, Sitecore.Commerce.Plugin.Catalog]], mscorlib","$values":[{"$type":"Sitecore.Commerce.Plugin.Catalog.RelationshipArgument, Sitecore.Commerce.Plugin.Catalog","SourceName":"Entity-SellableItem-6042059","TargetName":"Entity-SellableItem-6001005","RelationshipType":"SellableItemToBundle"},{"$type":"Sitecore.Commerce.Plugin.Catalog.RelationshipArgument, Sitecore.Commerce.Plugin.Catalog","SourceName":"Entity-SellableItem-6042059","TargetName":"Entity-SellableItem-6001007","RelationshipType":"SellableItemToBundle"}]}