{"$type":"System.Collections.Generic.List`1[[Sitecore.Commerce.Plugin.Inventory.InventorySet, Sitecore.Commerce.Plugin.Inventory]], mscorlib","$values":[{"$type":"Sitecore.Commerce.Plugin.Inventory.InventorySet, Sitecore.Commerce.Plugin.Inventory","Description":"Edmonton Store","Components":{"$type":"System.Collections.Generic.List`1[[Sitecore.Commerce.Core.Component, Sitecore.Commerce.Core]], mscorlib","$values":[{"$type":"Sitecore.HabitatHome.Feature.NearestStore.Engine.Components.StoreDetailsComponent, Sitecore.HabitatHome.Feature.NearestStore.Engine","StoreName":"Edmonton Store","Address":"11285 274 Street","City":"Edmonton","State":"Alberta","StateCode":"AB","ZipCode":"T7X 6P9","CountryCode":"CA","Long":"-113.7748093","Lat":"53.5559564","Id":"351e89f2cec349f6855ea25302072a69"}]},"DateCreated":"2019-09-19T19:18:02.7425247+00:00","DateUpdated":"2019-09-19T19:18:02.7475591+00:00","DisplayName":"Edmonton Store","FriendlyId":"EdmontonStore","Id":"Entity-InventorySet-EdmontonStore","Version":1,"EntityVersion":1,"Published":true,"IsPersisted":true,"Name":"EdmontonStore","UniqueId":"094bd5fb-dfa2-e4b6-61c5-24280259d4d2"},{"$type":"Sitecore.Commerce.Plugin.Inventory.InventorySet, Sitecore.Commerce.Plugin.Inventory","Description":"Inventory Catalog for Habitat_Master","DateCreated":"2019-05-16T14:09:35.5328714+00:00","DateUpdated":"2019-09-19T18:53:20.3314501+00:00","DisplayName":"Habitat_Inventory","FriendlyId":"Habitat_Inventory","Id":"Entity-InventorySet-Habitat_Inventory","Version":1,"EntityVersion":1,"Published":true,"IsPersisted":true,"Name":"Habitat_Inventory","UniqueId":"50ac9a73-8e7c-acc3-839b-887fbc9130c9"},{"$type":"Sitecore.Commerce.Plugin.Inventory.InventorySet, Sitecore.Commerce.Plugin.Inventory","Description":"Ottawa Store","Components":{"$type":"System.Collections.Generic.List`1[[Sitecore.Commerce.Core.Component, Sitecore.Commerce.Core]], mscorlib","$values":[{"$type":"Sitecore.HabitatHome.Feature.NearestStore.Engine.Components.StoreDetailsComponent, Sitecore.HabitatHome.Feature.NearestStore.Engine","StoreName":"Ottawa Store","Address":"4321 Wellington St.","City":"Ottawa","State":"Ontario","StateCode":"ON","ZipCode":"K1A 04A","CountryCode":"CA","Long":"-75.699234","Lat":"45.424807","Id":"69b477fcb73d4c0a8f9f58cdef6bed0f"}]},"DateCreated":"2019-09-19T19:18:02.7855248+00:00","DateUpdated":"2019-09-19T19:18:02.7885257+00:00","DisplayName":"Ottawa Store","FriendlyId":"OttawaStore","Id":"Entity-InventorySet-OttawaStore","Version":1,"EntityVersion":1,"Published":true,"IsPersisted":true,"Name":"OttawaStore","UniqueId":"acbbd00a-c479-aa4e-9a47-f49825dd228b"}]}