{"$type":"System.Collections.Generic.List`1[[Sitecore.Commerce.Plugin.Inventory.InventoryInformation, Sitecore.Commerce.Plugin.Inventory]], mscorlib","$values":[{"$type":"Sitecore.Commerce.Plugin.Inventory.InventoryInformation, Sitecore.Commerce.Plugin.Inventory","InventorySet":{"$type":"Sitecore.Commerce.Core.EntityReference, Sitecore.Commerce.Core","Name":"","EntityTarget":"Entity-InventorySet-Habitat_Inventory","Policies":{"$type":"System.Collections.Generic.List`1[[Sitecore.Commerce.Core.Policy, Sitecore.Commerce.Core]], mscorlib","$values":[]}},"SellableItem":{"$type":"Sitecore.Commerce.Core.EntityReference, Sitecore.Commerce.Core","Name":"","EntityTarget":"Entity-SellableItem-7042146","Policies":{"$type":"System.Collections.Generic.List`1[[Sitecore.Commerce.Core.Policy, Sitecore.Commerce.Core]], mscorlib","$values":[]}},"VariationId":"57042146","Quantity":10000,"InvoiceUnitPrice":{"$type":"Sitecore.Commerce.Core.Money, Sitecore.Commerce.Core","CurrencyCode":"USD","Amount":0.0},"Components":{"$type":"System.Collections.Generic.List`1[[Sitecore.Commerce.Core.Component, Sitecore.Commerce.Core]], mscorlib","$values":[{"$type":"Sitecore.Commerce.Plugin.ManagedLists.ListMembershipsComponent, Sitecore.Commerce.Plugin.ManagedLists","Memberships":{"$type":"System.Collections.Generic.List`1[[System.String, mscorlib]], mscorlib","$values":["InventoryInformations"]},"Id":"33eb8baa11694e69a8c6b21044433a8b","Name":"","Comments":"","Policies":{"$type":"System.Collections.Generic.List`1[[Sitecore.Commerce.Core.Policy, Sitecore.Commerce.Core]], mscorlib","$values":[]},"ChildComponents":{"$type":"System.Collections.Generic.List`1[[Sitecore.Commerce.Core.Component, Sitecore.Commerce.Core]], mscorlib","$values":[]}}]},"DateCreated":"2018-01-11T18:47:15.1771928+00:00","DateUpdated":"2018-08-09T18:56:11.5354221+00:00","DisplayName":"","FriendlyId":"Habitat_Inventory-7042146-57042146","Id":"Entity-InventoryInformation-Habitat_Inventory-7042146-57042146","Version":1,"EntityVersion":1,"Published":true,"IsPersisted":true,"Name":"","Policies":{"$type":"System.Collections.Generic.List`1[[Sitecore.Commerce.Core.Policy, Sitecore.Commerce.Core]], mscorlib","$values":[]}},{"$type":"Sitecore.Commerce.Plugin.Inventory.InventoryInformation, Sitecore.Commerce.Plugin.Inventory","InventorySet":{"$type":"Sitecore.Commerce.Core.EntityReference, Sitecore.Commerce.Core","Name":"","EntityTarget":"Entity-InventorySet-Habitat_Inventory","Policies":{"$type":"System.Collections.Generic.List`1[[Sitecore.Commerce.Core.Policy, Sitecore.Commerce.Core]], mscorlib","$values":[]}},"SellableItem":{"$type":"Sitecore.Commerce.Core.EntityReference, Sitecore.Commerce.Core","Name":"","EntityTarget":"Entity-SellableItem-7042147","Policies":{"$type":"System.Collections.Generic.List`1[[Sitecore.Commerce.Core.Policy, Sitecore.Commerce.Core]], mscorlib","$values":[]}},"VariationId":"57042147","Quantity":10000,"InvoiceUnitPrice":{"$type":"Sitecore.Commerce.Core.Money, Sitecore.Commerce.Core","CurrencyCode":"USD","Amount":0.0},"Components":{"$type":"System.Collections.Generic.List`1[[Sitecore.Commerce.Core.Component, Sitecore.Commerce.Core]], mscorlib","$values":[{"$type":"Sitecore.Commerce.Plugin.ManagedLists.ListMembershipsComponent, Sitecore.Commerce.Plugin.ManagedLists","Memberships":{"$type":"System.Collections.Generic.List`1[[System.String, mscorlib]], mscorlib","$values":["InventoryInformations"]},"Id":"7d7cb574ba8542cb88e940ea45794734","Name":"","Comments":"","Policies":{"$type":"System.Collections.Generic.List`1[[Sitecore.Commerce.Core.Policy, Sitecore.Commerce.Core]], mscorlib","$values":[]},"ChildComponents":{"$type":"System.Collections.Generic.List`1[[Sitecore.Commerce.Core.Component, Sitecore.Commerce.Core]], mscorlib","$values":[]}}]},"DateCreated":"2018-01-11T18:47:15.1961935+00:00","DateUpdated":"2018-08-09T18:56:11.5354221+00:00","DisplayName":"","FriendlyId":"Habitat_Inventory-7042147-57042147","Id":"Entity-InventoryInformation-Habitat_Inventory-7042147-57042147","Version":1,"EntityVersion":1,"Published":true,"IsPersisted":true,"Name":"","Policies":{"$type":"System.Collections.Generic.List`1[[Sitecore.Commerce.Core.Policy, Sitecore.Commerce.Core]], mscorlib","$values":[]}},{"$type":"Sitecore.Commerce.Plugin.Inventory.InventoryInformation, Sitecore.Commerce.Plugin.Inventory","InventorySet":{"$type":"Sitecore.Commerce.Core.EntityReference, Sitecore.Commerce.Core","Name":"","EntityTarget":"Entity-InventorySet-Habitat_Inventory","Policies":{"$type":"System.Collections.Generic.List`1[[Sitecore.Commerce.Core.Policy, Sitecore.Commerce.Core]], mscorlib","$values":[]}},"SellableItem":{"$type":"Sitecore.Commerce.Core.EntityReference, Sitecore.Commerce.Core","Name":"","EntityTarget":"Entity-SellableItem-7042148","Policies":{"$type":"System.Collections.Generic.List`1[[Sitecore.Commerce.Core.Policy, Sitecore.Commerce.Core]], mscorlib","$values":[]}},"VariationId":"57042148","Quantity":10000,"InvoiceUnitPrice":{"$type":"Sitecore.Commerce.Core.Money, Sitecore.Commerce.Core","CurrencyCode":"USD","Amount":0.0},"Components":{"$type":"System.Collections.Generic.List`1[[Sitecore.Commerce.Core.Component, Sitecore.Commerce.Core]], mscorlib","$values":[{"$type":"Sitecore.Commerce.Plugin.ManagedLists.ListMembershipsComponent, Sitecore.Commerce.Plugin.ManagedLists","Memberships":{"$type":"System.Collections.Generic.List`1[[System.String, mscorlib]], mscorlib","$values":["InventoryInformations"]},"Id":"c99a9b1c4adc4b3fa694a771c31e56f8","Name":"","Comments":"","Policies":{"$type":"System.Collections.Generic.List`1[[Sitecore.Commerce.Core.Policy, Sitecore.Commerce.Core]], mscorlib","$values":[]},"ChildComponents":{"$type":"System.Collections.Generic.List`1[[Sitecore.Commerce.Core.Component, Sitecore.Commerce.Core]], mscorlib","$values":[]}}]},"DateCreated":"2018-01-11T18:47:15.2151958+00:00","DateUpdated":"2018-08-09T18:56:11.5354221+00:00","DisplayName":"","FriendlyId":"Habitat_Inventory-7042148-57042148","Id":"Entity-InventoryInformation-Habitat_Inventory-7042148-57042148","Version":1,"EntityVersion":1,"Published":true,"IsPersisted":true,"Name":"","Policies":{"$type":"System.Collections.Generic.List`1[[Sitecore.Commerce.Core.Policy, Sitecore.Commerce.Core]], mscorlib","$values":[]}},{"$type":"Sitecore.Commerce.Plugin.Inventory.InventoryInformation, Sitecore.Commerce.Plugin.Inventory","InventorySet":{"$type":"Sitecore.Commerce.Core.EntityReference, Sitecore.Commerce.Core","Name":"","EntityTarget":"Entity-InventorySet-Habitat_Inventory","Policies":{"$type":"System.Collections.Generic.List`1[[Sitecore.Commerce.Core.Policy, Sitecore.Commerce.Core]], mscorlib","$values":[]}},"SellableItem":{"$type":"Sitecore.Commerce.Core.EntityReference, Sitecore.Commerce.Core","Name":"","EntityTarget":"Entity-SellableItem-7042149","Policies":{"$type":"System.Collections.Generic.List`1[[Sitecore.Commerce.Core.Policy, Sitecore.Commerce.Core]], mscorlib","$values":[]}},"VariationId":"57042149","Quantity":10000,"InvoiceUnitPrice":{"$type":"Sitecore.Commerce.Core.Money, Sitecore.Commerce.Core","CurrencyCode":"USD","Amount":0.0},"Components":{"$type":"System.Collections.Generic.List`1[[Sitecore.Commerce.Core.Component, Sitecore.Commerce.Core]], mscorlib","$values":[{"$type":"Sitecore.Commerce.Plugin.ManagedLists.ListMembershipsComponent, Sitecore.Commerce.Plugin.ManagedLists","Memberships":{"$type":"System.Collections.Generic.List`1[[System.String, mscorlib]], mscorlib","$values":["InventoryInformations"]},"Id":"35b7c2e74df348c181467e427cdec46c","Name":"","Comments":"","Policies":{"$type":"System.Collections.Generic.List`1[[Sitecore.Commerce.Core.Policy, Sitecore.Commerce.Core]], mscorlib","$values":[]},"ChildComponents":{"$type":"System.Collections.Generic.List`1[[Sitecore.Commerce.Core.Component, Sitecore.Commerce.Core]], mscorlib","$values":[]}}]},"DateCreated":"2018-01-11T18:47:15.2341982+00:00","DateUpdated":"2018-08-09T18:56:11.5354221+00:00","DisplayName":"","FriendlyId":"Habitat_Inventory-7042149-57042149","Id":"Entity-InventoryInformation-Habitat_Inventory-7042149-57042149","Version":1,"EntityVersion":1,"Published":true,"IsPersisted":true,"Name":"","Policies":{"$type":"System.Collections.Generic.List`1[[Sitecore.Commerce.Core.Policy, Sitecore.Commerce.Core]], mscorlib","$values":[]}},{"$type":"Sitecore.Commerce.Plugin.Inventory.InventoryInformation, Sitecore.Commerce.Plugin.Inventory","InventorySet":{"$type":"Sitecore.Commerce.Core.EntityReference, Sitecore.Commerce.Core","Name":"","EntityTarget":"Entity-InventorySet-Habitat_Inventory","Policies":{"$type":"System.Collections.Generic.List`1[[Sitecore.Commerce.Core.Policy, Sitecore.Commerce.Core]], mscorlib","$values":[]}},"SellableItem":{"$type":"Sitecore.Commerce.Core.EntityReference, Sitecore.Commerce.Core","Name":"","EntityTarget":"Entity-SellableItem-7042150","Policies":{"$type":"System.Collections.Generic.List`1[[Sitecore.Commerce.Core.Policy, Sitecore.Commerce.Core]], mscorlib","$values":[]}},"VariationId":"57042150","Quantity":10000,"InvoiceUnitPrice":{"$type":"Sitecore.Commerce.Core.Money, Sitecore.Commerce.Core","CurrencyCode":"USD","Amount":0.0},"Components":{"$type":"System.Collections.Generic.List`1[[Sitecore.Commerce.Core.Component, Sitecore.Commerce.Core]], mscorlib","$values":[{"$type":"Sitecore.Commerce.Plugin.ManagedLists.ListMembershipsComponent, Sitecore.Commerce.Plugin.ManagedLists","Memberships":{"$type":"System.Collections.Generic.List`1[[System.String, mscorlib]], mscorlib","$values":["InventoryInformations"]},"Id":"227c850a6c52483cab7d58a3c58f60bf","Name":"","Comments":"","Policies":{"$type":"System.Collections.Generic.List`1[[Sitecore.Commerce.Core.Policy, Sitecore.Commerce.Core]], mscorlib","$values":[]},"ChildComponents":{"$type":"System.Collections.Generic.List`1[[Sitecore.Commerce.Core.Component, Sitecore.Commerce.Core]], mscorlib","$values":[]}}]},"DateCreated":"2018-01-11T18:47:15.2541976+00:00","DateUpdated":"2018-08-09T18:56:11.5509567+00:00","DisplayName":"","FriendlyId":"Habitat_Inventory-7042150-57042150","Id":"Entity-InventoryInformation-Habitat_Inventory-7042150-57042150","Version":1,"EntityVersion":1,"Published":true,"IsPersisted":true,"Name":"","Policies":{"$type":"System.Collections.Generic.List`1[[Sitecore.Commerce.Core.Policy, Sitecore.Commerce.Core]], mscorlib","$values":[]}},{"$type":"Sitecore.Commerce.Plugin.Inventory.InventoryInformation, Sitecore.Commerce.Plugin.Inventory","InventorySet":{"$type":"Sitecore.Commerce.Core.EntityReference, Sitecore.Commerce.Core","Name":"","EntityTarget":"Entity-InventorySet-Habitat_Inventory","Policies":{"$type":"System.Collections.Generic.List`1[[Sitecore.Commerce.Core.Policy, Sitecore.Commerce.Core]], mscorlib","$values":[]}},"SellableItem":{"$type":"Sitecore.Commerce.Core.EntityReference, Sitecore.Commerce.Core","Name":"","EntityTarget":"Entity-SellableItem-7042151","Policies":{"$type":"System.Collections.Generic.List`1[[Sitecore.Commerce.Core.Policy, Sitecore.Commerce.Core]], mscorlib","$values":[]}},"VariationId":"57042151","Quantity":10000,"InvoiceUnitPrice":{"$type":"Sitecore.Commerce.Core.Money, Sitecore.Commerce.Core","CurrencyCode":"USD","Amount":0.0},"Components":{"$type":"System.Collections.Generic.List`1[[Sitecore.Commerce.Core.Component, Sitecore.Commerce.Core]], mscorlib","$values":[{"$type":"Sitecore.Commerce.Plugin.ManagedLists.ListMembershipsComponent, Sitecore.Commerce.Plugin.ManagedLists","Memberships":{"$type":"System.Collections.Generic.List`1[[System.String, mscorlib]], mscorlib","$values":["InventoryInformations"]},"Id":"01add417df994c52aa352a7d32f524ec","Name":"","Comments":"","Policies":{"$type":"System.Collections.Generic.List`1[[Sitecore.Commerce.Core.Policy, Sitecore.Commerce.Core]], mscorlib","$values":[]},"ChildComponents":{"$type":"System.Collections.Generic.List`1[[Sitecore.Commerce.Core.Component, Sitecore.Commerce.Core]], mscorlib","$values":[]}}]},"DateCreated":"2018-01-11T18:47:15.2741958+00:00","DateUpdated":"2018-08-09T18:56:11.5509567+00:00","DisplayName":"","FriendlyId":"Habitat_Inventory-7042151-57042151","Id":"Entity-InventoryInformation-Habitat_Inventory-7042151-57042151","Version":1,"EntityVersion":1,"Published":true,"IsPersisted":true,"Name":"","Policies":{"$type":"System.Collections.Generic.List`1[[Sitecore.Commerce.Core.Policy, Sitecore.Commerce.Core]], mscorlib","$values":[]}},{"$type":"Sitecore.Commerce.Plugin.Inventory.InventoryInformation, Sitecore.Commerce.Plugin.Inventory","InventorySet":{"$type":"Sitecore.Commerce.Core.EntityReference, Sitecore.Commerce.Core","Name":"","EntityTarget":"Entity-InventorySet-Habitat_Inventory","Policies":{"$type":"System.Collections.Generic.List`1[[Sitecore.Commerce.Core.Policy, Sitecore.Commerce.Core]], mscorlib","$values":[]}},"SellableItem":{"$type":"Sitecore.Commerce.Core.EntityReference, Sitecore.Commerce.Core","Name":"","EntityTarget":"Entity-SellableItem-7042152","Policies":{"$type":"System.Collections.Generic.List`1[[Sitecore.Commerce.Core.Policy, Sitecore.Commerce.Core]], mscorlib","$values":[]}},"VariationId":"57042152","Quantity":10000,"InvoiceUnitPrice":{"$type":"Sitecore.Commerce.Core.Money, Sitecore.Commerce.Core","CurrencyCode":"USD","Amount":0.0},"Components":{"$type":"System.Collections.Generic.List`1[[Sitecore.Commerce.Core.Component, Sitecore.Commerce.Core]], mscorlib","$values":[{"$type":"Sitecore.Commerce.Plugin.ManagedLists.ListMembershipsComponent, Sitecore.Commerce.Plugin.ManagedLists","Memberships":{"$type":"System.Collections.Generic.List`1[[System.String, mscorlib]], mscorlib","$values":["InventoryInformations"]},"Id":"6833efcadda44e08a593e59343a6b432","Name":"","Comments":"","Policies":{"$type":"System.Collections.Generic.List`1[[Sitecore.Commerce.Core.Policy, Sitecore.Commerce.Core]], mscorlib","$values":[]},"ChildComponents":{"$type":"System.Collections.Generic.List`1[[Sitecore.Commerce.Core.Component, Sitecore.Commerce.Core]], mscorlib","$values":[]}}]},"DateCreated":"2018-01-11T18:47:15.2972016+00:00","DateUpdated":"2018-08-09T18:56:11.5509567+00:00","DisplayName":"","FriendlyId":"Habitat_Inventory-7042152-57042152","Id":"Entity-InventoryInformation-Habitat_Inventory-7042152-57042152","Version":1,"EntityVersion":1,"Published":true,"IsPersisted":true,"Name":"","Policies":{"$type":"System.Collections.Generic.List`1[[Sitecore.Commerce.Core.Policy, Sitecore.Commerce.Core]], mscorlib","$values":[]}},{"$type":"Sitecore.Commerce.Plugin.Inventory.InventoryInformation, Sitecore.Commerce.Plugin.Inventory","InventorySet":{"$type":"Sitecore.Commerce.Core.EntityReference, Sitecore.Commerce.Core","Name":"","EntityTarget":"Entity-InventorySet-Habitat_Inventory","Policies":{"$type":"System.Collections.Generic.List`1[[Sitecore.Commerce.Core.Policy, Sitecore.Commerce.Core]], mscorlib","$values":[]}},"SellableItem":{"$type":"Sitecore.Commerce.Core.EntityReference, Sitecore.Commerce.Core","Name":"","EntityTarget":"Entity-SellableItem-7042153","Policies":{"$type":"System.Collections.Generic.List`1[[Sitecore.Commerce.Core.Policy, Sitecore.Commerce.Core]], mscorlib","$values":[]}},"VariationId":"57042153","Quantity":10000,"InvoiceUnitPrice":{"$type":"Sitecore.Commerce.Core.Money, Sitecore.Commerce.Core","CurrencyCode":"USD","Amount":0.0},"Components":{"$type":"System.Collections.Generic.List`1[[Sitecore.Commerce.Core.Component, Sitecore.Commerce.Core]], mscorlib","$values":[{"$type":"Sitecore.Commerce.Plugin.ManagedLists.ListMembershipsComponent, Sitecore.Commerce.Plugin.ManagedLists","Memberships":{"$type":"System.Collections.Generic.List`1[[System.String, mscorlib]], mscorlib","$values":["InventoryInformations"]},"Id":"b96c1cd9b2fd4e4696c3af92a04925b0","Name":"","Comments":"","Policies":{"$type":"System.Collections.Generic.List`1[[Sitecore.Commerce.Core.Policy, Sitecore.Commerce.Core]], mscorlib","$values":[]},"ChildComponents":{"$type":"System.Collections.Generic.List`1[[Sitecore.Commerce.Core.Component, Sitecore.Commerce.Core]], mscorlib","$values":[]}}]},"DateCreated":"2018-01-11T18:47:15.3252001+00:00","DateUpdated":"2018-08-09T18:56:11.5509567+00:00","DisplayName":"","FriendlyId":"Habitat_Inventory-7042153-57042153","Id":"Entity-InventoryInformation-Habitat_Inventory-7042153-57042153","Version":1,"EntityVersion":1,"Published":true,"IsPersisted":true,"Name":"","Policies":{"$type":"System.Collections.Generic.List`1[[Sitecore.Commerce.Core.Policy, Sitecore.Commerce.Core]], mscorlib","$values":[]}},{"$type":"Sitecore.Commerce.Plugin.Inventory.InventoryInformation, Sitecore.Commerce.Plugin.Inventory","InventorySet":{"$type":"Sitecore.Commerce.Core.EntityReference, Sitecore.Commerce.Core","Name":"","EntityTarget":"Entity-InventorySet-Habitat_Inventory","Policies":{"$type":"System.Collections.Generic.List`1[[Sitecore.Commerce.Core.Policy, Sitecore.Commerce.Core]], mscorlib","$values":[]}},"SellableItem":{"$type":"Sitecore.Commerce.Core.EntityReference, Sitecore.Commerce.Core","Name":"","EntityTarget":"Entity-SellableItem-7042154","Policies":{"$type":"System.Collections.Generic.List`1[[Sitecore.Commerce.Core.Policy, Sitecore.Commerce.Core]], mscorlib","$values":[]}},"VariationId":"57042154","Quantity":10000,"InvoiceUnitPrice":{"$type":"Sitecore.Commerce.Core.Money, Sitecore.Commerce.Core","CurrencyCode":"USD","Amount":0.0},"Components":{"$type":"System.Collections.Generic.List`1[[Sitecore.Commerce.Core.Component, Sitecore.Commerce.Core]], mscorlib","$values":[{"$type":"Sitecore.Commerce.Plugin.ManagedLists.ListMembershipsComponent, Sitecore.Commerce.Plugin.ManagedLists","Memberships":{"$type":"System.Collections.Generic.List`1[[System.String, mscorlib]], mscorlib","$values":["InventoryInformations"]},"Id":"564d13c1dc7d44c0a63fa41384c01399","Name":"","Comments":"","Policies":{"$type":"System.Collections.Generic.List`1[[Sitecore.Commerce.Core.Policy, Sitecore.Commerce.Core]], mscorlib","$values":[]},"ChildComponents":{"$type":"System.Collections.Generic.List`1[[Sitecore.Commerce.Core.Component, Sitecore.Commerce.Core]], mscorlib","$values":[]}}]},"DateCreated":"2018-01-11T18:47:15.3442012+00:00","DateUpdated":"2018-08-09T18:56:11.5509567+00:00","DisplayName":"","FriendlyId":"Habitat_Inventory-7042154-57042154","Id":"Entity-InventoryInformation-Habitat_Inventory-7042154-57042154","Version":1,"EntityVersion":1,"Published":true,"IsPersisted":true,"Name":"","Policies":{"$type":"System.Collections.Generic.List`1[[Sitecore.Commerce.Core.Policy, Sitecore.Commerce.Core]], mscorlib","$values":[]}},{"$type":"Sitecore.Commerce.Plugin.Inventory.InventoryInformation, Sitecore.Commerce.Plugin.Inventory","InventorySet":{"$type":"Sitecore.Commerce.Core.EntityReference, Sitecore.Commerce.Core","Name":"","EntityTarget":"Entity-InventorySet-Habitat_Inventory","Policies":{"$type":"System.Collections.Generic.List`1[[Sitecore.Commerce.Core.Policy, Sitecore.Commerce.Core]], mscorlib","$values":[]}},"SellableItem":{"$type":"Sitecore.Commerce.Core.EntityReference, Sitecore.Commerce.Core","Name":"","EntityTarget":"Entity-SellableItem-7042155","Policies":{"$type":"System.Collections.Generic.List`1[[Sitecore.Commerce.Core.Policy, Sitecore.Commerce.Core]], mscorlib","$values":[]}},"VariationId":"57042155","Quantity":10000,"InvoiceUnitPrice":{"$type":"Sitecore.Commerce.Core.Money, Sitecore.Commerce.Core","CurrencyCode":"USD","Amount":0.0},"Components":{"$type":"System.Collections.Generic.List`1[[Sitecore.Commerce.Core.Component, Sitecore.Commerce.Core]], mscorlib","$values":[{"$type":"Sitecore.Commerce.Plugin.ManagedLists.ListMembershipsComponent, Sitecore.Commerce.Plugin.ManagedLists","Memberships":{"$type":"System.Collections.Generic.List`1[[System.String, mscorlib]], mscorlib","$values":["InventoryInformations"]},"Id":"f2fbb54e9cbb424d8dc3888ae2adcdb7","Name":"","Comments":"","Policies":{"$type":"System.Collections.Generic.List`1[[Sitecore.Commerce.Core.Policy, Sitecore.Commerce.Core]], mscorlib","$values":[]},"ChildComponents":{"$type":"System.Collections.Generic.List`1[[Sitecore.Commerce.Core.Component, Sitecore.Commerce.Core]], mscorlib","$values":[]}}]},"DateCreated":"2018-01-11T18:47:15.3642049+00:00","DateUpdated":"2018-08-09T18:56:11.5509567+00:00","DisplayName":"","FriendlyId":"Habitat_Inventory-7042155-57042155","Id":"Entity-InventoryInformation-Habitat_Inventory-7042155-57042155","Version":1,"EntityVersion":1,"Published":true,"IsPersisted":true,"Name":"","Policies":{"$type":"System.Collections.Generic.List`1[[Sitecore.Commerce.Core.Policy, Sitecore.Commerce.Core]], mscorlib","$values":[]}},{"$type":"Sitecore.Commerce.Plugin.Inventory.InventoryInformation, Sitecore.Commerce.Plugin.Inventory","InventorySet":{"$type":"Sitecore.Commerce.Core.EntityReference, Sitecore.Commerce.Core","Name":"","EntityTarget":"Entity-InventorySet-Habitat_Inventory","Policies":{"$type":"System.Collections.Generic.List`1[[Sitecore.Commerce.Core.Policy, Sitecore.Commerce.Core]], mscorlib","$values":[]}},"SellableItem":{"$type":"Sitecore.Commerce.Core.EntityReference, Sitecore.Commerce.Core","Name":"","EntityTarget":"Entity-SellableItem-7042156","Policies":{"$type":"System.Collections.Generic.List`1[[Sitecore.Commerce.Core.Policy, Sitecore.Commerce.Core]], mscorlib","$values":[]}},"VariationId":"57042156","Quantity":10000,"InvoiceUnitPrice":{"$type":"Sitecore.Commerce.Core.Money, Sitecore.Commerce.Core","CurrencyCode":"USD","Amount":0.0},"Components":{"$type":"System.Collections.Generic.List`1[[Sitecore.Commerce.Core.Component, Sitecore.Commerce.Core]], mscorlib","$values":[{"$type":"Sitecore.Commerce.Plugin.ManagedLists.ListMembershipsComponent, Sitecore.Commerce.Plugin.ManagedLists","Memberships":{"$type":"System.Collections.Generic.List`1[[System.String, mscorlib]], mscorlib","$values":["InventoryInformations"]},"Id":"f922278406ba4813844179095ad90f4f","Name":"","Comments":"","Policies":{"$type":"System.Collections.Generic.List`1[[Sitecore.Commerce.Core.Policy, Sitecore.Commerce.Core]], mscorlib","$values":[]},"ChildComponents":{"$type":"System.Collections.Generic.List`1[[Sitecore.Commerce.Core.Component, Sitecore.Commerce.Core]], mscorlib","$values":[]}}]},"DateCreated":"2018-01-11T18:47:15.3852036+00:00","DateUpdated":"2018-08-09T18:56:11.5978174+00:00","DisplayName":"","FriendlyId":"Habitat_Inventory-7042156-57042156","Id":"Entity-InventoryInformation-Habitat_Inventory-7042156-57042156","Version":1,"EntityVersion":1,"Published":true,"IsPersisted":true,"Name":"","Policies":{"$type":"System.Collections.Generic.List`1[[Sitecore.Commerce.Core.Policy, Sitecore.Commerce.Core]], mscorlib","$values":[]}},{"$type":"Sitecore.Commerce.Plugin.Inventory.InventoryInformation, Sitecore.Commerce.Plugin.Inventory","InventorySet":{"$type":"Sitecore.Commerce.Core.EntityReference, Sitecore.Commerce.Core","Name":"","EntityTarget":"Entity-InventorySet-Habitat_Inventory","Policies":{"$type":"System.Collections.Generic.List`1[[Sitecore.Commerce.Core.Policy, Sitecore.Commerce.Core]], mscorlib","$values":[]}},"SellableItem":{"$type":"Sitecore.Commerce.Core.EntityReference, Sitecore.Commerce.Core","Name":"","EntityTarget":"Entity-SellableItem-7042157","Policies":{"$type":"System.Collections.Generic.List`1[[Sitecore.Commerce.Core.Policy, Sitecore.Commerce.Core]], mscorlib","$values":[]}},"VariationId":"57042157","Quantity":10000,"InvoiceUnitPrice":{"$type":"Sitecore.Commerce.Core.Money, Sitecore.Commerce.Core","CurrencyCode":"USD","Amount":0.0},"Components":{"$type":"System.Collections.Generic.List`1[[Sitecore.Commerce.Core.Component, Sitecore.Commerce.Core]], mscorlib","$values":[{"$type":"Sitecore.Commerce.Plugin.ManagedLists.ListMembershipsComponent, Sitecore.Commerce.Plugin.ManagedLists","Memberships":{"$type":"System.Collections.Generic.List`1[[System.String, mscorlib]], mscorlib","$values":["InventoryInformations"]},"Id":"a0887b75e6d146a7bc0d56f7f86d680e","Name":"","Comments":"","Policies":{"$type":"System.Collections.Generic.List`1[[Sitecore.Commerce.Core.Policy, Sitecore.Commerce.Core]], mscorlib","$values":[]},"ChildComponents":{"$type":"System.Collections.Generic.List`1[[Sitecore.Commerce.Core.Component, Sitecore.Commerce.Core]], mscorlib","$values":[]}}]},"DateCreated":"2018-01-11T18:47:15.4042034+00:00","DateUpdated":"2018-08-09T18:56:11.5978174+00:00","DisplayName":"","FriendlyId":"Habitat_Inventory-7042157-57042157","Id":"Entity-InventoryInformation-Habitat_Inventory-7042157-57042157","Version":1,"EntityVersion":1,"Published":true,"IsPersisted":true,"Name":"","Policies":{"$type":"System.Collections.Generic.List`1[[Sitecore.Commerce.Core.Policy, Sitecore.Commerce.Core]], mscorlib","$values":[]}},{"$type":"Sitecore.Commerce.Plugin.Inventory.InventoryInformation, Sitecore.Commerce.Plugin.Inventory","InventorySet":{"$type":"Sitecore.Commerce.Core.EntityReference, Sitecore.Commerce.Core","Name":"","EntityTarget":"Entity-InventorySet-Habitat_Inventory","Policies":{"$type":"System.Collections.Generic.List`1[[Sitecore.Commerce.Core.Policy, Sitecore.Commerce.Core]], mscorlib","$values":[]}},"SellableItem":{"$type":"Sitecore.Commerce.Core.EntityReference, Sitecore.Commerce.Core","Name":"","EntityTarget":"Entity-SellableItem-7042158","Policies":{"$type":"System.Collections.Generic.List`1[[Sitecore.Commerce.Core.Policy, Sitecore.Commerce.Core]], mscorlib","$values":[]}},"VariationId":"57042158","Quantity":10000,"InvoiceUnitPrice":{"$type":"Sitecore.Commerce.Core.Money, Sitecore.Commerce.Core","CurrencyCode":"USD","Amount":0.0},"Components":{"$type":"System.Collections.Generic.List`1[[Sitecore.Commerce.Core.Component, Sitecore.Commerce.Core]], mscorlib","$values":[{"$type":"Sitecore.Commerce.Plugin.ManagedLists.ListMembershipsComponent, Sitecore.Commerce.Plugin.ManagedLists","Memberships":{"$type":"System.Collections.Generic.List`1[[System.String, mscorlib]], mscorlib","$values":["InventoryInformations"]},"Id":"939bbe356d0547c286f4ea3a19fe8933","Name":"","Comments":"","Policies":{"$type":"System.Collections.Generic.List`1[[Sitecore.Commerce.Core.Policy, Sitecore.Commerce.Core]], mscorlib","$values":[]},"ChildComponents":{"$type":"System.Collections.Generic.List`1[[Sitecore.Commerce.Core.Component, Sitecore.Commerce.Core]], mscorlib","$values":[]}}]},"DateCreated":"2018-01-11T18:47:15.4232036+00:00","DateUpdated":"2018-08-09T18:56:11.5978174+00:00","DisplayName":"","FriendlyId":"Habitat_Inventory-7042158-57042158","Id":"Entity-InventoryInformation-Habitat_Inventory-7042158-57042158","Version":1,"EntityVersion":1,"Published":true,"IsPersisted":true,"Name":"","Policies":{"$type":"System.Collections.Generic.List`1[[Sitecore.Commerce.Core.Policy, Sitecore.Commerce.Core]], mscorlib","$values":[]}},{"$type":"Sitecore.Commerce.Plugin.Inventory.InventoryInformation, Sitecore.Commerce.Plugin.Inventory","InventorySet":{"$type":"Sitecore.Commerce.Core.EntityReference, Sitecore.Commerce.Core","Name":"","EntityTarget":"Entity-InventorySet-Habitat_Inventory","Policies":{"$type":"System.Collections.Generic.List`1[[Sitecore.Commerce.Core.Policy, Sitecore.Commerce.Core]], mscorlib","$values":[]}},"SellableItem":{"$type":"Sitecore.Commerce.Core.EntityReference, Sitecore.Commerce.Core","Name":"","EntityTarget":"Entity-SellableItem-7042159","Policies":{"$type":"System.Collections.Generic.List`1[[Sitecore.Commerce.Core.Policy, Sitecore.Commerce.Core]], mscorlib","$values":[]}},"VariationId":"57042159","Quantity":10000,"InvoiceUnitPrice":{"$type":"Sitecore.Commerce.Core.Money, Sitecore.Commerce.Core","CurrencyCode":"USD","Amount":0.0},"Components":{"$type":"System.Collections.Generic.List`1[[Sitecore.Commerce.Core.Component, Sitecore.Commerce.Core]], mscorlib","$values":[{"$type":"Sitecore.Commerce.Plugin.ManagedLists.ListMembershipsComponent, Sitecore.Commerce.Plugin.ManagedLists","Memberships":{"$type":"System.Collections.Generic.List`1[[System.String, mscorlib]], mscorlib","$values":["InventoryInformations"]},"Id":"9c72b926401746e08e026b42d559857c","Name":"","Comments":"","Policies":{"$type":"System.Collections.Generic.List`1[[Sitecore.Commerce.Core.Policy, Sitecore.Commerce.Core]], mscorlib","$values":[]},"ChildComponents":{"$type":"System.Collections.Generic.List`1[[Sitecore.Commerce.Core.Component, Sitecore.Commerce.Core]], mscorlib","$values":[]}}]},"DateCreated":"2018-01-11T18:47:15.4442058+00:00","DateUpdated":"2018-08-09T18:56:11.5978174+00:00","DisplayName":"","FriendlyId":"Habitat_Inventory-7042159-57042159","Id":"Entity-InventoryInformation-Habitat_Inventory-7042159-57042159","Version":1,"EntityVersion":1,"Published":true,"IsPersisted":true,"Name":"","Policies":{"$type":"System.Collections.Generic.List`1[[Sitecore.Commerce.Core.Policy, Sitecore.Commerce.Core]], mscorlib","$values":[]}},{"$type":"Sitecore.Commerce.Plugin.Inventory.InventoryInformation, Sitecore.Commerce.Plugin.Inventory","InventorySet":{"$type":"Sitecore.Commerce.Core.EntityReference, Sitecore.Commerce.Core","Name":"","EntityTarget":"Entity-InventorySet-Habitat_Inventory","Policies":{"$type":"System.Collections.Generic.List`1[[Sitecore.Commerce.Core.Policy, Sitecore.Commerce.Core]], mscorlib","$values":[]}},"SellableItem":{"$type":"Sitecore.Commerce.Core.EntityReference, Sitecore.Commerce.Core","Name":"","EntityTarget":"Entity-SellableItem-7042160","Policies":{"$type":"System.Collections.Generic.List`1[[Sitecore.Commerce.Core.Policy, Sitecore.Commerce.Core]], mscorlib","$values":[]}},"VariationId":"57042160","Quantity":10000,"InvoiceUnitPrice":{"$type":"Sitecore.Commerce.Core.Money, Sitecore.Commerce.Core","CurrencyCode":"USD","Amount":0.0},"Components":{"$type":"System.Collections.Generic.List`1[[Sitecore.Commerce.Core.Component, Sitecore.Commerce.Core]], mscorlib","$values":[{"$type":"Sitecore.Commerce.Plugin.ManagedLists.ListMembershipsComponent, Sitecore.Commerce.Plugin.ManagedLists","Memberships":{"$type":"System.Collections.Generic.List`1[[System.String, mscorlib]], mscorlib","$values":["InventoryInformations"]},"Id":"048f923967504bf186d603d3ac823f00","Name":"","Comments":"","Policies":{"$type":"System.Collections.Generic.List`1[[Sitecore.Commerce.Core.Policy, Sitecore.Commerce.Core]], mscorlib","$values":[]},"ChildComponents":{"$type":"System.Collections.Generic.List`1[[Sitecore.Commerce.Core.Component, Sitecore.Commerce.Core]], mscorlib","$values":[]}}]},"DateCreated":"2018-01-11T18:47:15.4632064+00:00","DateUpdated":"2018-08-09T18:56:11.5978174+00:00","DisplayName":"","FriendlyId":"Habitat_Inventory-7042160-57042160","Id":"Entity-InventoryInformation-Habitat_Inventory-7042160-57042160","Version":1,"EntityVersion":1,"Published":true,"IsPersisted":true,"Name":"","Policies":{"$type":"System.Collections.Generic.List`1[[Sitecore.Commerce.Core.Policy, Sitecore.Commerce.Core]], mscorlib","$values":[]}},{"$type":"Sitecore.Commerce.Plugin.Inventory.InventoryInformation, Sitecore.Commerce.Plugin.Inventory","InventorySet":{"$type":"Sitecore.Commerce.Core.EntityReference, Sitecore.Commerce.Core","Name":"","EntityTarget":"Entity-InventorySet-Habitat_Inventory","Policies":{"$type":"System.Collections.Generic.List`1[[Sitecore.Commerce.Core.Policy, Sitecore.Commerce.Core]], mscorlib","$values":[]}},"SellableItem":{"$type":"Sitecore.Commerce.Core.EntityReference, Sitecore.Commerce.Core","Name":"","EntityTarget":"Entity-SellableItem-7042161","Policies":{"$type":"System.Collections.Generic.List`1[[Sitecore.Commerce.Core.Policy, Sitecore.Commerce.Core]], mscorlib","$values":[]}},"VariationId":"57042161","Quantity":10000,"InvoiceUnitPrice":{"$type":"Sitecore.Commerce.Core.Money, Sitecore.Commerce.Core","CurrencyCode":"USD","Amount":0.0},"Components":{"$type":"System.Collections.Generic.List`1[[Sitecore.Commerce.Core.Component, Sitecore.Commerce.Core]], mscorlib","$values":[{"$type":"Sitecore.Commerce.Plugin.ManagedLists.ListMembershipsComponent, Sitecore.Commerce.Plugin.ManagedLists","Memberships":{"$type":"System.Collections.Generic.List`1[[System.String, mscorlib]], mscorlib","$values":["InventoryInformations"]},"Id":"cff962aea89c4528bc5cc2831f33cff6","Name":"","Comments":"","Policies":{"$type":"System.Collections.Generic.List`1[[Sitecore.Commerce.Core.Policy, Sitecore.Commerce.Core]], mscorlib","$values":[]},"ChildComponents":{"$type":"System.Collections.Generic.List`1[[Sitecore.Commerce.Core.Component, Sitecore.Commerce.Core]], mscorlib","$values":[]}}]},"DateCreated":"2018-01-11T18:47:15.4822079+00:00","DateUpdated":"2018-08-09T18:56:11.5978174+00:00","DisplayName":"","FriendlyId":"Habitat_Inventory-7042161-57042161","Id":"Entity-InventoryInformation-Habitat_Inventory-7042161-57042161","Version":1,"EntityVersion":1,"Published":true,"IsPersisted":true,"Name":"","Policies":{"$type":"System.Collections.Generic.List`1[[Sitecore.Commerce.Core.Policy, Sitecore.Commerce.Core]], mscorlib","$values":[]}},{"$type":"Sitecore.Commerce.Plugin.Inventory.InventoryInformation, Sitecore.Commerce.Plugin.Inventory","InventorySet":{"$type":"Sitecore.Commerce.Core.EntityReference, Sitecore.Commerce.Core","Name":"","EntityTarget":"Entity-InventorySet-Habitat_Inventory","Policies":{"$type":"System.Collections.Generic.List`1[[Sitecore.Commerce.Core.Policy, Sitecore.Commerce.Core]], mscorlib","$values":[]}},"SellableItem":{"$type":"Sitecore.Commerce.Core.EntityReference, Sitecore.Commerce.Core","Name":"","EntityTarget":"Entity-SellableItem-7042162","Policies":{"$type":"System.Collections.Generic.List`1[[Sitecore.Commerce.Core.Policy, Sitecore.Commerce.Core]], mscorlib","$values":[]}},"VariationId":"57042162","Quantity":10000,"InvoiceUnitPrice":{"$type":"Sitecore.Commerce.Core.Money, Sitecore.Commerce.Core","CurrencyCode":"USD","Amount":0.0},"Components":{"$type":"System.Collections.Generic.List`1[[Sitecore.Commerce.Core.Component, Sitecore.Commerce.Core]], mscorlib","$values":[{"$type":"Sitecore.Commerce.Plugin.ManagedLists.ListMembershipsComponent, Sitecore.Commerce.Plugin.ManagedLists","Memberships":{"$type":"System.Collections.Generic.List`1[[System.String, mscorlib]], mscorlib","$values":["InventoryInformations"]},"Id":"bd3f97a5947d41c79cecd520e81635e8","Name":"","Comments":"","Policies":{"$type":"System.Collections.Generic.List`1[[Sitecore.Commerce.Core.Policy, Sitecore.Commerce.Core]], mscorlib","$values":[]},"ChildComponents":{"$type":"System.Collections.Generic.List`1[[Sitecore.Commerce.Core.Component, Sitecore.Commerce.Core]], mscorlib","$values":[]}}]},"DateCreated":"2018-01-11T18:47:15.5012073+00:00","DateUpdated":"2018-08-09T18:56:11.5978174+00:00","DisplayName":"","FriendlyId":"Habitat_Inventory-7042162-57042162","Id":"Entity-InventoryInformation-Habitat_Inventory-7042162-57042162","Version":1,"EntityVersion":1,"Published":true,"IsPersisted":true,"Name":"","Policies":{"$type":"System.Collections.Generic.List`1[[Sitecore.Commerce.Core.Policy, Sitecore.Commerce.Core]], mscorlib","$values":[]}},{"$type":"Sitecore.Commerce.Plugin.Inventory.InventoryInformation, Sitecore.Commerce.Plugin.Inventory","InventorySet":{"$type":"Sitecore.Commerce.Core.EntityReference, Sitecore.Commerce.Core","Name":"","EntityTarget":"Entity-InventorySet-Habitat_Inventory","Policies":{"$type":"System.Collections.Generic.List`1[[Sitecore.Commerce.Core.Policy, Sitecore.Commerce.Core]], mscorlib","$values":[]}},"SellableItem":{"$type":"Sitecore.Commerce.Core.EntityReference, Sitecore.Commerce.Core","Name":"","EntityTarget":"Entity-SellableItem-7042163","Policies":{"$type":"System.Collections.Generic.List`1[[Sitecore.Commerce.Core.Policy, Sitecore.Commerce.Core]], mscorlib","$values":[]}},"VariationId":"57042163","Quantity":10000,"InvoiceUnitPrice":{"$type":"Sitecore.Commerce.Core.Money, Sitecore.Commerce.Core","CurrencyCode":"USD","Amount":0.0},"Components":{"$type":"System.Collections.Generic.List`1[[Sitecore.Commerce.Core.Component, Sitecore.Commerce.Core]], mscorlib","$values":[{"$type":"Sitecore.Commerce.Plugin.ManagedLists.ListMembershipsComponent, Sitecore.Commerce.Plugin.ManagedLists","Memberships":{"$type":"System.Collections.Generic.List`1[[System.String, mscorlib]], mscorlib","$values":["InventoryInformations"]},"Id":"da773d3c95fa49beb4e9148afce7ad60","Name":"","Comments":"","Policies":{"$type":"System.Collections.Generic.List`1[[Sitecore.Commerce.Core.Policy, Sitecore.Commerce.Core]], mscorlib","$values":[]},"ChildComponents":{"$type":"System.Collections.Generic.List`1[[Sitecore.Commerce.Core.Component, Sitecore.Commerce.Core]], mscorlib","$values":[]}}]},"DateCreated":"2018-01-11T18:47:15.5222094+00:00","DateUpdated":"2018-08-09T18:56:11.5978174+00:00","DisplayName":"","FriendlyId":"Habitat_Inventory-7042163-57042163","Id":"Entity-InventoryInformation-Habitat_Inventory-7042163-57042163","Version":1,"EntityVersion":1,"Published":true,"IsPersisted":true,"Name":"","Policies":{"$type":"System.Collections.Generic.List`1[[Sitecore.Commerce.Core.Policy, Sitecore.Commerce.Core]], mscorlib","$values":[]}},{"$type":"Sitecore.Commerce.Plugin.Inventory.InventoryInformation, Sitecore.Commerce.Plugin.Inventory","InventorySet":{"$type":"Sitecore.Commerce.Core.EntityReference, Sitecore.Commerce.Core","Name":"","EntityTarget":"Entity-InventorySet-Habitat_Inventory","Policies":{"$type":"System.Collections.Generic.List`1[[Sitecore.Commerce.Core.Policy, Sitecore.Commerce.Core]], mscorlib","$values":[]}},"SellableItem":{"$type":"Sitecore.Commerce.Core.EntityReference, Sitecore.Commerce.Core","Name":"","EntityTarget":"Entity-SellableItem-7042164","Policies":{"$type":"System.Collections.Generic.List`1[[Sitecore.Commerce.Core.Policy, Sitecore.Commerce.Core]], mscorlib","$values":[]}},"VariationId":"57042164","Quantity":10000,"InvoiceUnitPrice":{"$type":"Sitecore.Commerce.Core.Money, Sitecore.Commerce.Core","CurrencyCode":"USD","Amount":0.0},"Components":{"$type":"System.Collections.Generic.List`1[[Sitecore.Commerce.Core.Component, Sitecore.Commerce.Core]], mscorlib","$values":[{"$type":"Sitecore.Commerce.Plugin.ManagedLists.ListMembershipsComponent, Sitecore.Commerce.Plugin.ManagedLists","Memberships":{"$type":"System.Collections.Generic.List`1[[System.String, mscorlib]], mscorlib","$values":["InventoryInformations"]},"Id":"18724eee768045e79b3193a9a492a090","Name":"","Comments":"","Policies":{"$type":"System.Collections.Generic.List`1[[Sitecore.Commerce.Core.Policy, Sitecore.Commerce.Core]], mscorlib","$values":[]},"ChildComponents":{"$type":"System.Collections.Generic.List`1[[Sitecore.Commerce.Core.Component, Sitecore.Commerce.Core]], mscorlib","$values":[]}}]},"DateCreated":"2018-01-11T18:47:15.5412126+00:00","DateUpdated":"2018-08-09T18:56:11.5978174+00:00","DisplayName":"","FriendlyId":"Habitat_Inventory-7042164-57042164","Id":"Entity-InventoryInformation-Habitat_Inventory-7042164-57042164","Version":1,"EntityVersion":1,"Published":true,"IsPersisted":true,"Name":"","Policies":{"$type":"System.Collections.Generic.List`1[[Sitecore.Commerce.Core.Policy, Sitecore.Commerce.Core]], mscorlib","$values":[]}},{"$type":"Sitecore.Commerce.Plugin.Inventory.InventoryInformation, Sitecore.Commerce.Plugin.Inventory","InventorySet":{"$type":"Sitecore.Commerce.Core.EntityReference, Sitecore.Commerce.Core","Name":"","EntityTarget":"Entity-InventorySet-Habitat_Inventory","Policies":{"$type":"System.Collections.Generic.List`1[[Sitecore.Commerce.Core.Policy, Sitecore.Commerce.Core]], mscorlib","$values":[]}},"SellableItem":{"$type":"Sitecore.Commerce.Core.EntityReference, Sitecore.Commerce.Core","Name":"","EntityTarget":"Entity-SellableItem-7042165","Policies":{"$type":"System.Collections.Generic.List`1[[Sitecore.Commerce.Core.Policy, Sitecore.Commerce.Core]], mscorlib","$values":[]}},"VariationId":"57042165","Quantity":10000,"InvoiceUnitPrice":{"$type":"Sitecore.Commerce.Core.Money, Sitecore.Commerce.Core","CurrencyCode":"USD","Amount":0.0},"Components":{"$type":"System.Collections.Generic.List`1[[Sitecore.Commerce.Core.Component, Sitecore.Commerce.Core]], mscorlib","$values":[{"$type":"Sitecore.Commerce.Plugin.ManagedLists.ListMembershipsComponent, Sitecore.Commerce.Plugin.ManagedLists","Memberships":{"$type":"System.Collections.Generic.List`1[[System.String, mscorlib]], mscorlib","$values":["InventoryInformations"]},"Id":"b39020d4284a4faf90a7d3f67f5c4e8f","Name":"","Comments":"","Policies":{"$type":"System.Collections.Generic.List`1[[Sitecore.Commerce.Core.Policy, Sitecore.Commerce.Core]], mscorlib","$values":[]},"ChildComponents":{"$type":"System.Collections.Generic.List`1[[Sitecore.Commerce.Core.Component, Sitecore.Commerce.Core]], mscorlib","$values":[]}}]},"DateCreated":"2018-01-11T18:47:15.5602124+00:00","DateUpdated":"2018-08-09T18:56:11.5978174+00:00","DisplayName":"","FriendlyId":"Habitat_Inventory-7042165-57042165","Id":"Entity-InventoryInformation-Habitat_Inventory-7042165-57042165","Version":1,"EntityVersion":1,"Published":true,"IsPersisted":true,"Name":"","Policies":{"$type":"System.Collections.Generic.List`1[[Sitecore.Commerce.Core.Policy, Sitecore.Commerce.Core]], mscorlib","$values":[]}},{"$type":"Sitecore.Commerce.Plugin.Inventory.InventoryInformation, Sitecore.Commerce.Plugin.Inventory","InventorySet":{"$type":"Sitecore.Commerce.Core.EntityReference, Sitecore.Commerce.Core","Name":"","EntityTarget":"Entity-InventorySet-Habitat_Inventory","Policies":{"$type":"System.Collections.Generic.List`1[[Sitecore.Commerce.Core.Policy, Sitecore.Commerce.Core]], mscorlib","$values":[]}},"SellableItem":{"$type":"Sitecore.Commerce.Core.EntityReference, Sitecore.Commerce.Core","Name":"","EntityTarget":"Entity-SellableItem-7042166","Policies":{"$type":"System.Collections.Generic.List`1[[Sitecore.Commerce.Core.Policy, Sitecore.Commerce.Core]], mscorlib","$values":[]}},"VariationId":"57042166","Quantity":10000,"InvoiceUnitPrice":{"$type":"Sitecore.Commerce.Core.Money, Sitecore.Commerce.Core","CurrencyCode":"USD","Amount":0.0},"Components":{"$type":"System.Collections.Generic.List`1[[Sitecore.Commerce.Core.Component, Sitecore.Commerce.Core]], mscorlib","$values":[{"$type":"Sitecore.Commerce.Plugin.ManagedLists.ListMembershipsComponent, Sitecore.Commerce.Plugin.ManagedLists","Memberships":{"$type":"System.Collections.Generic.List`1[[System.String, mscorlib]], mscorlib","$values":["InventoryInformations"]},"Id":"78c08e71a379479d820ec06c1f283d5a","Name":"","Comments":"","Policies":{"$type":"System.Collections.Generic.List`1[[Sitecore.Commerce.Core.Policy, Sitecore.Commerce.Core]], mscorlib","$values":[]},"ChildComponents":{"$type":"System.Collections.Generic.List`1[[Sitecore.Commerce.Core.Component, Sitecore.Commerce.Core]], mscorlib","$values":[]}}]},"DateCreated":"2018-01-11T18:47:15.5812149+00:00","DateUpdated":"2018-08-09T18:56:11.6603615+00:00","DisplayName":"","FriendlyId":"Habitat_Inventory-7042166-57042166","Id":"Entity-InventoryInformation-Habitat_Inventory-7042166-57042166","Version":1,"EntityVersion":1,"Published":true,"IsPersisted":true,"Name":"","Policies":{"$type":"System.Collections.Generic.List`1[[Sitecore.Commerce.Core.Policy, Sitecore.Commerce.Core]], mscorlib","$values":[]}},{"$type":"Sitecore.Commerce.Plugin.Inventory.InventoryInformation, Sitecore.Commerce.Plugin.Inventory","InventorySet":{"$type":"Sitecore.Commerce.Core.EntityReference, Sitecore.Commerce.Core","Name":"","EntityTarget":"Entity-InventorySet-Habitat_Inventory","Policies":{"$type":"System.Collections.Generic.List`1[[Sitecore.Commerce.Core.Policy, Sitecore.Commerce.Core]], mscorlib","$values":[]}},"SellableItem":{"$type":"Sitecore.Commerce.Core.EntityReference, Sitecore.Commerce.Core","Name":"","EntityTarget":"Entity-SellableItem-7042167","Policies":{"$type":"System.Collections.Generic.List`1[[Sitecore.Commerce.Core.Policy, Sitecore.Commerce.Core]], mscorlib","$values":[]}},"VariationId":"57042167","Quantity":10000,"InvoiceUnitPrice":{"$type":"Sitecore.Commerce.Core.Money, Sitecore.Commerce.Core","CurrencyCode":"USD","Amount":0.0},"Components":{"$type":"System.Collections.Generic.List`1[[Sitecore.Commerce.Core.Component, Sitecore.Commerce.Core]], mscorlib","$values":[{"$type":"Sitecore.Commerce.Plugin.ManagedLists.ListMembershipsComponent, Sitecore.Commerce.Plugin.ManagedLists","Memberships":{"$type":"System.Collections.Generic.List`1[[System.String, mscorlib]], mscorlib","$values":["InventoryInformations"]},"Id":"5aaf8a9c321140eda0e0be10b3b0fb97","Name":"","Comments":"","Policies":{"$type":"System.Collections.Generic.List`1[[Sitecore.Commerce.Core.Policy, Sitecore.Commerce.Core]], mscorlib","$values":[]},"ChildComponents":{"$type":"System.Collections.Generic.List`1[[Sitecore.Commerce.Core.Component, Sitecore.Commerce.Core]], mscorlib","$values":[]}}]},"DateCreated":"2018-01-11T18:47:15.6012182+00:00","DateUpdated":"2018-08-09T18:56:11.6603615+00:00","DisplayName":"","FriendlyId":"Habitat_Inventory-7042167-57042167","Id":"Entity-InventoryInformation-Habitat_Inventory-7042167-57042167","Version":1,"EntityVersion":1,"Published":true,"IsPersisted":true,"Name":"","Policies":{"$type":"System.Collections.Generic.List`1[[Sitecore.Commerce.Core.Policy, Sitecore.Commerce.Core]], mscorlib","$values":[]}},{"$type":"Sitecore.Commerce.Plugin.Inventory.InventoryInformation, Sitecore.Commerce.Plugin.Inventory","InventorySet":{"$type":"Sitecore.Commerce.Core.EntityReference, Sitecore.Commerce.Core","Name":"","EntityTarget":"Entity-InventorySet-Habitat_Inventory","Policies":{"$type":"System.Collections.Generic.List`1[[Sitecore.Commerce.Core.Policy, Sitecore.Commerce.Core]], mscorlib","$values":[]}},"SellableItem":{"$type":"Sitecore.Commerce.Core.EntityReference, Sitecore.Commerce.Core","Name":"","EntityTarget":"Entity-SellableItem-7042168","Policies":{"$type":"System.Collections.Generic.List`1[[Sitecore.Commerce.Core.Policy, Sitecore.Commerce.Core]], mscorlib","$values":[]}},"VariationId":"57042168","Quantity":10000,"InvoiceUnitPrice":{"$type":"Sitecore.Commerce.Core.Money, Sitecore.Commerce.Core","CurrencyCode":"USD","Amount":0.0},"Components":{"$type":"System.Collections.Generic.List`1[[Sitecore.Commerce.Core.Component, Sitecore.Commerce.Core]], mscorlib","$values":[{"$type":"Sitecore.Commerce.Plugin.ManagedLists.ListMembershipsComponent, Sitecore.Commerce.Plugin.ManagedLists","Memberships":{"$type":"System.Collections.Generic.List`1[[System.String, mscorlib]], mscorlib","$values":["InventoryInformations"]},"Id":"ef9c6c74175c461f93d24e7933b3da60","Name":"","Comments":"","Policies":{"$type":"System.Collections.Generic.List`1[[Sitecore.Commerce.Core.Policy, Sitecore.Commerce.Core]], mscorlib","$values":[]},"ChildComponents":{"$type":"System.Collections.Generic.List`1[[Sitecore.Commerce.Core.Component, Sitecore.Commerce.Core]], mscorlib","$values":[]}}]},"DateCreated":"2018-01-11T18:47:15.6202146+00:00","DateUpdated":"2018-08-09T18:56:11.6603615+00:00","DisplayName":"","FriendlyId":"Habitat_Inventory-7042168-57042168","Id":"Entity-InventoryInformation-Habitat_Inventory-7042168-57042168","Version":1,"EntityVersion":1,"Published":true,"IsPersisted":true,"Name":"","Policies":{"$type":"System.Collections.Generic.List`1[[Sitecore.Commerce.Core.Policy, Sitecore.Commerce.Core]], mscorlib","$values":[]}},{"$type":"Sitecore.Commerce.Plugin.Inventory.InventoryInformation, Sitecore.Commerce.Plugin.Inventory","InventorySet":{"$type":"Sitecore.Commerce.Core.EntityReference, Sitecore.Commerce.Core","Name":"","EntityTarget":"Entity-InventorySet-Habitat_Inventory","Policies":{"$type":"System.Collections.Generic.List`1[[Sitecore.Commerce.Core.Policy, Sitecore.Commerce.Core]], mscorlib","$values":[]}},"SellableItem":{"$type":"Sitecore.Commerce.Core.EntityReference, Sitecore.Commerce.Core","Name":"","EntityTarget":"Entity-SellableItem-7042169","Policies":{"$type":"System.Collections.Generic.List`1[[Sitecore.Commerce.Core.Policy, Sitecore.Commerce.Core]], mscorlib","$values":[]}},"VariationId":"57042169","Quantity":10000,"InvoiceUnitPrice":{"$type":"Sitecore.Commerce.Core.Money, Sitecore.Commerce.Core","CurrencyCode":"USD","Amount":0.0},"Components":{"$type":"System.Collections.Generic.List`1[[Sitecore.Commerce.Core.Component, Sitecore.Commerce.Core]], mscorlib","$values":[{"$type":"Sitecore.Commerce.Plugin.ManagedLists.ListMembershipsComponent, Sitecore.Commerce.Plugin.ManagedLists","Memberships":{"$type":"System.Collections.Generic.List`1[[System.String, mscorlib]], mscorlib","$values":["InventoryInformations"]},"Id":"6298abbebebc4a3aa2bbd693465f2a58","Name":"","Comments":"","Policies":{"$type":"System.Collections.Generic.List`1[[Sitecore.Commerce.Core.Policy, Sitecore.Commerce.Core]], mscorlib","$values":[]},"ChildComponents":{"$type":"System.Collections.Generic.List`1[[Sitecore.Commerce.Core.Component, Sitecore.Commerce.Core]], mscorlib","$values":[]}}]},"DateCreated":"2018-01-11T18:47:15.6432156+00:00","DateUpdated":"2018-08-09T18:56:11.6603615+00:00","DisplayName":"","FriendlyId":"Habitat_Inventory-7042169-57042169","Id":"Entity-InventoryInformation-Habitat_Inventory-7042169-57042169","Version":1,"EntityVersion":1,"Published":true,"IsPersisted":true,"Name":"","Policies":{"$type":"System.Collections.Generic.List`1[[Sitecore.Commerce.Core.Policy, Sitecore.Commerce.Core]], mscorlib","$values":[]}},{"$type":"Sitecore.Commerce.Plugin.Inventory.InventoryInformation, Sitecore.Commerce.Plugin.Inventory","InventorySet":{"$type":"Sitecore.Commerce.Core.EntityReference, Sitecore.Commerce.Core","Name":"","EntityTarget":"Entity-InventorySet-Habitat_Inventory","Policies":{"$type":"System.Collections.Generic.List`1[[Sitecore.Commerce.Core.Policy, Sitecore.Commerce.Core]], mscorlib","$values":[]}},"SellableItem":{"$type":"Sitecore.Commerce.Core.EntityReference, Sitecore.Commerce.Core","Name":"","EntityTarget":"Entity-SellableItem-7042169","Policies":{"$type":"System.Collections.Generic.List`1[[Sitecore.Commerce.Core.Policy, Sitecore.Commerce.Core]], mscorlib","$values":[]}},"VariationId":"57042170","Quantity":10000,"InvoiceUnitPrice":{"$type":"Sitecore.Commerce.Core.Money, Sitecore.Commerce.Core","CurrencyCode":"USD","Amount":0.0},"Components":{"$type":"System.Collections.Generic.List`1[[Sitecore.Commerce.Core.Component, Sitecore.Commerce.Core]], mscorlib","$values":[{"$type":"Sitecore.Commerce.Plugin.ManagedLists.ListMembershipsComponent, Sitecore.Commerce.Plugin.ManagedLists","Memberships":{"$type":"System.Collections.Generic.List`1[[System.String, mscorlib]], mscorlib","$values":["InventoryInformations"]},"Id":"41278cdddb8d489fb83f07e587d79fb1","Name":"","Comments":"","Policies":{"$type":"System.Collections.Generic.List`1[[Sitecore.Commerce.Core.Policy, Sitecore.Commerce.Core]], mscorlib","$values":[]},"ChildComponents":{"$type":"System.Collections.Generic.List`1[[Sitecore.Commerce.Core.Component, Sitecore.Commerce.Core]], mscorlib","$values":[]}}]},"DateCreated":"2018-01-11T18:47:15.6532166+00:00","DateUpdated":"2018-08-09T18:56:11.6603615+00:00","DisplayName":"","FriendlyId":"Habitat_Inventory-7042169-57042170","Id":"Entity-InventoryInformation-Habitat_Inventory-7042169-57042170","Version":1,"EntityVersion":1,"Published":true,"IsPersisted":true,"Name":"","Policies":{"$type":"System.Collections.Generic.List`1[[Sitecore.Commerce.Core.Policy, Sitecore.Commerce.Core]], mscorlib","$values":[]}},{"$type":"Sitecore.Commerce.Plugin.Inventory.InventoryInformation, Sitecore.Commerce.Plugin.Inventory","InventorySet":{"$type":"Sitecore.Commerce.Core.EntityReference, Sitecore.Commerce.Core","Name":"","EntityTarget":"Entity-InventorySet-Habitat_Inventory","Policies":{"$type":"System.Collections.Generic.List`1[[Sitecore.Commerce.Core.Policy, Sitecore.Commerce.Core]], mscorlib","$values":[]}},"SellableItem":{"$type":"Sitecore.Commerce.Core.EntityReference, Sitecore.Commerce.Core","Name":"","EntityTarget":"Entity-SellableItem-7042169","Policies":{"$type":"System.Collections.Generic.List`1[[Sitecore.Commerce.Core.Policy, Sitecore.Commerce.Core]], mscorlib","$values":[]}},"VariationId":"57042171","Quantity":10000,"InvoiceUnitPrice":{"$type":"Sitecore.Commerce.Core.Money, Sitecore.Commerce.Core","CurrencyCode":"USD","Amount":0.0},"Components":{"$type":"System.Collections.Generic.List`1[[Sitecore.Commerce.Core.Component, Sitecore.Commerce.Core]], mscorlib","$values":[{"$type":"Sitecore.Commerce.Plugin.ManagedLists.ListMembershipsComponent, Sitecore.Commerce.Plugin.ManagedLists","Memberships":{"$type":"System.Collections.Generic.List`1[[System.String, mscorlib]], mscorlib","$values":["InventoryInformations"]},"Id":"8f6fdba65b6f4835ad781a4a0a1d9fc5","Name":"","Comments":"","Policies":{"$type":"System.Collections.Generic.List`1[[Sitecore.Commerce.Core.Policy, Sitecore.Commerce.Core]], mscorlib","$values":[]},"ChildComponents":{"$type":"System.Collections.Generic.List`1[[Sitecore.Commerce.Core.Component, Sitecore.Commerce.Core]], mscorlib","$values":[]}}]},"DateCreated":"2018-01-11T18:47:15.6632189+00:00","DateUpdated":"2018-08-09T18:56:11.6603615+00:00","DisplayName":"","FriendlyId":"Habitat_Inventory-7042169-57042171","Id":"Entity-InventoryInformation-Habitat_Inventory-7042169-57042171","Version":1,"EntityVersion":1,"Published":true,"IsPersisted":true,"Name":"","Policies":{"$type":"System.Collections.Generic.List`1[[Sitecore.Commerce.Core.Policy, Sitecore.Commerce.Core]], mscorlib","$values":[]}},{"$type":"Sitecore.Commerce.Plugin.Inventory.InventoryInformation, Sitecore.Commerce.Plugin.Inventory","InventorySet":{"$type":"Sitecore.Commerce.Core.EntityReference, Sitecore.Commerce.Core","Name":"","EntityTarget":"Entity-InventorySet-Habitat_Inventory","Policies":{"$type":"System.Collections.Generic.List`1[[Sitecore.Commerce.Core.Policy, Sitecore.Commerce.Core]], mscorlib","$values":[]}},"SellableItem":{"$type":"Sitecore.Commerce.Core.EntityReference, Sitecore.Commerce.Core","Name":"","EntityTarget":"Entity-SellableItem-7042169","Policies":{"$type":"System.Collections.Generic.List`1[[Sitecore.Commerce.Core.Policy, Sitecore.Commerce.Core]], mscorlib","$values":[]}},"VariationId":"57042172","Quantity":10000,"InvoiceUnitPrice":{"$type":"Sitecore.Commerce.Core.Money, Sitecore.Commerce.Core","CurrencyCode":"USD","Amount":0.0},"Components":{"$type":"System.Collections.Generic.List`1[[Sitecore.Commerce.Core.Component, Sitecore.Commerce.Core]], mscorlib","$values":[{"$type":"Sitecore.Commerce.Plugin.ManagedLists.ListMembershipsComponent, Sitecore.Commerce.Plugin.ManagedLists","Memberships":{"$type":"System.Collections.Generic.List`1[[System.String, mscorlib]], mscorlib","$values":["InventoryInformations"]},"Id":"289af8bfc9da4a359a2a58c5426f10a2","Name":"","Comments":"","Policies":{"$type":"System.Collections.Generic.List`1[[Sitecore.Commerce.Core.Policy, Sitecore.Commerce.Core]], mscorlib","$values":[]},"ChildComponents":{"$type":"System.Collections.Generic.List`1[[Sitecore.Commerce.Core.Component, Sitecore.Commerce.Core]], mscorlib","$values":[]}}]},"DateCreated":"2018-01-11T18:47:15.6732182+00:00","DateUpdated":"2018-08-09T18:56:11.6603615+00:00","DisplayName":"","FriendlyId":"Habitat_Inventory-7042169-57042172","Id":"Entity-InventoryInformation-Habitat_Inventory-7042169-57042172","Version":1,"EntityVersion":1,"Published":true,"IsPersisted":true,"Name":"","Policies":{"$type":"System.Collections.Generic.List`1[[Sitecore.Commerce.Core.Policy, Sitecore.Commerce.Core]], mscorlib","$values":[]}},{"$type":"Sitecore.Commerce.Plugin.Inventory.InventoryInformation, Sitecore.Commerce.Plugin.Inventory","InventorySet":{"$type":"Sitecore.Commerce.Core.EntityReference, Sitecore.Commerce.Core","Name":"","EntityTarget":"Entity-InventorySet-Habitat_Inventory","Policies":{"$type":"System.Collections.Generic.List`1[[Sitecore.Commerce.Core.Policy, Sitecore.Commerce.Core]], mscorlib","$values":[]}},"SellableItem":{"$type":"Sitecore.Commerce.Core.EntityReference, Sitecore.Commerce.Core","Name":"","EntityTarget":"Entity-SellableItem-7042169","Policies":{"$type":"System.Collections.Generic.List`1[[Sitecore.Commerce.Core.Policy, Sitecore.Commerce.Core]], mscorlib","$values":[]}},"VariationId":"57042173","Quantity":10000,"InvoiceUnitPrice":{"$type":"Sitecore.Commerce.Core.Money, Sitecore.Commerce.Core","CurrencyCode":"USD","Amount":0.0},"Components":{"$type":"System.Collections.Generic.List`1[[Sitecore.Commerce.Core.Component, Sitecore.Commerce.Core]], mscorlib","$values":[{"$type":"Sitecore.Commerce.Plugin.ManagedLists.ListMembershipsComponent, Sitecore.Commerce.Plugin.ManagedLists","Memberships":{"$type":"System.Collections.Generic.List`1[[System.String, mscorlib]], mscorlib","$values":["InventoryInformations"]},"Id":"087eaedfacd34d8288a5d95e3f524dbf","Name":"","Comments":"","Policies":{"$type":"System.Collections.Generic.List`1[[Sitecore.Commerce.Core.Policy, Sitecore.Commerce.Core]], mscorlib","$values":[]},"ChildComponents":{"$type":"System.Collections.Generic.List`1[[Sitecore.Commerce.Core.Component, Sitecore.Commerce.Core]], mscorlib","$values":[]}}]},"DateCreated":"2018-01-11T18:47:15.6822183+00:00","DateUpdated":"2018-08-09T18:56:11.6603615+00:00","DisplayName":"","FriendlyId":"Habitat_Inventory-7042169-57042173","Id":"Entity-InventoryInformation-Habitat_Inventory-7042169-57042173","Version":1,"EntityVersion":1,"Published":true,"IsPersisted":true,"Name":"","Policies":{"$type":"System.Collections.Generic.List`1[[Sitecore.Commerce.Core.Policy, Sitecore.Commerce.Core]], mscorlib","$values":[]}},{"$type":"Sitecore.Commerce.Plugin.Inventory.InventoryInformation, Sitecore.Commerce.Plugin.Inventory","InventorySet":{"$type":"Sitecore.Commerce.Core.EntityReference, Sitecore.Commerce.Core","Name":"","EntityTarget":"Entity-InventorySet-Habitat_Inventory","Policies":{"$type":"System.Collections.Generic.List`1[[Sitecore.Commerce.Core.Policy, Sitecore.Commerce.Core]], mscorlib","$values":[]}},"SellableItem":{"$type":"Sitecore.Commerce.Core.EntityReference, Sitecore.Commerce.Core","Name":"","EntityTarget":"Entity-SellableItem-7042169","Policies":{"$type":"System.Collections.Generic.List`1[[Sitecore.Commerce.Core.Policy, Sitecore.Commerce.Core]], mscorlib","$values":[]}},"VariationId":"57042174","Quantity":10000,"InvoiceUnitPrice":{"$type":"Sitecore.Commerce.Core.Money, Sitecore.Commerce.Core","CurrencyCode":"USD","Amount":0.0},"Components":{"$type":"System.Collections.Generic.List`1[[Sitecore.Commerce.Core.Component, Sitecore.Commerce.Core]], mscorlib","$values":[{"$type":"Sitecore.Commerce.Plugin.ManagedLists.ListMembershipsComponent, Sitecore.Commerce.Plugin.ManagedLists","Memberships":{"$type":"System.Collections.Generic.List`1[[System.String, mscorlib]], mscorlib","$values":["InventoryInformations"]},"Id":"8cd59e678e444fa5a9d6b1de5ea7dd1e","Name":"","Comments":"","Policies":{"$type":"System.Collections.Generic.List`1[[Sitecore.Commerce.Core.Policy, Sitecore.Commerce.Core]], mscorlib","$values":[]},"ChildComponents":{"$type":"System.Collections.Generic.List`1[[Sitecore.Commerce.Core.Component, Sitecore.Commerce.Core]], mscorlib","$values":[]}}]},"DateCreated":"2018-01-11T18:47:15.6922206+00:00","DateUpdated":"2018-08-09T18:56:11.6603615+00:00","DisplayName":"","FriendlyId":"Habitat_Inventory-7042169-57042174","Id":"Entity-InventoryInformation-Habitat_Inventory-7042169-57042174","Version":1,"EntityVersion":1,"Published":true,"IsPersisted":true,"Name":"","Policies":{"$type":"System.Collections.Generic.List`1[[Sitecore.Commerce.Core.Policy, Sitecore.Commerce.Core]], mscorlib","$values":[]}},{"$type":"Sitecore.Commerce.Plugin.Inventory.InventoryInformation, Sitecore.Commerce.Plugin.Inventory","InventorySet":{"$type":"Sitecore.Commerce.Core.EntityReference, Sitecore.Commerce.Core","Name":"","EntityTarget":"Entity-InventorySet-Habitat_Inventory","Policies":{"$type":"System.Collections.Generic.List`1[[Sitecore.Commerce.Core.Policy, Sitecore.Commerce.Core]], mscorlib","$values":[]}},"SellableItem":{"$type":"Sitecore.Commerce.Core.EntityReference, Sitecore.Commerce.Core","Name":"","EntityTarget":"Entity-SellableItem-7042257","Policies":{"$type":"System.Collections.Generic.List`1[[Sitecore.Commerce.Core.Policy, Sitecore.Commerce.Core]], mscorlib","$values":[]}},"VariationId":"57042257","Quantity":10000,"InvoiceUnitPrice":{"$type":"Sitecore.Commerce.Core.Money, Sitecore.Commerce.Core","CurrencyCode":"USD","Amount":0.0},"Components":{"$type":"System.Collections.Generic.List`1[[Sitecore.Commerce.Core.Component, Sitecore.Commerce.Core]], mscorlib","$values":[{"$type":"Sitecore.Commerce.Plugin.ManagedLists.ListMembershipsComponent, Sitecore.Commerce.Plugin.ManagedLists","Memberships":{"$type":"System.Collections.Generic.List`1[[System.String, mscorlib]], mscorlib","$values":["InventoryInformations"]},"Id":"fc37cc85b39f41b6ad92c4bef4c6134a","Name":"","Comments":"","Policies":{"$type":"System.Collections.Generic.List`1[[Sitecore.Commerce.Core.Policy, Sitecore.Commerce.Core]], mscorlib","$values":[]},"ChildComponents":{"$type":"System.Collections.Generic.List`1[[Sitecore.Commerce.Core.Component, Sitecore.Commerce.Core]], mscorlib","$values":[]}}]},"DateCreated":"2018-01-11T18:47:17.242298+00:00","DateUpdated":"2018-08-09T18:56:11.6603615+00:00","DisplayName":"","FriendlyId":"Habitat_Inventory-7042257-57042257","Id":"Entity-InventoryInformation-Habitat_Inventory-7042257-57042257","Version":1,"EntityVersion":1,"Published":true,"IsPersisted":true,"Name":"","Policies":{"$type":"System.Collections.Generic.List`1[[Sitecore.Commerce.Core.Policy, Sitecore.Commerce.Core]], mscorlib","$values":[]}},{"$type":"Sitecore.Commerce.Plugin.Inventory.InventoryInformation, Sitecore.Commerce.Plugin.Inventory","InventorySet":{"$type":"Sitecore.Commerce.Core.EntityReference, Sitecore.Commerce.Core","Name":"","EntityTarget":"Entity-InventorySet-Habitat_Inventory","Policies":{"$type":"System.Collections.Generic.List`1[[Sitecore.Commerce.Core.Policy, Sitecore.Commerce.Core]], mscorlib","$values":[]}},"SellableItem":{"$type":"Sitecore.Commerce.Core.EntityReference, Sitecore.Commerce.Core","Name":"","EntityTarget":"Entity-SellableItem-7042258","Policies":{"$type":"System.Collections.Generic.List`1[[Sitecore.Commerce.Core.Policy, Sitecore.Commerce.Core]], mscorlib","$values":[]}},"VariationId":"57042258","Quantity":10000,"InvoiceUnitPrice":{"$type":"Sitecore.Commerce.Core.Money, Sitecore.Commerce.Core","CurrencyCode":"USD","Amount":0.0},"Components":{"$type":"System.Collections.Generic.List`1[[Sitecore.Commerce.Core.Component, Sitecore.Commerce.Core]], mscorlib","$values":[{"$type":"Sitecore.Commerce.Plugin.ManagedLists.ListMembershipsComponent, Sitecore.Commerce.Plugin.ManagedLists","Memberships":{"$type":"System.Collections.Generic.List`1[[System.String, mscorlib]], mscorlib","$values":["InventoryInformations"]},"Id":"1e1eb683107148809a5aca55987e2a5f","Name":"","Comments":"","Policies":{"$type":"System.Collections.Generic.List`1[[Sitecore.Commerce.Core.Policy, Sitecore.Commerce.Core]], mscorlib","$values":[]},"ChildComponents":{"$type":"System.Collections.Generic.List`1[[Sitecore.Commerce.Core.Component, Sitecore.Commerce.Core]], mscorlib","$values":[]}}]},"DateCreated":"2018-01-11T18:47:17.2652999+00:00","DateUpdated":"2018-08-09T18:56:11.7072028+00:00","DisplayName":"","FriendlyId":"Habitat_Inventory-7042258-57042258","Id":"Entity-InventoryInformation-Habitat_Inventory-7042258-57042258","Version":1,"EntityVersion":1,"Published":true,"IsPersisted":true,"Name":"","Policies":{"$type":"System.Collections.Generic.List`1[[Sitecore.Commerce.Core.Policy, Sitecore.Commerce.Core]], mscorlib","$values":[]}},{"$type":"Sitecore.Commerce.Plugin.Inventory.InventoryInformation, Sitecore.Commerce.Plugin.Inventory","InventorySet":{"$type":"Sitecore.Commerce.Core.EntityReference, Sitecore.Commerce.Core","Name":"","EntityTarget":"Entity-InventorySet-Habitat_Inventory","Policies":{"$type":"System.Collections.Generic.List`1[[Sitecore.Commerce.Core.Policy, Sitecore.Commerce.Core]], mscorlib","$values":[]}},"SellableItem":{"$type":"Sitecore.Commerce.Core.EntityReference, Sitecore.Commerce.Core","Name":"","EntityTarget":"Entity-SellableItem-7042259","Policies":{"$type":"System.Collections.Generic.List`1[[Sitecore.Commerce.Core.Policy, Sitecore.Commerce.Core]], mscorlib","$values":[]}},"VariationId":"57042259","Quantity":10000,"InvoiceUnitPrice":{"$type":"Sitecore.Commerce.Core.Money, Sitecore.Commerce.Core","CurrencyCode":"USD","Amount":0.0},"Components":{"$type":"System.Collections.Generic.List`1[[Sitecore.Commerce.Core.Component, Sitecore.Commerce.Core]], mscorlib","$values":[{"$type":"Sitecore.Commerce.Plugin.ManagedLists.ListMembershipsComponent, Sitecore.Commerce.Plugin.ManagedLists","Memberships":{"$type":"System.Collections.Generic.List`1[[System.String, mscorlib]], mscorlib","$values":["InventoryInformations"]},"Id":"7dd8b859597e4adc8026739595c7899a","Name":"","Comments":"","Policies":{"$type":"System.Collections.Generic.List`1[[Sitecore.Commerce.Core.Policy, Sitecore.Commerce.Core]], mscorlib","$values":[]},"ChildComponents":{"$type":"System.Collections.Generic.List`1[[Sitecore.Commerce.Core.Component, Sitecore.Commerce.Core]], mscorlib","$values":[]}}]},"DateCreated":"2018-01-11T18:47:17.2873042+00:00","DateUpdated":"2018-08-09T18:56:11.7072028+00:00","DisplayName":"","FriendlyId":"Habitat_Inventory-7042259-57042259","Id":"Entity-InventoryInformation-Habitat_Inventory-7042259-57042259","Version":1,"EntityVersion":1,"Published":true,"IsPersisted":true,"Name":"","Policies":{"$type":"System.Collections.Generic.List`1[[Sitecore.Commerce.Core.Policy, Sitecore.Commerce.Core]], mscorlib","$values":[]}},{"$type":"Sitecore.Commerce.Plugin.Inventory.InventoryInformation, Sitecore.Commerce.Plugin.Inventory","InventorySet":{"$type":"Sitecore.Commerce.Core.EntityReference, Sitecore.Commerce.Core","Name":"","EntityTarget":"Entity-InventorySet-Habitat_Inventory","Policies":{"$type":"System.Collections.Generic.List`1[[Sitecore.Commerce.Core.Policy, Sitecore.Commerce.Core]], mscorlib","$values":[]}},"SellableItem":{"$type":"Sitecore.Commerce.Core.EntityReference, Sitecore.Commerce.Core","Name":"","EntityTarget":"Entity-SellableItem-8042100","Policies":{"$type":"System.Collections.Generic.List`1[[Sitecore.Commerce.Core.Policy, Sitecore.Commerce.Core]], mscorlib","$values":[]}},"VariationId":"","Quantity":10000,"InvoiceUnitPrice":{"$type":"Sitecore.Commerce.Core.Money, Sitecore.Commerce.Core","CurrencyCode":"USD","Amount":0.0},"Components":{"$type":"System.Collections.Generic.List`1[[Sitecore.Commerce.Core.Component, Sitecore.Commerce.Core]], mscorlib","$values":[{"$type":"Sitecore.Commerce.Plugin.Inventory.PreorderableComponent, Sitecore.Commerce.Plugin.Inventory","Preorderable":false,"PreorderedQuantity":0,"PreorderLimit":0,"Id":"61b5f48821194ff7aa68f216a37499b4","Name":"","Comments":"","Policies":{"$type":"System.Collections.Generic.List`1[[Sitecore.Commerce.Core.Policy, Sitecore.Commerce.Core]], mscorlib","$values":[]},"ChildComponents":{"$type":"System.Collections.Generic.List`1[[Sitecore.Commerce.Core.Component, Sitecore.Commerce.Core]], mscorlib","$values":[]}},{"$type":"Sitecore.Commerce.Plugin.Inventory.BackorderableComponent, Sitecore.Commerce.Plugin.Inventory","Backorderable":false,"BackorderedQuantity":0,"BackorderLimit":0,"Id":"e0c83446d9e3492887051bf86c3a99e8","Name":"","Comments":"","Policies":{"$type":"System.Collections.Generic.List`1[[Sitecore.Commerce.Core.Policy, Sitecore.Commerce.Core]], mscorlib","$values":[]},"ChildComponents":{"$type":"System.Collections.Generic.List`1[[Sitecore.Commerce.Core.Component, Sitecore.Commerce.Core]], mscorlib","$values":[]}},{"$type":"Sitecore.Commerce.Plugin.ManagedLists.ListMembershipsComponent, Sitecore.Commerce.Plugin.ManagedLists","Memberships":{"$type":"System.Collections.Generic.List`1[[System.String, mscorlib]], mscorlib","$values":["InventoryInformations"]},"Id":"396d8d4a3b2b431e8ff3d3301d85ea2a","Name":"","Comments":"","Policies":{"$type":"System.Collections.Generic.List`1[[Sitecore.Commerce.Core.Policy, Sitecore.Commerce.Core]], mscorlib","$values":[]},"ChildComponents":{"$type":"System.Collections.Generic.List`1[[Sitecore.Commerce.Core.Component, Sitecore.Commerce.Core]], mscorlib","$values":[]}}]},"DateCreated":"2018-03-26T21:58:37.5457142+00:00","DateUpdated":"2018-08-09T18:56:11.7072028+00:00","DisplayName":"","FriendlyId":"Habitat_Inventory-8042100","Id":"Entity-InventoryInformation-Habitat_Inventory-8042100","Version":1,"EntityVersion":1,"Published":true,"IsPersisted":true,"Name":"","Policies":{"$type":"System.Collections.Generic.List`1[[Sitecore.Commerce.Core.Policy, Sitecore.Commerce.Core]], mscorlib","$values":[]}},{"$type":"Sitecore.Commerce.Plugin.Inventory.InventoryInformation, Sitecore.Commerce.Plugin.Inventory","InventorySet":{"$type":"Sitecore.Commerce.Core.EntityReference, Sitecore.Commerce.Core","Name":"","EntityTarget":"Entity-InventorySet-Habitat_Inventory","Policies":{"$type":"System.Collections.Generic.List`1[[Sitecore.Commerce.Core.Policy, Sitecore.Commerce.Core]], mscorlib","$values":[]}},"SellableItem":{"$type":"Sitecore.Commerce.Core.EntityReference, Sitecore.Commerce.Core","Name":"","EntityTarget":"Entity-SellableItem-8042101","Policies":{"$type":"System.Collections.Generic.List`1[[Sitecore.Commerce.Core.Policy, Sitecore.Commerce.Core]], mscorlib","$values":[]}},"VariationId":"","Quantity":10000,"InvoiceUnitPrice":{"$type":"Sitecore.Commerce.Core.Money, Sitecore.Commerce.Core","CurrencyCode":"USD","Amount":0.0},"Components":{"$type":"System.Collections.Generic.List`1[[Sitecore.Commerce.Core.Component, Sitecore.Commerce.Core]], mscorlib","$values":[{"$type":"Sitecore.Commerce.Plugin.Inventory.PreorderableComponent, Sitecore.Commerce.Plugin.Inventory","Preorderable":false,"PreorderedQuantity":0,"PreorderLimit":0,"Id":"5d38421f98d1464cbf6ca0d90b623239","Name":"","Comments":"","Policies":{"$type":"System.Collections.Generic.List`1[[Sitecore.Commerce.Core.Policy, Sitecore.Commerce.Core]], mscorlib","$values":[]},"ChildComponents":{"$type":"System.Collections.Generic.List`1[[Sitecore.Commerce.Core.Component, Sitecore.Commerce.Core]], mscorlib","$values":[]}},{"$type":"Sitecore.Commerce.Plugin.Inventory.BackorderableComponent, Sitecore.Commerce.Plugin.Inventory","Backorderable":false,"BackorderedQuantity":0,"BackorderLimit":0,"Id":"2c42e1e8b94a4359b304662efe5ec734","Name":"","Comments":"","Policies":{"$type":"System.Collections.Generic.List`1[[Sitecore.Commerce.Core.Policy, Sitecore.Commerce.Core]], mscorlib","$values":[]},"ChildComponents":{"$type":"System.Collections.Generic.List`1[[Sitecore.Commerce.Core.Component, Sitecore.Commerce.Core]], mscorlib","$values":[]}},{"$type":"Sitecore.Commerce.Plugin.ManagedLists.ListMembershipsComponent, Sitecore.Commerce.Plugin.ManagedLists","Memberships":{"$type":"System.Collections.Generic.List`1[[System.String, mscorlib]], mscorlib","$values":["InventoryInformations"]},"Id":"964d5590b3224f13a9f978da460ed4df","Name":"","Comments":"","Policies":{"$type":"System.Collections.Generic.List`1[[Sitecore.Commerce.Core.Policy, Sitecore.Commerce.Core]], mscorlib","$values":[]},"ChildComponents":{"$type":"System.Collections.Generic.List`1[[Sitecore.Commerce.Core.Component, Sitecore.Commerce.Core]], mscorlib","$values":[]}}]},"DateCreated":"2018-03-26T22:00:19.2507829+00:00","DateUpdated":"2018-08-09T18:56:11.7072028+00:00","DisplayName":"","FriendlyId":"Habitat_Inventory-8042101","Id":"Entity-InventoryInformation-Habitat_Inventory-8042101","Version":1,"EntityVersion":1,"Published":true,"IsPersisted":true,"Name":"","Policies":{"$type":"System.Collections.Generic.List`1[[Sitecore.Commerce.Core.Policy, Sitecore.Commerce.Core]], mscorlib","$values":[]}},{"$type":"Sitecore.Commerce.Plugin.Inventory.InventoryInformation, Sitecore.Commerce.Plugin.Inventory","InventorySet":{"$type":"Sitecore.Commerce.Core.EntityReference, Sitecore.Commerce.Core","Name":"","EntityTarget":"Entity-InventorySet-Habitat_Inventory","Policies":{"$type":"System.Collections.Generic.List`1[[Sitecore.Commerce.Core.Policy, Sitecore.Commerce.Core]], mscorlib","$values":[]}},"SellableItem":{"$type":"Sitecore.Commerce.Core.EntityReference, Sitecore.Commerce.Core","Name":"","EntityTarget":"Entity-SellableItem-8042102","Policies":{"$type":"System.Collections.Generic.List`1[[Sitecore.Commerce.Core.Policy, Sitecore.Commerce.Core]], mscorlib","$values":[]}},"VariationId":"","Quantity":10000,"InvoiceUnitPrice":{"$type":"Sitecore.Commerce.Core.Money, Sitecore.Commerce.Core","CurrencyCode":"USD","Amount":0.0},"Components":{"$type":"System.Collections.Generic.List`1[[Sitecore.Commerce.Core.Component, Sitecore.Commerce.Core]], mscorlib","$values":[{"$type":"Sitecore.Commerce.Plugin.Inventory.PreorderableComponent, Sitecore.Commerce.Plugin.Inventory","Preorderable":false,"PreorderedQuantity":0,"PreorderLimit":0,"Id":"b755deaa6d6746ccb79b7b219c45f345","Name":"","Comments":"","Policies":{"$type":"System.Collections.Generic.List`1[[Sitecore.Commerce.Core.Policy, Sitecore.Commerce.Core]], mscorlib","$values":[]},"ChildComponents":{"$type":"System.Collections.Generic.List`1[[Sitecore.Commerce.Core.Component, Sitecore.Commerce.Core]], mscorlib","$values":[]}},{"$type":"Sitecore.Commerce.Plugin.Inventory.BackorderableComponent, Sitecore.Commerce.Plugin.Inventory","Backorderable":false,"BackorderedQuantity":0,"BackorderLimit":0,"Id":"91d55fbe16fe43af907606ca1e6206fe","Name":"","Comments":"","Policies":{"$type":"System.Collections.Generic.List`1[[Sitecore.Commerce.Core.Policy, Sitecore.Commerce.Core]], mscorlib","$values":[]},"ChildComponents":{"$type":"System.Collections.Generic.List`1[[Sitecore.Commerce.Core.Component, Sitecore.Commerce.Core]], mscorlib","$values":[]}},{"$type":"Sitecore.Commerce.Plugin.ManagedLists.ListMembershipsComponent, Sitecore.Commerce.Plugin.ManagedLists","Memberships":{"$type":"System.Collections.Generic.List`1[[System.String, mscorlib]], mscorlib","$values":["InventoryInformations"]},"Id":"a09095ce56c34631aecba8b466efcee7","Name":"","Comments":"","Policies":{"$type":"System.Collections.Generic.List`1[[Sitecore.Commerce.Core.Policy, Sitecore.Commerce.Core]], mscorlib","$values":[]},"ChildComponents":{"$type":"System.Collections.Generic.List`1[[Sitecore.Commerce.Core.Component, Sitecore.Commerce.Core]], mscorlib","$values":[]}}]},"DateCreated":"2018-03-26T22:00:38.4078121+00:00","DateUpdated":"2018-08-09T18:56:11.7072028+00:00","DisplayName":"","FriendlyId":"Habitat_Inventory-8042102","Id":"Entity-InventoryInformation-Habitat_Inventory-8042102","Version":1,"EntityVersion":1,"Published":true,"IsPersisted":true,"Name":"","Policies":{"$type":"System.Collections.Generic.List`1[[Sitecore.Commerce.Core.Policy, Sitecore.Commerce.Core]], mscorlib","$values":[]}},{"$type":"Sitecore.Commerce.Plugin.Inventory.InventoryInformation, Sitecore.Commerce.Plugin.Inventory","InventorySet":{"$type":"Sitecore.Commerce.Core.EntityReference, Sitecore.Commerce.Core","Name":"","EntityTarget":"Entity-InventorySet-Habitat_Inventory","Policies":{"$type":"System.Collections.Generic.List`1[[Sitecore.Commerce.Core.Policy, Sitecore.Commerce.Core]], mscorlib","$values":[]}},"SellableItem":{"$type":"Sitecore.Commerce.Core.EntityReference, Sitecore.Commerce.Core","Name":"","EntityTarget":"Entity-SellableItem-8042103","Policies":{"$type":"System.Collections.Generic.List`1[[Sitecore.Commerce.Core.Policy, Sitecore.Commerce.Core]], mscorlib","$values":[]}},"VariationId":"","Quantity":10000,"InvoiceUnitPrice":{"$type":"Sitecore.Commerce.Core.Money, Sitecore.Commerce.Core","CurrencyCode":"USD","Amount":0.0},"Components":{"$type":"System.Collections.Generic.List`1[[Sitecore.Commerce.Core.Component, Sitecore.Commerce.Core]], mscorlib","$values":[{"$type":"Sitecore.Commerce.Plugin.Inventory.PreorderableComponent, Sitecore.Commerce.Plugin.Inventory","Preorderable":false,"PreorderedQuantity":0,"PreorderLimit":0,"Id":"6d034ec72a0646298b297ae1e232f713","Name":"","Comments":"","Policies":{"$type":"System.Collections.Generic.List`1[[Sitecore.Commerce.Core.Policy, Sitecore.Commerce.Core]], mscorlib","$values":[]},"ChildComponents":{"$type":"System.Collections.Generic.List`1[[Sitecore.Commerce.Core.Component, Sitecore.Commerce.Core]], mscorlib","$values":[]}},{"$type":"Sitecore.Commerce.Plugin.Inventory.BackorderableComponent, Sitecore.Commerce.Plugin.Inventory","Backorderable":false,"BackorderedQuantity":0,"BackorderLimit":0,"Id":"91ef4503b8d24071899a2ab1f0d0b417","Name":"","Comments":"","Policies":{"$type":"System.Collections.Generic.List`1[[Sitecore.Commerce.Core.Policy, Sitecore.Commerce.Core]], mscorlib","$values":[]},"ChildComponents":{"$type":"System.Collections.Generic.List`1[[Sitecore.Commerce.Core.Component, Sitecore.Commerce.Core]], mscorlib","$values":[]}},{"$type":"Sitecore.Commerce.Plugin.ManagedLists.ListMembershipsComponent, Sitecore.Commerce.Plugin.ManagedLists","Memberships":{"$type":"System.Collections.Generic.List`1[[System.String, mscorlib]], mscorlib","$values":["InventoryInformations"]},"Id":"3e44f95a90e84697a585fc836129a62f","Name":"","Comments":"","Policies":{"$type":"System.Collections.Generic.List`1[[Sitecore.Commerce.Core.Policy, Sitecore.Commerce.Core]], mscorlib","$values":[]},"ChildComponents":{"$type":"System.Collections.Generic.List`1[[Sitecore.Commerce.Core.Component, Sitecore.Commerce.Core]], mscorlib","$values":[]}}]},"DateCreated":"2018-03-26T22:00:58.0641833+00:00","DateUpdated":"2018-08-09T18:56:11.7072028+00:00","DisplayName":"","FriendlyId":"Habitat_Inventory-8042103","Id":"Entity-InventoryInformation-Habitat_Inventory-8042103","Version":1,"EntityVersion":1,"Published":true,"IsPersisted":true,"Name":"","Policies":{"$type":"System.Collections.Generic.List`1[[Sitecore.Commerce.Core.Policy, Sitecore.Commerce.Core]], mscorlib","$values":[]}},{"$type":"Sitecore.Commerce.Plugin.Inventory.InventoryInformation, Sitecore.Commerce.Plugin.Inventory","InventorySet":{"$type":"Sitecore.Commerce.Core.EntityReference, Sitecore.Commerce.Core","Name":"","EntityTarget":"Entity-InventorySet-Habitat_Inventory","Policies":{"$type":"System.Collections.Generic.List`1[[Sitecore.Commerce.Core.Policy, Sitecore.Commerce.Core]], mscorlib","$values":[]}},"SellableItem":{"$type":"Sitecore.Commerce.Core.EntityReference, Sitecore.Commerce.Core","Name":"","EntityTarget":"Entity-SellableItem-8042104","Policies":{"$type":"System.Collections.Generic.List`1[[Sitecore.Commerce.Core.Policy, Sitecore.Commerce.Core]], mscorlib","$values":[]}},"VariationId":"","Quantity":10000,"InvoiceUnitPrice":{"$type":"Sitecore.Commerce.Core.Money, Sitecore.Commerce.Core","CurrencyCode":"USD","Amount":0.0},"Components":{"$type":"System.Collections.Generic.List`1[[Sitecore.Commerce.Core.Component, Sitecore.Commerce.Core]], mscorlib","$values":[{"$type":"Sitecore.Commerce.Plugin.Inventory.PreorderableComponent, Sitecore.Commerce.Plugin.Inventory","Preorderable":false,"PreorderedQuantity":0,"PreorderLimit":0,"Id":"c460f738a51b43c2af87d5611254d1e0","Name":"","Comments":"","Policies":{"$type":"System.Collections.Generic.List`1[[Sitecore.Commerce.Core.Policy, Sitecore.Commerce.Core]], mscorlib","$values":[]},"ChildComponents":{"$type":"System.Collections.Generic.List`1[[Sitecore.Commerce.Core.Component, Sitecore.Commerce.Core]], mscorlib","$values":[]}},{"$type":"Sitecore.Commerce.Plugin.Inventory.BackorderableComponent, Sitecore.Commerce.Plugin.Inventory","Backorderable":false,"BackorderedQuantity":0,"BackorderLimit":0,"Id":"47cd42eada644473b8c323a9c40bb12f","Name":"","Comments":"","Policies":{"$type":"System.Collections.Generic.List`1[[Sitecore.Commerce.Core.Policy, Sitecore.Commerce.Core]], mscorlib","$values":[]},"ChildComponents":{"$type":"System.Collections.Generic.List`1[[Sitecore.Commerce.Core.Component, Sitecore.Commerce.Core]], mscorlib","$values":[]}},{"$type":"Sitecore.Commerce.Plugin.ManagedLists.ListMembershipsComponent, Sitecore.Commerce.Plugin.ManagedLists","Memberships":{"$type":"System.Collections.Generic.List`1[[System.String, mscorlib]], mscorlib","$values":["InventoryInformations"]},"Id":"1fc20e4589554dddb1d626c793133f98","Name":"","Comments":"","Policies":{"$type":"System.Collections.Generic.List`1[[Sitecore.Commerce.Core.Policy, Sitecore.Commerce.Core]], mscorlib","$values":[]},"ChildComponents":{"$type":"System.Collections.Generic.List`1[[Sitecore.Commerce.Core.Component, Sitecore.Commerce.Core]], mscorlib","$values":[]}}]},"DateCreated":"2018-03-26T21:55:08.9320907+00:00","DateUpdated":"2018-08-09T18:56:11.7072028+00:00","DisplayName":"","FriendlyId":"Habitat_Inventory-8042104","Id":"Entity-InventoryInformation-Habitat_Inventory-8042104","Version":1,"EntityVersion":1,"Published":true,"IsPersisted":true,"Name":"","Policies":{"$type":"System.Collections.Generic.List`1[[Sitecore.Commerce.Core.Policy, Sitecore.Commerce.Core]], mscorlib","$values":[]}},{"$type":"Sitecore.Commerce.Plugin.Inventory.InventoryInformation, Sitecore.Commerce.Plugin.Inventory","InventorySet":{"$type":"Sitecore.Commerce.Core.EntityReference, Sitecore.Commerce.Core","Name":"","EntityTarget":"Entity-InventorySet-Habitat_Inventory","Policies":{"$type":"System.Collections.Generic.List`1[[Sitecore.Commerce.Core.Policy, Sitecore.Commerce.Core]], mscorlib","$values":[]}},"SellableItem":{"$type":"Sitecore.Commerce.Core.EntityReference, Sitecore.Commerce.Core","Name":"","EntityTarget":"Entity-SellableItem-8042105","Policies":{"$type":"System.Collections.Generic.List`1[[Sitecore.Commerce.Core.Policy, Sitecore.Commerce.Core]], mscorlib","$values":[]}},"VariationId":"","Quantity":10000,"InvoiceUnitPrice":{"$type":"Sitecore.Commerce.Core.Money, Sitecore.Commerce.Core","CurrencyCode":"USD","Amount":0.0},"Components":{"$type":"System.Collections.Generic.List`1[[Sitecore.Commerce.Core.Component, Sitecore.Commerce.Core]], mscorlib","$values":[{"$type":"Sitecore.Commerce.Plugin.Inventory.PreorderableComponent, Sitecore.Commerce.Plugin.Inventory","Preorderable":false,"PreorderedQuantity":0,"PreorderLimit":0,"Id":"5f4a65d23dc14d6996b1d9b6c542f3e5","Name":"","Comments":"","Policies":{"$type":"System.Collections.Generic.List`1[[Sitecore.Commerce.Core.Policy, Sitecore.Commerce.Core]], mscorlib","$values":[]},"ChildComponents":{"$type":"System.Collections.Generic.List`1[[Sitecore.Commerce.Core.Component, Sitecore.Commerce.Core]], mscorlib","$values":[]}},{"$type":"Sitecore.Commerce.Plugin.Inventory.BackorderableComponent, Sitecore.Commerce.Plugin.Inventory","Backorderable":false,"BackorderedQuantity":0,"BackorderLimit":0,"Id":"08e61e7e50094a8c8c60b3fa811ac224","Name":"","Comments":"","Policies":{"$type":"System.Collections.Generic.List`1[[Sitecore.Commerce.Core.Policy, Sitecore.Commerce.Core]], mscorlib","$values":[]},"ChildComponents":{"$type":"System.Collections.Generic.List`1[[Sitecore.Commerce.Core.Component, Sitecore.Commerce.Core]], mscorlib","$values":[]}},{"$type":"Sitecore.Commerce.Plugin.ManagedLists.ListMembershipsComponent, Sitecore.Commerce.Plugin.ManagedLists","Memberships":{"$type":"System.Collections.Generic.List`1[[System.String, mscorlib]], mscorlib","$values":["InventoryInformations"]},"Id":"c8c3316f42f544518e1ec30129572ed6","Name":"","Comments":"","Policies":{"$type":"System.Collections.Generic.List`1[[Sitecore.Commerce.Core.Policy, Sitecore.Commerce.Core]], mscorlib","$values":[]},"ChildComponents":{"$type":"System.Collections.Generic.List`1[[Sitecore.Commerce.Core.Component, Sitecore.Commerce.Core]], mscorlib","$values":[]}}]},"DateCreated":"2018-03-26T22:01:46.6862115+00:00","DateUpdated":"2018-08-09T18:56:11.7072028+00:00","DisplayName":"","FriendlyId":"Habitat_Inventory-8042105","Id":"Entity-InventoryInformation-Habitat_Inventory-8042105","Version":1,"EntityVersion":1,"Published":true,"IsPersisted":true,"Name":"","Policies":{"$type":"System.Collections.Generic.List`1[[Sitecore.Commerce.Core.Policy, Sitecore.Commerce.Core]], mscorlib","$values":[]}}]}