{"$type":"System.Collections.Generic.List`1[[Sitecore.Commerce.Plugin.Inventory.InventoryInformation, Sitecore.Commerce.Plugin.Inventory]], mscorlib","$values":[{"$type":"Sitecore.Commerce.Plugin.Inventory.InventoryInformation, Sitecore.Commerce.Plugin.Inventory","InventorySet":{"$type":"Sitecore.Commerce.Core.EntityReference, Sitecore.Commerce.Core","EntityTarget":"Entity-InventorySet-OttawaStore"},"SellableItem":{"$type":"Sitecore.Commerce.Core.EntityReference, Sitecore.Commerce.Core","EntityTarget":"Entity-SellableItem-8042121"},"VariationId":"8042121-LH","Quantity":35,"InvoiceUnitPrice":{"$type":"Sitecore.Commerce.Core.Money, Sitecore.Commerce.Core","CurrencyCode":"USD","Amount":0.0},"DateCreated":"2019-09-19T19:19:56.3441577+00:00","DateUpdated":"2019-10-28T13:58:09.2563999+00:00","FriendlyId":"OttawaStore-8042121-8042121-LH","Id":"Entity-InventoryInformation-OttawaStore-8042121-8042121-LH","Version":1,"EntityVersion":1,"Published":true,"IsPersisted":true,"UniqueId":"a22a4e1d-9993-0d3a-a685-968c04509e23"},{"$type":"Sitecore.Commerce.Plugin.Inventory.InventoryInformation, Sitecore.Commerce.Plugin.Inventory","InventorySet":{"$type":"Sitecore.Commerce.Core.EntityReference, Sitecore.Commerce.Core","EntityTarget":"Entity-InventorySet-OttawaStore"},"SellableItem":{"$type":"Sitecore.Commerce.Core.EntityReference, Sitecore.Commerce.Core","EntityTarget":"Entity-SellableItem-8042121"},"VariationId":"8042121-RH","Quantity":0,"InvoiceUnitPrice":{"$type":"Sitecore.Commerce.Core.Money, Sitecore.Commerce.Core","CurrencyCode":"USD","Amount":0.0},"DateCreated":"2019-09-19T19:19:56.462149+00:00","DateUpdated":"2019-10-28T13:58:09.2613678+00:00","FriendlyId":"OttawaStore-8042121-8042121-RH","Id":"Entity-InventoryInformation-OttawaStore-8042121-8042121-RH","Version":1,"EntityVersion":1,"Published":true,"IsPersisted":true,"UniqueId":"b41e4a36-808d-39c6-e212-9fb67233f653"},{"$type":"Sitecore.Commerce.Plugin.Inventory.InventoryInformation, Sitecore.Commerce.Plugin.Inventory","InventorySet":{"$type":"Sitecore.Commerce.Core.EntityReference, Sitecore.Commerce.Core","EntityTarget":"Entity-InventorySet-OttawaStore"},"SellableItem":{"$type":"Sitecore.Commerce.Core.EntityReference, Sitecore.Commerce.Core","EntityTarget":"Entity-SellableItem-8042122"},"Quantity":15,"InvoiceUnitPrice":{"$type":"Sitecore.Commerce.Core.Money, Sitecore.Commerce.Core","CurrencyCode":"USD","Amount":0.0},"DateCreated":"2019-09-19T19:19:56.5851537+00:00","DateUpdated":"2019-10-28T13:58:09.2943651+00:00","FriendlyId":"OttawaStore-8042122","Id":"Entity-InventoryInformation-OttawaStore-8042122","Version":1,"EntityVersion":1,"Published":true,"IsPersisted":true,"UniqueId":"b8a4df76-1a16-b7e8-5cc5-eef2a4670a36"},{"$type":"Sitecore.Commerce.Plugin.Inventory.InventoryInformation, Sitecore.Commerce.Plugin.Inventory","InventorySet":{"$type":"Sitecore.Commerce.Core.EntityReference, Sitecore.Commerce.Core","EntityTarget":"Entity-InventorySet-OttawaStore"},"SellableItem":{"$type":"Sitecore.Commerce.Core.EntityReference, Sitecore.Commerce.Core","EntityTarget":"Entity-SellableItem-8042123"},"VariationId":"8042123-LH","Quantity":49,"InvoiceUnitPrice":{"$type":"Sitecore.Commerce.Core.Money, Sitecore.Commerce.Core","CurrencyCode":"USD","Amount":0.0},"DateCreated":"2019-09-19T19:19:56.7351487+00:00","DateUpdated":"2019-10-28T13:58:09.2913981+00:00","FriendlyId":"OttawaStore-8042123-8042123-LH","Id":"Entity-InventoryInformation-OttawaStore-8042123-8042123-LH","Version":1,"EntityVersion":1,"Published":true,"IsPersisted":true,"UniqueId":"e87ce253-ee34-55c5-37fe-28c979f9179f"},{"$type":"Sitecore.Commerce.Plugin.Inventory.InventoryInformation, Sitecore.Commerce.Plugin.Inventory","InventorySet":{"$type":"Sitecore.Commerce.Core.EntityReference, Sitecore.Commerce.Core","EntityTarget":"Entity-InventorySet-OttawaStore"},"SellableItem":{"$type":"Sitecore.Commerce.Core.EntityReference, Sitecore.Commerce.Core","EntityTarget":"Entity-SellableItem-8042123"},"VariationId":"8042123-RH","Quantity":23,"InvoiceUnitPrice":{"$type":"Sitecore.Commerce.Core.Money, Sitecore.Commerce.Core","CurrencyCode":"USD","Amount":0.0},"DateCreated":"2019-09-19T19:19:56.8881484+00:00","DateUpdated":"2019-10-28T13:58:09.2893773+00:00","FriendlyId":"OttawaStore-8042123-8042123-RH","Id":"Entity-InventoryInformation-OttawaStore-8042123-8042123-RH","Version":1,"EntityVersion":1,"Published":true,"IsPersisted":true,"UniqueId":"39d59ee1-0321-d781-b0f9-bf8fc1d0fe8e"},{"$type":"Sitecore.Commerce.Plugin.Inventory.InventoryInformation, Sitecore.Commerce.Plugin.Inventory","InventorySet":{"$type":"Sitecore.Commerce.Core.EntityReference, Sitecore.Commerce.Core","EntityTarget":"Entity-InventorySet-OttawaStore"},"SellableItem":{"$type":"Sitecore.Commerce.Core.EntityReference, Sitecore.Commerce.Core","EntityTarget":"Entity-SellableItem-8042124"},"Quantity":48,"InvoiceUnitPrice":{"$type":"Sitecore.Commerce.Core.Money, Sitecore.Commerce.Core","CurrencyCode":"USD","Amount":0.0},"DateCreated":"2019-09-19T19:19:57.0421496+00:00","DateUpdated":"2019-10-28T13:58:09.2963635+00:00","FriendlyId":"OttawaStore-8042124","Id":"Entity-InventoryInformation-OttawaStore-8042124","Version":1,"EntityVersion":1,"Published":true,"IsPersisted":true,"UniqueId":"d10d8ae9-3e9f-3e68-0999-43e8b15262e9"},{"$type":"Sitecore.Commerce.Plugin.Inventory.InventoryInformation, Sitecore.Commerce.Plugin.Inventory","InventorySet":{"$type":"Sitecore.Commerce.Core.EntityReference, Sitecore.Commerce.Core","EntityTarget":"Entity-InventorySet-OttawaStore"},"SellableItem":{"$type":"Sitecore.Commerce.Core.EntityReference, Sitecore.Commerce.Core","EntityTarget":"Entity-SellableItem-8042125"},"VariationId":"8042125-LH","Quantity":31,"InvoiceUnitPrice":{"$type":"Sitecore.Commerce.Core.Money, Sitecore.Commerce.Core","CurrencyCode":"USD","Amount":0.0},"DateCreated":"2019-09-19T19:19:57.1831786+00:00","DateUpdated":"2019-10-28T13:58:09.2923973+00:00","FriendlyId":"OttawaStore-8042125-8042125-LH","Id":"Entity-InventoryInformation-OttawaStore-8042125-8042125-LH","Version":1,"EntityVersion":1,"Published":true,"IsPersisted":true,"UniqueId":"00629eb7-83dc-6637-0da5-afe61b541284"},{"$type":"Sitecore.Commerce.Plugin.Inventory.InventoryInformation, Sitecore.Commerce.Plugin.Inventory","InventorySet":{"$type":"Sitecore.Commerce.Core.EntityReference, Sitecore.Commerce.Core","EntityTarget":"Entity-InventorySet-OttawaStore"},"SellableItem":{"$type":"Sitecore.Commerce.Core.EntityReference, Sitecore.Commerce.Core","EntityTarget":"Entity-SellableItem-8042125"},"VariationId":"8042125-RH","Quantity":47,"InvoiceUnitPrice":{"$type":"Sitecore.Commerce.Core.Money, Sitecore.Commerce.Core","CurrencyCode":"USD","Amount":0.0},"DateCreated":"2019-09-19T19:19:57.3051719+00:00","DateUpdated":"2019-10-28T13:58:09.2903975+00:00","FriendlyId":"OttawaStore-8042125-8042125-RH","Id":"Entity-InventoryInformation-OttawaStore-8042125-8042125-RH","Version":1,"EntityVersion":1,"Published":true,"IsPersisted":true,"UniqueId":"96e92946-043d-aa15-7ea7-b84b9d83251d"},{"$type":"Sitecore.Commerce.Plugin.Inventory.InventoryInformation, Sitecore.Commerce.Plugin.Inventory","InventorySet":{"$type":"Sitecore.Commerce.Core.EntityReference, Sitecore.Commerce.Core","EntityTarget":"Entity-InventorySet-OttawaStore"},"SellableItem":{"$type":"Sitecore.Commerce.Core.EntityReference, Sitecore.Commerce.Core","EntityTarget":"Entity-SellableItem-8042126"},"Quantity":44,"InvoiceUnitPrice":{"$type":"Sitecore.Commerce.Core.Money, Sitecore.Commerce.Core","CurrencyCode":"USD","Amount":0.0},"DateCreated":"2019-09-19T19:19:57.4251788+00:00","DateUpdated":"2019-10-28T13:58:09.2884001+00:00","FriendlyId":"OttawaStore-8042126","Id":"Entity-InventoryInformation-OttawaStore-8042126","Version":1,"EntityVersion":1,"Published":true,"IsPersisted":true,"UniqueId":"59f57a7c-0cc0-476e-bbb5-270b008e4a5f"},{"$type":"Sitecore.Commerce.Plugin.Inventory.InventoryInformation, Sitecore.Commerce.Plugin.Inventory","InventorySet":{"$type":"Sitecore.Commerce.Core.EntityReference, Sitecore.Commerce.Core","EntityTarget":"Entity-InventorySet-OttawaStore"},"SellableItem":{"$type":"Sitecore.Commerce.Core.EntityReference, Sitecore.Commerce.Core","EntityTarget":"Entity-SellableItem-8042127"},"Quantity":9,"InvoiceUnitPrice":{"$type":"Sitecore.Commerce.Core.Money, Sitecore.Commerce.Core","CurrencyCode":"USD","Amount":0.0},"DateCreated":"2019-09-19T19:19:57.5441788+00:00","DateUpdated":"2019-10-28T13:58:09.295404+00:00","FriendlyId":"OttawaStore-8042127","Id":"Entity-InventoryInformation-OttawaStore-8042127","Version":1,"EntityVersion":1,"Published":true,"IsPersisted":true,"UniqueId":"c6a7226c-2c91-cc1e-1e39-98cb58fb39e0"},{"$type":"Sitecore.Commerce.Plugin.Inventory.InventoryInformation, Sitecore.Commerce.Plugin.Inventory","InventorySet":{"$type":"Sitecore.Commerce.Core.EntityReference, Sitecore.Commerce.Core","EntityTarget":"Entity-InventorySet-OttawaStore"},"SellableItem":{"$type":"Sitecore.Commerce.Core.EntityReference, Sitecore.Commerce.Core","EntityTarget":"Entity-SellableItem-8042128"},"Quantity":24,"InvoiceUnitPrice":{"$type":"Sitecore.Commerce.Core.Money, Sitecore.Commerce.Core","CurrencyCode":"USD","Amount":0.0},"DateCreated":"2019-09-19T19:19:57.6631944+00:00","DateUpdated":"2019-10-28T13:58:09.2933985+00:00","FriendlyId":"OttawaStore-8042128","Id":"Entity-InventoryInformation-OttawaStore-8042128","Version":1,"EntityVersion":1,"Published":true,"IsPersisted":true,"UniqueId":"00ac2782-d9e0-4fce-3c52-e9776315c7c3"},{"$type":"Sitecore.Commerce.Plugin.Inventory.InventoryInformation, Sitecore.Commerce.Plugin.Inventory","InventorySet":{"$type":"Sitecore.Commerce.Core.EntityReference, Sitecore.Commerce.Core","EntityTarget":"Entity-InventorySet-OttawaStore"},"SellableItem":{"$type":"Sitecore.Commerce.Core.EntityReference, Sitecore.Commerce.Core","EntityTarget":"Entity-SellableItem-8042129"},"VariationId":"8042129_L","Quantity":20,"InvoiceUnitPrice":{"$type":"Sitecore.Commerce.Core.Money, Sitecore.Commerce.Core","CurrencyCode":"USD","Amount":0.0},"DateCreated":"2019-09-19T19:19:58.0441759+00:00","DateUpdated":"2019-10-28T13:58:09.2973974+00:00","FriendlyId":"OttawaStore-8042129-8042129_L","Id":"Entity-InventoryInformation-OttawaStore-8042129-8042129_L","Version":1,"EntityVersion":1,"Published":true,"IsPersisted":true,"UniqueId":"820253de-cd08-5960-d81d-481666a423d4"},{"$type":"Sitecore.Commerce.Plugin.Inventory.InventoryInformation, Sitecore.Commerce.Plugin.Inventory","InventorySet":{"$type":"Sitecore.Commerce.Core.EntityReference, Sitecore.Commerce.Core","EntityTarget":"Entity-InventorySet-OttawaStore"},"SellableItem":{"$type":"Sitecore.Commerce.Core.EntityReference, Sitecore.Commerce.Core","EntityTarget":"Entity-SellableItem-8042129"},"VariationId":"8042129_M","Quantity":5,"InvoiceUnitPrice":{"$type":"Sitecore.Commerce.Core.Money, Sitecore.Commerce.Core","CurrencyCode":"USD","Amount":0.0},"DateCreated":"2019-09-19T19:19:57.9171713+00:00","DateUpdated":"2019-10-28T13:58:09.2694145+00:00","FriendlyId":"OttawaStore-8042129-8042129_M","Id":"Entity-InventoryInformation-OttawaStore-8042129-8042129_M","Version":1,"EntityVersion":1,"Published":true,"IsPersisted":true,"UniqueId":"b4ae903b-1399-4c52-91ce-4ebea470f867"},{"$type":"Sitecore.Commerce.Plugin.Inventory.InventoryInformation, Sitecore.Commerce.Plugin.Inventory","InventorySet":{"$type":"Sitecore.Commerce.Core.EntityReference, Sitecore.Commerce.Core","EntityTarget":"Entity-InventorySet-OttawaStore"},"SellableItem":{"$type":"Sitecore.Commerce.Core.EntityReference, Sitecore.Commerce.Core","EntityTarget":"Entity-SellableItem-8042129"},"VariationId":"8042129_S","Quantity":39,"InvoiceUnitPrice":{"$type":"Sitecore.Commerce.Core.Money, Sitecore.Commerce.Core","CurrencyCode":"USD","Amount":0.0},"DateCreated":"2019-09-19T19:19:57.784173+00:00","DateUpdated":"2019-10-28T13:58:09.3003681+00:00","FriendlyId":"OttawaStore-8042129-8042129_S","Id":"Entity-InventoryInformation-OttawaStore-8042129-8042129_S","Version":1,"EntityVersion":1,"Published":true,"IsPersisted":true,"UniqueId":"3c0fbc94-9fc5-bc76-6bac-8338b693f39f"},{"$type":"Sitecore.Commerce.Plugin.Inventory.InventoryInformation, Sitecore.Commerce.Plugin.Inventory","InventorySet":{"$type":"Sitecore.Commerce.Core.EntityReference, Sitecore.Commerce.Core","EntityTarget":"Entity-InventorySet-OttawaStore"},"SellableItem":{"$type":"Sitecore.Commerce.Core.EntityReference, Sitecore.Commerce.Core","EntityTarget":"Entity-SellableItem-8042129"},"VariationId":"8042129_XL","Quantity":35,"InvoiceUnitPrice":{"$type":"Sitecore.Commerce.Core.Money, Sitecore.Commerce.Core","CurrencyCode":"USD","Amount":0.0},"DateCreated":"2019-09-19T19:19:58.1711711+00:00","DateUpdated":"2019-10-28T13:58:09.2694145+00:00","FriendlyId":"OttawaStore-8042129-8042129_XL","Id":"Entity-InventoryInformation-OttawaStore-8042129-8042129_XL","Version":1,"EntityVersion":1,"Published":true,"IsPersisted":true,"UniqueId":"6a2fb6f1-cac3-9afb-6210-454f35b83335"},{"$type":"Sitecore.Commerce.Plugin.Inventory.InventoryInformation, Sitecore.Commerce.Plugin.Inventory","InventorySet":{"$type":"Sitecore.Commerce.Core.EntityReference, Sitecore.Commerce.Core","EntityTarget":"Entity-InventorySet-OttawaStore"},"SellableItem":{"$type":"Sitecore.Commerce.Core.EntityReference, Sitecore.Commerce.Core","EntityTarget":"Entity-SellableItem-8042130"},"Quantity":0,"InvoiceUnitPrice":{"$type":"Sitecore.Commerce.Core.Money, Sitecore.Commerce.Core","CurrencyCode":"USD","Amount":0.0},"DateCreated":"2019-09-19T19:19:58.285175+00:00","DateUpdated":"2019-10-28T13:58:09.2993946+00:00","FriendlyId":"OttawaStore-8042130","Id":"Entity-InventoryInformation-OttawaStore-8042130","Version":1,"EntityVersion":1,"Published":true,"IsPersisted":true,"UniqueId":"7813607c-b369-26c9-7194-5b4ab3b31a59"},{"$type":"Sitecore.Commerce.Plugin.Inventory.InventoryInformation, Sitecore.Commerce.Plugin.Inventory","InventorySet":{"$type":"Sitecore.Commerce.Core.EntityReference, Sitecore.Commerce.Core","EntityTarget":"Entity-InventorySet-OttawaStore"},"SellableItem":{"$type":"Sitecore.Commerce.Core.EntityReference, Sitecore.Commerce.Core","EntityTarget":"Entity-SellableItem-8042131"},"Quantity":47,"InvoiceUnitPrice":{"$type":"Sitecore.Commerce.Core.Money, Sitecore.Commerce.Core","CurrencyCode":"USD","Amount":0.0},"DateCreated":"2019-09-19T19:19:58.4001745+00:00","DateUpdated":"2019-10-28T13:58:09.2743634+00:00","FriendlyId":"OttawaStore-8042131","Id":"Entity-InventoryInformation-OttawaStore-8042131","Version":1,"EntityVersion":1,"Published":true,"IsPersisted":true,"UniqueId":"b3f3fec9-1edc-56ee-acb7-3877a7ed7b3a"},{"$type":"Sitecore.Commerce.Plugin.Inventory.InventoryInformation, Sitecore.Commerce.Plugin.Inventory","InventorySet":{"$type":"Sitecore.Commerce.Core.EntityReference, Sitecore.Commerce.Core","EntityTarget":"Entity-InventorySet-OttawaStore"},"SellableItem":{"$type":"Sitecore.Commerce.Core.EntityReference, Sitecore.Commerce.Core","EntityTarget":"Entity-SellableItem-8042132"},"Quantity":21,"InvoiceUnitPrice":{"$type":"Sitecore.Commerce.Core.Money, Sitecore.Commerce.Core","CurrencyCode":"USD","Amount":0.0},"DateCreated":"2019-09-19T19:19:58.5171709+00:00","DateUpdated":"2019-10-28T13:58:09.2703652+00:00","FriendlyId":"OttawaStore-8042132","Id":"Entity-InventoryInformation-OttawaStore-8042132","Version":1,"EntityVersion":1,"Published":true,"IsPersisted":true,"UniqueId":"ddb00878-fada-c463-1436-9eca11d78543"},{"$type":"Sitecore.Commerce.Plugin.Inventory.InventoryInformation, Sitecore.Commerce.Plugin.Inventory","InventorySet":{"$type":"Sitecore.Commerce.Core.EntityReference, Sitecore.Commerce.Core","EntityTarget":"Entity-InventorySet-OttawaStore"},"SellableItem":{"$type":"Sitecore.Commerce.Core.EntityReference, Sitecore.Commerce.Core","EntityTarget":"Entity-SellableItem-8042133"},"Quantity":36,"InvoiceUnitPrice":{"$type":"Sitecore.Commerce.Core.Money, Sitecore.Commerce.Core","CurrencyCode":"USD","Amount":0.0},"DateCreated":"2019-09-19T19:19:58.6391761+00:00","DateUpdated":"2019-10-28T13:58:09.2673985+00:00","FriendlyId":"OttawaStore-8042133","Id":"Entity-InventoryInformation-OttawaStore-8042133","Version":1,"EntityVersion":1,"Published":true,"IsPersisted":true,"UniqueId":"6ae5aa54-6e36-a300-cc16-124590f6e5ab"},{"$type":"Sitecore.Commerce.Plugin.Inventory.InventoryInformation, Sitecore.Commerce.Plugin.Inventory","InventorySet":{"$type":"Sitecore.Commerce.Core.EntityReference, Sitecore.Commerce.Core","EntityTarget":"Entity-InventorySet-OttawaStore"},"SellableItem":{"$type":"Sitecore.Commerce.Core.EntityReference, Sitecore.Commerce.Core","EntityTarget":"Entity-SellableItem-8042134"},"Quantity":1,"InvoiceUnitPrice":{"$type":"Sitecore.Commerce.Core.Money, Sitecore.Commerce.Core","CurrencyCode":"USD","Amount":0.0},"DateCreated":"2019-09-19T19:19:58.760169+00:00","DateUpdated":"2019-10-28T13:58:09.2843681+00:00","FriendlyId":"OttawaStore-8042134","Id":"Entity-InventoryInformation-OttawaStore-8042134","Version":1,"EntityVersion":1,"Published":true,"IsPersisted":true,"UniqueId":"6ffae6da-73e2-03fe-02fe-276ea50b5dd0"},{"$type":"Sitecore.Commerce.Plugin.Inventory.InventoryInformation, Sitecore.Commerce.Plugin.Inventory","InventorySet":{"$type":"Sitecore.Commerce.Core.EntityReference, Sitecore.Commerce.Core","EntityTarget":"Entity-InventorySet-OttawaStore"},"SellableItem":{"$type":"Sitecore.Commerce.Core.EntityReference, Sitecore.Commerce.Core","EntityTarget":"Entity-SellableItem-8042135"},"Quantity":48,"InvoiceUnitPrice":{"$type":"Sitecore.Commerce.Core.Money, Sitecore.Commerce.Core","CurrencyCode":"USD","Amount":0.0},"DateCreated":"2019-09-19T19:19:58.875171+00:00","DateUpdated":"2019-10-28T13:58:09.2713629+00:00","FriendlyId":"OttawaStore-8042135","Id":"Entity-InventoryInformation-OttawaStore-8042135","Version":1,"EntityVersion":1,"Published":true,"IsPersisted":true,"UniqueId":"f3f7d368-4624-6501-c0d7-18d1db681097"},{"$type":"Sitecore.Commerce.Plugin.Inventory.InventoryInformation, Sitecore.Commerce.Plugin.Inventory","InventorySet":{"$type":"Sitecore.Commerce.Core.EntityReference, Sitecore.Commerce.Core","EntityTarget":"Entity-InventorySet-OttawaStore"},"SellableItem":{"$type":"Sitecore.Commerce.Core.EntityReference, Sitecore.Commerce.Core","EntityTarget":"Entity-SellableItem-8042136"},"Quantity":13,"InvoiceUnitPrice":{"$type":"Sitecore.Commerce.Core.Money, Sitecore.Commerce.Core","CurrencyCode":"USD","Amount":0.0},"DateCreated":"2019-09-19T19:19:58.9961731+00:00","DateUpdated":"2019-10-28T13:58:09.2753648+00:00","FriendlyId":"OttawaStore-8042136","Id":"Entity-InventoryInformation-OttawaStore-8042136","Version":1,"EntityVersion":1,"Published":true,"IsPersisted":true,"UniqueId":"d60006ea-0ae4-5b8c-842b-75de90e1dae9"},{"$type":"Sitecore.Commerce.Plugin.Inventory.InventoryInformation, Sitecore.Commerce.Plugin.Inventory","InventorySet":{"$type":"Sitecore.Commerce.Core.EntityReference, Sitecore.Commerce.Core","EntityTarget":"Entity-InventorySet-OttawaStore"},"SellableItem":{"$type":"Sitecore.Commerce.Core.EntityReference, Sitecore.Commerce.Core","EntityTarget":"Entity-SellableItem-8042137"},"Quantity":28,"InvoiceUnitPrice":{"$type":"Sitecore.Commerce.Core.Money, Sitecore.Commerce.Core","CurrencyCode":"USD","Amount":0.0},"DateCreated":"2019-09-19T19:19:59.1111691+00:00","DateUpdated":"2019-10-28T13:58:09.2893773+00:00","FriendlyId":"OttawaStore-8042137","Id":"Entity-InventoryInformation-OttawaStore-8042137","Version":1,"EntityVersion":1,"Published":true,"IsPersisted":true,"UniqueId":"a9ca25a9-1f65-dde8-85b2-7d59afc19f0c"},{"$type":"Sitecore.Commerce.Plugin.Inventory.InventoryInformation, Sitecore.Commerce.Plugin.Inventory","InventorySet":{"$type":"Sitecore.Commerce.Core.EntityReference, Sitecore.Commerce.Core","EntityTarget":"Entity-InventorySet-OttawaStore"},"SellableItem":{"$type":"Sitecore.Commerce.Core.EntityReference, Sitecore.Commerce.Core","EntityTarget":"Entity-SellableItem-8042138"},"Quantity":44,"InvoiceUnitPrice":{"$type":"Sitecore.Commerce.Core.Money, Sitecore.Commerce.Core","CurrencyCode":"USD","Amount":0.0},"DateCreated":"2019-09-19T19:19:59.2362038+00:00","DateUpdated":"2019-10-28T13:58:09.2983975+00:00","FriendlyId":"OttawaStore-8042138","Id":"Entity-InventoryInformation-OttawaStore-8042138","Version":1,"EntityVersion":1,"Published":true,"IsPersisted":true,"UniqueId":"1319b8d6-b4d3-cf94-4905-03fe035f7a14"},{"$type":"Sitecore.Commerce.Plugin.Inventory.InventoryInformation, Sitecore.Commerce.Plugin.Inventory","InventorySet":{"$type":"Sitecore.Commerce.Core.EntityReference, Sitecore.Commerce.Core","EntityTarget":"Entity-InventorySet-OttawaStore"},"SellableItem":{"$type":"Sitecore.Commerce.Core.EntityReference, Sitecore.Commerce.Core","EntityTarget":"Entity-SellableItem-8042200"},"Quantity":27,"InvoiceUnitPrice":{"$type":"Sitecore.Commerce.Core.Money, Sitecore.Commerce.Core","CurrencyCode":"USD","Amount":0.0},"DateCreated":"2019-09-19T19:19:59.4162038+00:00","DateUpdated":"2019-10-28T13:58:09.2763644+00:00","FriendlyId":"OttawaStore-8042200","Id":"Entity-InventoryInformation-OttawaStore-8042200","Version":1,"EntityVersion":1,"Published":true,"IsPersisted":true,"UniqueId":"c97b6424-1889-f69e-3200-76726d24234e"},{"$type":"Sitecore.Commerce.Plugin.Inventory.InventoryInformation, Sitecore.Commerce.Plugin.Inventory","InventorySet":{"$type":"Sitecore.Commerce.Core.EntityReference, Sitecore.Commerce.Core","EntityTarget":"Entity-InventorySet-OttawaStore"},"SellableItem":{"$type":"Sitecore.Commerce.Core.EntityReference, Sitecore.Commerce.Core","EntityTarget":"Entity-SellableItem-999"},"Quantity":2,"InvoiceUnitPrice":{"$type":"Sitecore.Commerce.Core.Money, Sitecore.Commerce.Core","CurrencyCode":"USD","Amount":0.0},"DateCreated":"2019-09-19T19:19:59.5412085+00:00","DateUpdated":"2019-10-28T13:58:09.2873981+00:00","FriendlyId":"OttawaStore-999","Id":"Entity-InventoryInformation-OttawaStore-999","Version":1,"EntityVersion":1,"Published":true,"IsPersisted":true,"UniqueId":"d6245fb6-17d1-18f9-f261-d57e42b43894"},{"$type":"Sitecore.Commerce.Plugin.Inventory.InventoryInformation, Sitecore.Commerce.Plugin.Inventory","InventorySet":{"$type":"Sitecore.Commerce.Core.EntityReference, Sitecore.Commerce.Core","EntityTarget":"Entity-InventorySet-OttawaStore"},"SellableItem":{"$type":"Sitecore.Commerce.Core.EntityReference, Sitecore.Commerce.Core","EntityTarget":"Entity-SellableItem-Alba Hydration Pack"},"Quantity":49,"InvoiceUnitPrice":{"$type":"Sitecore.Commerce.Core.Money, Sitecore.Commerce.Core","CurrencyCode":"USD","Amount":0.0},"DateCreated":"2019-09-19T19:19:59.6561998+00:00","DateUpdated":"2019-10-28T13:58:09.272365+00:00","FriendlyId":"OttawaStore-Alba Hydration Pack","Id":"Entity-InventoryInformation-OttawaStore-Alba Hydration Pack","Version":1,"EntityVersion":1,"Published":true,"IsPersisted":true,"UniqueId":"784fb4a4-a8e7-c746-4f35-69afa074da6e"},{"$type":"Sitecore.Commerce.Plugin.Inventory.InventoryInformation, Sitecore.Commerce.Plugin.Inventory","InventorySet":{"$type":"Sitecore.Commerce.Core.EntityReference, Sitecore.Commerce.Core","EntityTarget":"Entity-InventorySet-OttawaStore"},"SellableItem":{"$type":"Sitecore.Commerce.Core.EntityReference, Sitecore.Commerce.Core","EntityTarget":"Entity-SellableItem-Gameday Cool Blue Runners"},"Quantity":14,"InvoiceUnitPrice":{"$type":"Sitecore.Commerce.Core.Money, Sitecore.Commerce.Core","CurrencyCode":"USD","Amount":0.0},"DateCreated":"2019-09-19T19:19:59.7762067+00:00","DateUpdated":"2019-10-28T13:58:09.2763644+00:00","FriendlyId":"OttawaStore-Gameday Cool Blue Runners","Id":"Entity-InventoryInformation-OttawaStore-Gameday Cool Blue Runners","Version":1,"EntityVersion":1,"Published":true,"IsPersisted":true,"UniqueId":"5ce24c4a-05e8-b0bd-bc6d-c5638fa1781d"},{"$type":"Sitecore.Commerce.Plugin.Inventory.InventoryInformation, Sitecore.Commerce.Plugin.Inventory","InventorySet":{"$type":"Sitecore.Commerce.Core.EntityReference, Sitecore.Commerce.Core","EntityTarget":"Entity-InventorySet-OttawaStore"},"SellableItem":{"$type":"Sitecore.Commerce.Core.EntityReference, Sitecore.Commerce.Core","EntityTarget":"Entity-SellableItem-Outrace Silverstream Helmet"},"Quantity":29,"InvoiceUnitPrice":{"$type":"Sitecore.Commerce.Core.Money, Sitecore.Commerce.Core","CurrencyCode":"USD","Amount":0.0},"DateCreated":"2019-09-19T19:19:59.8975965+00:00","DateUpdated":"2019-10-28T13:58:09.2733642+00:00","FriendlyId":"OttawaStore-Outrace Silverstream Helmet","Id":"Entity-InventoryInformation-OttawaStore-Outrace Silverstream Helmet","Version":1,"EntityVersion":1,"Published":true,"IsPersisted":true,"UniqueId":"df74fad2-45bf-bfbc-3aae-0fad1029be7a"},{"$type":"Sitecore.Commerce.Plugin.Inventory.InventoryInformation, Sitecore.Commerce.Plugin.Inventory","InventorySet":{"$type":"Sitecore.Commerce.Core.EntityReference, Sitecore.Commerce.Core","EntityTarget":"Entity-InventorySet-OttawaStore"},"SellableItem":{"$type":"Sitecore.Commerce.Core.EntityReference, Sitecore.Commerce.Core","EntityTarget":"Entity-SellableItem-Outrace Smartphone Navigation Dock"},"Quantity":44,"InvoiceUnitPrice":{"$type":"Sitecore.Commerce.Core.Money, Sitecore.Commerce.Core","CurrencyCode":"USD","Amount":0.0},"DateCreated":"2019-09-19T19:20:00.0225949+00:00","DateUpdated":"2019-10-28T13:58:09.2853676+00:00","FriendlyId":"OttawaStore-Outrace Smartphone Navigation Dock","Id":"Entity-InventoryInformation-OttawaStore-Outrace Smartphone Navigation Dock","Version":1,"EntityVersion":1,"Published":true,"IsPersisted":true,"UniqueId":"ce3072b0-8130-57ed-8e81-c90a04c67ddb"},{"$type":"Sitecore.Commerce.Plugin.Inventory.InventoryInformation, Sitecore.Commerce.Plugin.Inventory","InventorySet":{"$type":"Sitecore.Commerce.Core.EntityReference, Sitecore.Commerce.Core","EntityTarget":"Entity-InventorySet-OttawaStore"},"SellableItem":{"$type":"Sitecore.Commerce.Core.EntityReference, Sitecore.Commerce.Core","EntityTarget":"Entity-SellableItem-Prostaff Professional Complete Golf Club Set"},"Quantity":9,"InvoiceUnitPrice":{"$type":"Sitecore.Commerce.Core.Money, Sitecore.Commerce.Core","CurrencyCode":"USD","Amount":0.0},"DateCreated":"2019-09-19T19:20:00.143606+00:00","DateUpdated":"2019-10-28T13:58:09.2864004+00:00","FriendlyId":"OttawaStore-Prostaff Professional Complete Golf Club Set","Id":"Entity-InventoryInformation-OttawaStore-Prostaff Professional Complete Golf Club Set","Version":1,"EntityVersion":1,"Published":true,"IsPersisted":true,"UniqueId":"546d5b95-a13b-b410-4c09-e46c2b6e44c2"},{"$type":"Sitecore.Commerce.Plugin.Inventory.InventoryInformation, Sitecore.Commerce.Plugin.Inventory","InventorySet":{"$type":"Sitecore.Commerce.Core.EntityReference, Sitecore.Commerce.Core","EntityTarget":"Entity-InventorySet-OttawaStore"},"SellableItem":{"$type":"Sitecore.Commerce.Core.EntityReference, Sitecore.Commerce.Core","EntityTarget":"Entity-SellableItem-Prostaff Professional P1000 Driver"},"Quantity":33,"InvoiceUnitPrice":{"$type":"Sitecore.Commerce.Core.Money, Sitecore.Commerce.Core","CurrencyCode":"USD","Amount":0.0},"DateCreated":"2019-09-19T19:20:00.2556015+00:00","DateUpdated":"2019-10-28T13:58:09.2833653+00:00","FriendlyId":"OttawaStore-Prostaff Professional P1000 Driver","Id":"Entity-InventoryInformation-OttawaStore-Prostaff Professional P1000 Driver","Version":1,"EntityVersion":1,"Published":true,"IsPersisted":true,"UniqueId":"649e560d-1fda-5402-df72-9712507e8309"}]}