{"$type":"System.Collections.Generic.List`1[[Sitecore.Commerce.Core.LocalizationEntity, Sitecore.Commerce.Core]], mscorlib","$values":[{"$type":"Sitecore.Commerce.Core.LocalizationEntity, Sitecore.Commerce.Core","RelatedEntity":{"$type":"Sitecore.Commerce.Core.EntityReference, Sitecore.Commerce.Core","EntityTarget":"Entity-InventorySet-EdmontonStore","EntityTargetUniqueId":"094bd5fb-dfa2-e4b6-61c5-24280259d4d2"},"HasProperties":true,"HasComponentsProperties":false,"Properties":{"$type":"System.Collections.Concurrent.ConcurrentDictionary`2[[System.String, mscorlib],[System.Collections.Generic.List`1[[Sitecore.Commerce.Core.Parameter, Sitecore.Commerce.Core]], mscorlib]], mscorlib","DisplayName":{"$type":"System.Collections.Generic.List`1[[Sitecore.Commerce.Core.Parameter, Sitecore.Commerce.Core]], mscorlib","$values":[{"$type":"Sitecore.Commerce.Core.Parameter, Sitecore.Commerce.Core","Key":"en","Value":"Edmonton Store"}]},"Description":{"$type":"System.Collections.Generic.List`1[[Sitecore.Commerce.Core.Parameter, Sitecore.Commerce.Core]], mscorlib","$values":[{"$type":"Sitecore.Commerce.Core.Parameter, Sitecore.Commerce.Core","Key":"en","Value":"Edmonton Store"}]}},"DateCreated":"2019-09-19T19:18:02.7465268+00:00","DateUpdated":"2019-10-28T13:58:05.407292+00:00","Id":"Entity-LocalizationEntity-InventorySet-EdmontonStore","Version":1,"EntityVersion":1,"Published":true,"IsPersisted":true,"UniqueId":"de9323b5-0fc4-8568-33a1-7a536676478d"},{"$type":"Sitecore.Commerce.Core.LocalizationEntity, Sitecore.Commerce.Core","RelatedEntity":{"$type":"Sitecore.Commerce.Core.EntityReference, Sitecore.Commerce.Core","EntityTarget":"Entity-InventorySet-OttawaStore","EntityTargetUniqueId":"acbbd00a-c479-aa4e-9a47-f49825dd228b"},"HasProperties":true,"HasComponentsProperties":false,"Properties":{"$type":"System.Collections.Concurrent.ConcurrentDictionary`2[[System.String, mscorlib],[System.Collections.Generic.List`1[[Sitecore.Commerce.Core.Parameter, Sitecore.Commerce.Core]], mscorlib]], mscorlib","DisplayName":{"$type":"System.Collections.Generic.List`1[[Sitecore.Commerce.Core.Parameter, Sitecore.Commerce.Core]], mscorlib","$values":[{"$type":"Sitecore.Commerce.Core.Parameter, Sitecore.Commerce.Core","Key":"en","Value":"Ottawa Store"}]},"Description":{"$type":"System.Collections.Generic.List`1[[Sitecore.Commerce.Core.Parameter, Sitecore.Commerce.Core]], mscorlib","$values":[{"$type":"Sitecore.Commerce.Core.Parameter, Sitecore.Commerce.Core","Key":"en","Value":"Ottawa Store"}]}},"DateCreated":"2019-09-19T19:18:02.7885257+00:00","DateUpdated":"2019-10-28T13:58:05.4082414+00:00","Id":"Entity-LocalizationEntity-InventorySet-OttawaStore","Version":1,"EntityVersion":1,"Published":true,"IsPersisted":true,"UniqueId":"668d473f-9e7e-b6ed-5637-b19abd849443"}]}